customer_id,name,segment,city,state
C00001,Mr. Christopher Watkins,Regular,New Shawn,Connecticut
C00002,Dr. Derek Miller,Regular,Brendamouth,Michigan
C00003,Mary Michael,Regular,Holtmouth,Michigan
C00004,William Herrera,Budget,North Rachel,Wyoming
C00005,Brian Porter,Regular,Lake Pam,Massachusetts
C00006,Lauren Wood,Regular,Bakerton,Illinois
C00007,Mary James,Regular,New Ashley,Missouri
C00008,Jacob Edwards,Regular,Nelsonview,Virginia
C00009,Ashley Williams,Budget,New Lindastad,Nebraska
C00010,Angela Patel,Regular,North Kimberly,Tennessee
C00011,Rebecca Bartlett,Regular,Port Thomasfort,Maine
C00012,Jennifer Hudson,Regular,Lake Johnville,Nebraska
C00013,Kimberly Flores,Regular,Gilbertville,New York
C00014,Jennifer Rodriguez,Regular,Bryanstad,Utah
C00015,Mark Hudson,Regular,East Lisaside,Utah
C00016,Lisa Ware,Regular,Kevinbury,Wyoming
C00017,Steven Cortez,Budget,Franklinburgh,Maryland
C00018,James Wheeler,Regular,West Elizabeth,North Dakota
C00019,Jessica Howell,Regular,Port Thomas,West Virginia
C00020,Jennifer Fuller,Budget,Onealshire,Arkansas
C00021,Julia Ashley,Budget,Munozview,Iowa
C00022,Stacy Gay,Regular,Parkerchester,California
C00023,Gabriella Morris,Budget,Humphreyland,Ohio
C00024,Elizabeth Davis,Budget,West Crystalchester,Louisiana
C00025,Donald Hurley,Regular,Tylerberg,Wyoming
C00026,Jessica Camacho,Regular,Jeremyview,Ohio
C00027,Gina Floyd,Regular,Wellshaven,Hawaii
C00028,Juan Fleming,Budget,Kennethtown,Washington
C00029,Sheila Austin,Budget,East Raymond,New Jersey
C00030,Erik Stevens,Regular,West Matthew,Colorado
C00031,Adrienne Thomas,Regular,Johnsonfort,New Hampshire
C00032,Anna Thompson,Regular,Ramirezburgh,Louisiana
C00033,Jeffrey Wallace,Regular,East Lindachester,New Jersey
C00034,Lisa Wilson,Budget,Mcfarlandfort,Arizona
C00035,Jimmy King,Budget,Lake Henryborough,Georgia
C00036,Edward James,Regular,East Ryanshire,Rhode Island
C00037,Scott Vasquez,Budget,South Jenniferton,Iowa
C00038,Brett Smith,Regular,South Davidshire,Oklahoma
C00039,Cynthia Joyce,Regular,West Carolineberg,Florida
C00040,Eduardo Holder,Regular,West Madeline,Illinois
C00041,Kristie Mckinney,Regular,South Alberthaven,Indiana
C00042,David Webb,Premium,Harringtonstad,New Hampshire
C00043,Stephen Gonzalez,Regular,West Cherylhaven,Nebraska
C00044,Brenda Rodriguez,Premium,Thomasside,Missouri
C00045,Randall Rice,Regular,Mariastad,Wisconsin
C00046,Justin Sanford,Budget,Scottland,Minnesota
C00047,Lisa Jones,Regular,New Christopher,Utah
C00048,Andrew Dixon,Regular,East Susan,Oregon
C00049,Lauren Price,Premium,South Dawn,Alabama
C00050,Michael Turner,Regular,West Brenda,Tennessee
C00051,John Harrison,Premium,Port Melanie,Kentucky
C00052,Walter Fox,Budget,Barnesville,New Jersey
C00053,Christine Macias,Regular,Joseton,Michigan
C00054,Matthew Hill,Regular,East Cynthialand,Mississippi
C00055,Deborah Myers,Regular,Millerchester,New Hampshire
C00056,Kathleen Ellis,Regular,New Kelli,Hawaii
C00057,Jordan Richardson,Regular,Garcialand,Oregon
C00058,Haley Howard,Regular,South Crystal,Texas
C00059,Anne Garza,Regular,West Coryland,Wisconsin
C00060,Daniel Cardenas,Regular,West Crystal,Oklahoma
C00061,Dylan Dixon,Regular,Laurashire,Hawaii
C00062,Julia Huang,Regular,Michaelton,California
C00063,Karla Wolfe,Regular,Christineside,Illinois
C00064,Hailey Fox,Regular,Barreraborough,Florida
C00065,Brittany Medina,Budget,North Christopherchester,Nevada
C00066,Kimberly Gentry,Regular,Davidstad,Tennessee
C00067,Jennifer Miles,Regular,Coleborough,California
C00068,David Massey,Regular,Martinview,Alabama
C00069,William Harrington,Regular,Dakotatown,California
C00070,Shawn Johnson,Regular,Maryberg,Iowa
C00071,Mr. Timothy Dominguez PhD,Premium,Romeroburgh,Rhode Island
C00072,Jose Velasquez,Budget,East Denise,Mississippi
C00073,Megan Wilson,Budget,Sampsonland,Montana
C00074,Robert Leach,Regular,New Brett,Georgia
C00075,Michael Williams,Regular,Cooktown,California
C00076,Gregory Orozco,Regular,West Lindseyfurt,Idaho
C00077,Megan Lopez,Premium,West David,Pennsylvania
C00078,Jasmine Miller,Regular,Richardhaven,Arkansas
C00079,Alisha Sanders,Regular,North Margaretfort,Alaska
C00080,Crystal Dawson,Budget,North Bobbyview,Connecticut
C00081,William Cherry,Regular,East Alyssahaven,Connecticut
C00082,Ashley Woodward,Regular,Dayborough,Ohio
C00083,Brenda Wise,Budget,Lake Brandon,New Mexico
C00084,Virginia Young,Budget,Port Lisaport,Delaware
C00085,Robin Taylor,Regular,Andreatown,Ohio
C00086,Angel Baker,Premium,Justinview,Nebraska
C00087,Kimberly Baldwin,Regular,Jessicafort,Florida
C00088,Amanda Bolton,Budget,West Victor,Tennessee
C00089,Maria Curtis,Regular,Wagnermouth,Illinois
C00090,John Donovan,Regular,East Randallland,Nevada
C00091,Jimmy Sanders,Regular,East Anneberg,Delaware
C00092,Brian Blair,Regular,Davidborough,Iowa
C00093,Logan Flores,Regular,Weissport,Michigan
C00094,Cynthia Gilbert,Budget,Claytontown,Kentucky
C00095,Carolyn Wilson,Regular,Spencerfurt,Kentucky
C00096,Ernest Reid,Regular,Anthonyville,Illinois
C00097,Angela Wise,Regular,Lake Jason,Washington
C00098,John Kirby,Regular,Rodneyport,Arizona
C00099,Alvin Jones,Regular,West Sabrina,Massachusetts
C00100,Angela Calderon,Regular,East Calebton,California
C00101,Maria Rogers,Regular,Martinfurt,Arizona
C00102,Julia Taylor,Regular,Port Sarahfort,Alaska
C00103,Geoffrey Smith,Regular,Curtisstad,New Hampshire
C00104,Clayton Smith,Premium,Stephenburgh,Louisiana
C00105,Kevin Mays,Budget,Nancyshire,Georgia
C00106,Patrick Boyd,Budget,South Todd,New Hampshire
C00107,Madison Simpson,Regular,North Matthew,Maine
C00108,Richard Moody Jr.,Budget,New Felicialand,New Mexico
C00109,Brittany Mills,Regular,Melendezhaven,Oklahoma
C00110,Philip Escobar,Budget,Rosstown,Rhode Island
C00111,Bonnie Butler,Regular,West Sandra,New Jersey
C00112,Cody Thompson,Regular,New Johnside,Nebraska
C00113,Kathleen Gould,Regular,Garciachester,Arkansas
C00114,Ashley Bennett,Premium,Antoniohaven,North Dakota
C00115,Mark Taylor,Regular,Gregside,Ohio
C00116,Julie Pruitt,Regular,South Patricia,Louisiana
C00117,Christopher Smith,Regular,Lake Richardport,Alabama
C00118,Michael Holder,Regular,East Deanberg,Kansas
C00119,Justin Peterson,Budget,Paulside,Utah
C00120,Ashley Jones,Regular,West Jasonport,Utah
C00121,Anthony Olson,Regular,Toddville,Rhode Island
C00122,Christopher Lewis,Budget,New Sylvia,Colorado
C00123,Jennifer Norman,Regular,Cardenasmouth,Vermont
C00124,Ethan Grimes,Regular,Sullivanmouth,Delaware
C00125,David Miller,Budget,Lake Austin,Georgia
C00126,Rhonda Chan,Regular,South Douglasfurt,Nevada
C00127,Rebecca Garcia,Regular,Patriciaport,Utah
C00128,Brandon Williams,Regular,Jacobhaven,Kentucky
C00129,Jamie Barr,Regular,New Sheilaport,Arkansas
C00130,Alexandra Robinson,Regular,Garyton,Virginia
C00131,Joseph Washington,Regular,Longland,Mississippi
C00132,Kyle Lane,Regular,Debrabury,West Virginia
C00133,Sheryl Hernandez,Regular,Phelpsstad,Pennsylvania
C00134,Alison Reed,Regular,Cervanteston,Delaware
C00135,James Robinson,Regular,Taylorfort,Idaho
C00136,Mr. Christopher Rose,Budget,Petersonstad,New Hampshire
C00137,Robin Stewart,Regular,Michaelview,North Dakota
C00138,William Johnson,Budget,Arianaside,Missouri
C00139,Ashley Harris,Regular,South Jessica,Alabama
C00140,Susan Baker,Regular,Gutierrezfort,Louisiana
C00141,Yolanda Edwards,Regular,Donaldshire,Minnesota
C00142,Margaret Sims,Regular,Jackchester,Delaware
C00143,Sheri Brooks,Regular,North Pamela,Alabama
C00144,Edward Barnes,Regular,West William,Florida
C00145,Katrina Jones,Regular,North Brian,Georgia
C00146,Kelly Crawford,Regular,South Phillip,Rhode Island
C00147,Misty Buckley,Premium,South Gregory,South Dakota
C00148,Dana Alexander,Regular,East Susanmouth,Pennsylvania
C00149,Jessica Richardson,Regular,Solisberg,Colorado
C00150,Natalie Murillo,Budget,Marthachester,Nevada
C00151,Scott Pineda,Budget,North Sara,Iowa
C00152,Brittany Cross,Regular,Sharonburgh,North Dakota
C00153,Larry Lee,Regular,Dustinshire,Washington
C00154,Brittany Powers,Regular,Martinburgh,Mississippi
C00155,Albert Cooper,Regular,Clarkbury,Kentucky
C00156,Mark Walter,Premium,Griffinfort,Connecticut
C00157,Annette Fox,Premium,East Nicoleville,Idaho
C00158,Stephanie Robles,Budget,Elizabethshire,Ohio
C00159,Gregory Cordova,Regular,South Lesliestad,North Carolina
C00160,Whitney Lindsey,Regular,Fordview,Alabama
C00161,Peter Jimenez,Regular,Marieberg,North Dakota
C00162,Tracy Russell,Regular,South Jameshaven,North Carolina
C00163,Troy Simon,Regular,Michaelview,New York
C00164,Anthony Austin,Regular,Richardfort,Kentucky
C00165,Alison Bell,Regular,West Debraton,Tennessee
C00166,Maria Frost,Regular,South Heather,Nevada
C00167,Tammy Holmes,Budget,North Lisa,Nebraska
C00168,Kimberly Castro,Regular,Allisonland,Mississippi
C00169,Christopher Villarreal,Regular,Lake Kevin,North Carolina
C00170,Jacob Cox,Premium,Cisnerosburgh,Massachusetts
C00171,Terri Lopez,Budget,South Amyport,New Hampshire
C00172,Daniel Turner,Regular,North Shelleyhaven,North Carolina
C00173,Joseph Miller,Regular,Melissamouth,Nevada
C00174,Julia Dixon,Regular,Lake Zacharyland,Rhode Island
C00175,Drew Moore,Regular,Rothchester,Arkansas
C00176,Jordan Benitez,Regular,Eddiechester,Arizona
C00177,Lori Maynard,Regular,Port Terranceberg,Michigan
C00178,Derrick Reeves,Regular,New Ronald,Tennessee
C00179,Tammy Anderson,Regular,New Amanda,New Hampshire
C00180,Christopher Dixon,Regular,Robertmouth,Washington
C00181,Billy Mitchell MD,Regular,Floresbury,Colorado
C00182,Zachary Wilson,Regular,New Shannon,Kansas
C00183,Rhonda Black,Premium,West Christopher,Louisiana
C00184,Carla Davis,Regular,Kendraborough,Nevada
C00185,Kathleen Anderson,Regular,East Shannon,Arizona
C00186,Diane Williams,Budget,Littleborough,Kentucky
C00187,Sarah Thompson,Regular,New James,California
C00188,Holly Gillespie,Regular,Perryhaven,Connecticut
C00189,Amy Kerr,Regular,West Kathleen,Arkansas
C00190,Sandra Roy,Premium,Christophershire,South Carolina
C00191,Alexis Moore,Regular,Rodgersville,Montana
C00192,Michelle Garza DVM,Budget,Rossbury,Iowa
C00193,Laura Zuniga,Premium,North Rachel,California
C00194,Karen Gilbert,Premium,Contrerasfort,Rhode Island
C00195,Beverly Wilkinson,Premium,West Jerry,Pennsylvania
C00196,Cory Bailey,Regular,North Robertton,Texas
C00197,Jenny Choi,Regular,Port Jonathan,New York
C00198,Kara Horn,Regular,Garyton,Louisiana
C00199,Allison Aguirre,Regular,West Denisehaven,Alabama
C00200,Elizabeth Medina,Premium,Tracyfort,Michigan
C00201,Nancy Nguyen,Regular,Robertport,Maine
C00202,Joseph Reeves,Regular,West Calvin,Oklahoma
C00203,Brandon Davis,Regular,Ramirezville,Kansas
C00204,Brandi Haynes,Premium,New Wendy,Kansas
C00205,Joshua Munoz,Regular,Jamiemouth,Washington
C00206,Taylor Turner,Premium,Quinnshire,Kentucky
C00207,Joseph Daniels,Regular,Markville,Missouri
C00208,John Peterson,Regular,Juliaborough,Nebraska
C00209,Aaron Mcintyre,Regular,Wilsonview,Ohio
C00210,Mark Salas,Regular,North Melissa,West Virginia
C00211,Lucas Henderson,Regular,Owensfurt,Colorado
C00212,Jessica Clark,Premium,Andrewsport,Kansas
C00213,Dr. Andrea Wolfe,Regular,Port Ethanstad,Nevada
C00214,Shawn Webb,Regular,West Whitney,Florida
C00215,Elizabeth Saunders,Regular,East Lisa,Ohio
C00216,Anna Green,Regular,Lake Deborahton,Maine
C00217,Karen Butler,Regular,Andreamouth,Nebraska
C00218,Jeffery Robinson,Budget,Jeffreychester,Pennsylvania
C00219,Joshua Yoder,Budget,West Crystal,Georgia
C00220,Julie Frederick,Regular,West Jennifer,New Mexico
C00221,Tricia Thompson,Budget,Port Shanefurt,Delaware
C00222,Emily Johnson,Regular,Port Melissaville,Montana
C00223,Karen Terry,Regular,Millerview,Missouri
C00224,Matthew Scott,Regular,Juliemouth,Missouri
C00225,Brian Berry,Regular,Thompsonport,Michigan
C00226,Regina Thompson,Budget,West Jennifermouth,Maine
C00227,John Powell,Budget,Elizabethside,New Jersey
C00228,Andrew Dean,Regular,Port Alyssaberg,Wyoming
C00229,Carl Craig,Regular,Brendaside,Arkansas
C00230,Mary Nelson,Regular,North Lisa,Tennessee
C00231,Jeanette Hernandez,Budget,West Davidtown,Pennsylvania
C00232,Ellen Acevedo,Regular,Lake James,South Carolina
C00233,Sean Stone,Regular,Harrismouth,Oklahoma
C00234,Scott Peterson,Budget,Parsonsburgh,Louisiana
C00235,Sarah Keith,Regular,South Kyleberg,Kentucky
C00236,Abigail Ramirez,Regular,East Michael,Illinois
C00237,Gordon Velez,Regular,Loganchester,Massachusetts
C00238,Mary Curry,Regular,Hebertmouth,Virginia
C00239,Mrs. Sara Strong,Regular,West Brianstad,South Dakota
C00240,Elizabeth Newman,Regular,Scottmouth,Wyoming
C00241,Angela Collins,Regular,Ryanbury,Virginia
C00242,Donna Conley,Regular,Sellersberg,Wyoming
C00243,Jonathan Nelson,Regular,Velasquezfurt,Texas
C00244,Jean Nguyen,Regular,Williamsland,Alabama
C00245,Billy Shah,Budget,Garytown,Missouri
C00246,Ryan Patton,Budget,South John,Alabama
C00247,Ronnie Weaver,Regular,Bennetttown,Idaho
C00248,Angel Collins,Regular,Port Amanda,Maryland
C00249,Mary Griffin,Budget,Port Joshuahaven,Texas
C00250,Claire Price,Regular,Lake Kayla,Illinois
C00251,Cole Garcia,Regular,North Victoria,California
C00252,Victoria Ellison,Regular,Port Tonyland,Maine
C00253,Cynthia Martinez,Regular,Martinmouth,Wyoming
C00254,Meghan Barnett,Premium,East Alyssa,Utah
C00255,Michael Bean,Regular,South Phillip,Texas
C00256,Melody Hernandez,Regular,Patriciaberg,Nevada
C00257,Kimberly Wood,Regular,Coreyburgh,Illinois
C00258,Gary Powell,Regular,Port Brandonmouth,New York
C00259,Troy Mccormick,Regular,West Margaretfort,Montana
C00260,Jared Durham,Budget,Juliemouth,Kentucky
C00261,Jason Hernandez,Regular,West Daniel,Colorado
C00262,Robert Miller,Budget,Millermouth,California
C00263,Kristy Vargas,Regular,Michealville,Texas
C00264,John Willis,Premium,Shawside,Oklahoma
C00265,Heather Hopkins,Regular,East Justinburgh,Washington
C00266,Jacob Freeman,Budget,Ashleyview,Michigan
C00267,Danielle Baker,Premium,Hoffmanfort,Connecticut
C00268,Sarah Andrews,Regular,Mcdanielmouth,Alaska
C00269,Sandra Horton,Premium,Huynhfurt,Virginia
C00270,Megan Watts,Regular,Tammyville,Wisconsin
C00271,Eric Bennett,Premium,Staceychester,Alabama
C00272,Jason Shaffer,Regular,Lake Davidfurt,Minnesota
C00273,John Hutchinson,Budget,Lake Calvin,Ohio
C00274,Jeffrey Rodriguez,Regular,North Kirstenstad,South Dakota
C00275,Lisa Luna DDS,Regular,South Michaelmouth,Maine
C00276,Joe Santana,Regular,Turnermouth,Colorado
C00277,Amber Jones,Regular,East Amybury,Iowa
C00278,Brandon Miller,Regular,East Aliciastad,Tennessee
C00279,Paige Weber,Regular,Port Williamborough,Washington
C00280,Aimee Archer,Regular,Allenburgh,Nevada
C00281,Martha Clark,Regular,New Alantown,West Virginia
C00282,Laura Christensen,Regular,West Williambury,Louisiana
C00283,Jessica Porter,Regular,Port Maria,South Carolina
C00284,Jerry Stafford,Regular,Smithfurt,Montana
C00285,Tiffany Perry,Regular,Port Nicholasburgh,Florida
C00286,Elizabeth Alexander,Regular,Christianchester,Indiana
C00287,John Mahoney,Regular,Davismouth,Oklahoma
C00288,Stephanie Chavez,Premium,North Christopherberg,Arizona
C00289,Shawn Chambers,Regular,New Charlesborough,Mississippi
C00290,Katherine Klein,Regular,Castillofurt,Alaska
C00291,Laura Hampton,Premium,Howelltown,Alabama
C00292,Jasmine Lewis,Regular,Victoriatown,Pennsylvania
C00293,Ryan Soto,Regular,Johnberg,Hawaii
C00294,Jeremy Love,Premium,Lake Joseph,Rhode Island
C00295,Charles Hunt,Budget,Myersshire,Nebraska
C00296,Michael Soto,Regular,East Jessicamouth,South Dakota
C00297,Sarah Fernandez,Regular,Kellyberg,Oklahoma
C00298,James Porter,Budget,Jenniferland,Wisconsin
C00299,Gregory Richmond,Regular,Loriville,Wyoming
C00300,Francisco Mooney,Regular,Leport,Virginia
C00301,Johnny Mills,Budget,Robinside,Georgia
C00302,Brittany Dixon,Budget,South Corey,South Carolina
C00303,Brittany Chambers,Regular,North Kimberly,Kansas
C00304,Sherry Fields,Regular,South Laurie,Delaware
C00305,Donald Fletcher,Regular,Port Michael,Texas
C00306,Yvette Weiss,Premium,Turnershire,Illinois
C00307,Melissa Nelson,Regular,Lake John,Tennessee
C00308,Patricia Vasquez,Regular,Jeffreyburgh,Kentucky
C00309,Travis Mclaughlin,Budget,Lake Scottville,Tennessee
C00310,Danielle Ramos,Budget,South Jill,Vermont
C00311,Jennifer Holmes,Regular,West Danielle,Rhode Island
C00312,Denise Jones,Regular,Port Deborahtown,Alaska
C00313,Kim Gibson,Budget,Coltonland,Nebraska
C00314,John Ruiz,Budget,Moorefurt,Tennessee
C00315,Susan Martinez,Budget,Lake Ann,California
C00316,Jim Adkins,Regular,North Amyport,Hawaii
C00317,Stephanie Morales,Regular,Port Dawn,Alabama
C00318,Michelle Lopez,Budget,Port Nathanieltown,Wisconsin
C00319,Mary Cole MD,Regular,Port Nicholasbury,Iowa
C00320,James Keith,Regular,South Jamieland,Texas
C00321,Monica West,Regular,West Catherine,South Carolina
C00322,Tammy Wheeler,Regular,Jamesburgh,Georgia
C00323,Deborah Wood,Regular,Thomasbury,Michigan
C00324,Christopher Clay,Regular,Lewisland,California
C00325,Robert Guzman,Regular,South Mark,Nebraska
C00326,Natasha Howard,Budget,Thompsontown,Vermont
C00327,Patrick Green,Regular,South Samanthaberg,Oregon
C00328,Richard Armstrong,Regular,Evansport,Nevada
C00329,Trevor Curry,Regular,West Melissa,Hawaii
C00330,Kimberly Chambers,Regular,Harrisfort,Connecticut
C00331,Christina Briggs,Regular,Lake Martinfurt,Maine
C00332,Jaime Robles,Regular,North Kathryn,Indiana
C00333,Bethany Sanders,Premium,North Keith,North Dakota
C00334,Elizabeth Erickson,Regular,Lake Jeanette,Kentucky
C00335,Margaret Osborn,Regular,New Dean,Louisiana
C00336,Nancy Arnold,Regular,Lake Matthew,Washington
C00337,Kathryn Nixon MD,Regular,South Jessica,Arizona
C00338,Andres Underwood,Regular,East Kaitlin,South Dakota
C00339,Cole Stewart,Regular,Norrisland,Vermont
C00340,Donald Lewis,Budget,Trevorshire,Wyoming
C00341,Jamie Holmes,Regular,Monicashire,Hawaii
C00342,Edgar Phillips,Premium,New Thomas,Hawaii
C00343,Tara Parker,Regular,Smithview,Indiana
C00344,Phillip Jensen,Budget,East James,Maryland
C00345,Victoria Clayton,Budget,Joanneport,Indiana
C00346,Theresa Bell,Premium,West John,Maryland
C00347,Albert Werner,Regular,North Tracyfort,Indiana
C00348,Patrick Oliver,Regular,Cynthiashire,Florida
C00349,Denise Williams,Regular,North Jessica,Missouri
C00350,Michael Hall,Regular,New Derrick,Delaware
C00351,Michael Sanchez,Regular,Oconnellton,Louisiana
C00352,Robert Henry,Budget,Richardsonborough,Florida
C00353,Sophia Jones,Regular,New Diane,Alaska
C00354,David Hopkins,Regular,Annland,Hawaii
C00355,Donna Bradshaw,Premium,New Chadton,Connecticut
C00356,Ethan Miller Jr.,Regular,East Christina,Wisconsin
C00357,Deborah Stewart,Regular,South Kyle,Minnesota
C00358,Jennifer Wilkerson,Budget,Bridgetmouth,Wyoming
C00359,Mr. Nicholas Baker,Regular,North Kevin,Massachusetts
C00360,Elizabeth Harding,Regular,Richardsonton,Illinois
C00361,Jose Moore,Regular,Smithville,Pennsylvania
C00362,Cody Pham,Regular,Debratown,Pennsylvania
C00363,Andrea Young,Regular,East Samantha,Missouri
C00364,Alejandra Roth,Regular,Davidchester,Nevada
C00365,Troy Rodriguez,Budget,Angelafort,Pennsylvania
C00366,Dennis Dunlap,Regular,West Aaron,Montana
C00367,Michelle Gonzalez,Regular,East Janet,Wisconsin
C00368,Ashley Ayala,Regular,East Pamela,Arkansas
C00369,Andrew Garcia,Budget,East Raymond,Florida
C00370,Karen Ball,Regular,Gonzalezchester,Connecticut
C00371,Chase Fisher,Regular,Johnsonberg,Idaho
C00372,Dustin Palmer DVM,Budget,New Rebecca,Wisconsin
C00373,Ryan Schmidt,Budget,Port Steven,Wisconsin
C00374,Jeffrey Watkins,Regular,Vargasberg,Ohio
C00375,Jeffrey Foley,Premium,Hansenburgh,Texas
C00376,Dean White,Regular,Hubbardbury,Michigan
C00377,Robert Williams,Regular,Port Denise,Alaska
C00378,Anthony Davis Jr.,Premium,Garytown,Kansas
C00379,Crystal Case,Regular,Lake Debbieshire,Arizona
C00380,Lauren Crawford,Regular,Port Scottmouth,New Jersey
C00381,Tanya Rivera,Regular,Christophershire,Alaska
C00382,Mrs. Jordan Martin,Regular,Kristenville,Tennessee
C00383,Martha Jefferson,Regular,New Jameston,Kentucky
C00384,Louis Brown,Budget,Jenniferport,Arizona
C00385,Lonnie Valdez,Budget,Alexanderview,California
C00386,Debra Mitchell,Budget,Lake Kellyfurt,Arizona
C00387,Franklin Lee,Regular,Grahamville,New Jersey
C00388,Scott Bailey,Regular,East Allisonchester,New Jersey
C00389,Justin Buckley,Budget,Port Nathan,Iowa
C00390,Todd Mills,Regular,Natalieberg,Tennessee
C00391,Tracy Cain,Regular,Hannahburgh,Hawaii
C00392,Tony Bender,Regular,Jasonburgh,Missouri
C00393,Roberta Harmon,Regular,Andreafort,Colorado
C00394,Dustin Taylor,Regular,West Sarahstad,Arizona
C00395,Dr. Laura Myers,Regular,Port Kelly,North Dakota
C00396,Amy Evans,Regular,Lake Lisa,North Carolina
C00397,Kathleen Perry,Regular,Robertshire,Michigan
C00398,Wendy Curtis,Regular,South Juan,Missouri
C00399,Tiffany Freeman,Regular,Makaylachester,Idaho
C00400,Donald Smith,Regular,Scottmouth,Oklahoma
C00401,Dennis Carpenter,Regular,Kellyhaven,South Carolina
C00402,Tammy Guzman,Regular,New Ryan,North Carolina
C00403,James Brown,Budget,Sullivanshire,Arkansas
C00404,Samuel Cortez,Regular,Johnsonmouth,New York
C00405,Melanie Robinson,Regular,Orozcoville,Vermont
C00406,Curtis Carlson,Regular,East Cassandra,Nebraska
C00407,Lindsey Stewart,Regular,New Mario,Iowa
C00408,Tina Garrett,Regular,Williamsshire,Pennsylvania
C00409,Derrick Whitehead,Regular,West Jason,Louisiana
C00410,Martin Montoya,Premium,Mckayton,Vermont
C00411,Kristina Mckinney,Premium,Murphymouth,Connecticut
C00412,Stephen Rivera,Regular,North Marthaside,Nevada
C00413,Alejandro Moore,Regular,North Christopherville,Washington
C00414,Debra Franco,Regular,Markberg,Texas
C00415,Charles Nelson,Regular,South Katrina,Alabama
C00416,John Adams,Budget,West Angela,Colorado
C00417,Peter Adkins,Regular,Greggside,Arizona
C00418,John Brown,Regular,Hillberg,North Carolina
C00419,Stephen Bass,Regular,Seanfurt,Missouri
C00420,Tamara Ryan,Regular,Allisonfurt,Arizona
C00421,Kevin Carroll,Budget,East Christopher,Delaware
C00422,Brian Lucas,Regular,South Stevenchester,Utah
C00423,Mr. Dustin Mills MD,Premium,New Jenniferberg,Alaska
C00424,Joyce Valencia,Regular,Mcculloughmouth,Vermont
C00425,Joshua Woodward,Budget,Mooneytown,North Dakota
C00426,Kyle Glass,Regular,Georgeside,Michigan
C00427,Travis Kelley MD,Regular,Villarrealfurt,Minnesota
C00428,Debra Larson,Budget,Andersonton,California
C00429,Jennifer Macias,Budget,Lake Katherineton,Nebraska
C00430,Steven Dean,Regular,Patriciamouth,North Dakota
C00431,Maria Boyer,Budget,Lake Dianeland,Montana
C00432,Thomas Smith,Regular,Melissaview,Michigan
C00433,Tom Gonzalez,Budget,South Jeffreychester,Maryland
C00434,Cynthia Lopez,Regular,Jeffreytown,Washington
C00435,Ryan Hawkins,Premium,Hurstchester,Montana
C00436,Mr. Thomas Allen MD,Budget,Port Sean,Colorado
C00437,Christopher Gordon,Regular,North Dan,Vermont
C00438,Brian Douglas,Regular,South Samantha,Kentucky
C00439,Jacqueline Valencia,Regular,East Rebeccafort,New Mexico
C00440,Michelle Garcia,Regular,North Dianehaven,Florida
C00441,Duane Thompson,Regular,New Michael,Washington
C00442,Melissa Valentine,Regular,Dwaynetown,Indiana
C00443,Courtney Gonzalez,Regular,South Arthurhaven,New Hampshire
C00444,Linda Williams,Budget,West Brian,Michigan
C00445,Michael Barnett,Budget,North Aaron,Maine
C00446,Linda Williams,Premium,Sarahshire,Nevada
C00447,Mr. Maurice Parsons III,Regular,North Jimmy,Louisiana
C00448,Michael Jones,Budget,Brianabury,North Dakota
C00449,Daniel Evans,Regular,Aaronhaven,Michigan
C00450,Steven Mccullough,Budget,Lake Trevor,Nevada
C00451,Troy James,Regular,Hernandezborough,New Hampshire
C00452,Samuel Brandt,Regular,Floresborough,New Hampshire
C00453,Clinton Smith,Premium,Mooreside,Florida
C00454,Robert Clark,Regular,Lake David,West Virginia
C00455,Karen Hall,Regular,Johnsonside,Nebraska
C00456,Kathleen Jackson,Budget,West Jeffreyberg,Utah
C00457,Mr. Cristian Grant,Regular,Adamston,New Mexico
C00458,Richard Brown,Regular,Ericksonville,Arkansas
C00459,Joseph Hicks,Budget,Lewishaven,Oregon
C00460,Samuel Castillo,Regular,Rickybury,Texas
C00461,Roger Ortiz,Budget,Monicaview,Nevada
C00462,Angela Moss,Budget,Hopkinsburgh,Utah
C00463,Karen White,Regular,Riggsport,Virginia
C00464,Judy Reed,Regular,West Stevenmouth,Tennessee
C00465,Sierra Jensen,Budget,Robinsonchester,Kentucky
C00466,Phyllis Fisher,Regular,Charlesborough,Arizona
C00467,Andrew Pacheco,Regular,Saundersburgh,Georgia
C00468,Barbara Mitchell,Regular,South Kevin,Washington
C00469,Adam Wagner,Regular,West Andrea,Hawaii
C00470,Lori Miller,Regular,Evanhaven,Vermont
C00471,Robert Hunt,Budget,Lake Briannaport,Delaware
C00472,Jose Martin,Regular,Baileyland,Arkansas
C00473,James Johnson,Regular,Katelynhaven,Colorado
C00474,Kristie Edwards,Budget,Anthonystad,Pennsylvania
C00475,Shelley Weiss,Regular,North Bryan,Kentucky
C00476,Jordan Perry,Regular,Angelachester,Tennessee
C00477,Corey Barrett,Regular,West Stephanie,Alabama
C00478,Jacob Ferguson,Regular,Lake Christian,Georgia
C00479,Alexander Williams MD,Regular,Valerieville,Texas
C00480,Steven Massey,Budget,West Brent,Nevada
C00481,Cathy Cooper,Regular,Williamsstad,Hawaii
C00482,Joshua Williams,Regular,Osbornebury,Colorado
C00483,Christopher West,Regular,Port Edward,New Hampshire
C00484,Mark Johnson,Premium,Lake Jennifer,South Carolina
C00485,Anthony Henry,Regular,New Jameston,Wisconsin
C00486,Christopher Burke,Regular,Omarmouth,Illinois
C00487,Barbara Ryan,Regular,North Hannah,New Hampshire
C00488,Richard Oconnor,Budget,East Kathy,Pennsylvania
C00489,Alexandra Harris,Premium,Loriberg,Minnesota
C00490,Kara Stein,Budget,Port Spencer,North Carolina
C00491,Rachel Kaufman,Regular,South Chasefort,Pennsylvania
C00492,Lisa Peterson,Regular,Higginston,Pennsylvania
C00493,Kathleen Johnson,Regular,West Tonya,California
C00494,James Merritt,Regular,Kevinborough,California
C00495,Suzanne Meyers,Regular,Coxmouth,Texas
C00496,Holly Lowe,Regular,Michelleborough,Vermont
C00497,Angela Ward,Regular,Westland,Oregon
C00498,Paul Reilly,Budget,Port Paulbury,New Mexico
C00499,Paul Dixon,Regular,Patriciaberg,Georgia
C00500,Patricia Lindsey,Regular,South Sylviaside,Iowa
C00501,Travis Jackson,Premium,East Amanda,Maryland
C00502,Michael Ruiz,Budget,Aprilfurt,Arizona
C00503,Megan Day,Regular,West Michaelfurt,Alabama
C00504,Chris Glenn,Regular,Riversfort,New York
C00505,Curtis Stanley,Regular,Williamsshire,New Mexico
C00506,Isaac Santos,Regular,West Melissa,Oklahoma
C00507,Bobby Clements,Premium,Brownhaven,Delaware
C00508,Peter Mack,Regular,Garciaberg,Virginia
C00509,Holly Brown MD,Regular,Coxshire,New Hampshire
C00510,Mark Rodriguez,Regular,Ianburgh,West Virginia
C00511,Theresa Thomas,Premium,Thomasmouth,West Virginia
C00512,Michael Mcbride,Regular,Elizabethchester,Arkansas
C00513,Harold Schultz,Regular,Marksview,New Jersey
C00514,Janice Cook,Budget,Floresburgh,Maryland
C00515,Eileen Kelly,Regular,Brianfort,Tennessee
C00516,James Thomas,Regular,Kelleyside,Pennsylvania
C00517,Christopher Dunn,Budget,East Jamesshire,Georgia
C00518,Nathan Taylor,Regular,Williamsburgh,Mississippi
C00519,Stephanie Huff,Regular,Karenport,Mississippi
C00520,Angela Abbott,Regular,Lake Kimberlyville,South Dakota
C00521,Jeffrey Cooke,Regular,New Andreaview,Hawaii
C00522,Ashley Garza,Regular,Priceside,Oklahoma
C00523,Jacob Jones,Regular,Ryanmouth,Michigan
C00524,Kelsey Powell,Regular,Lake Robinview,South Carolina
C00525,Roger Caldwell MD,Regular,Jeremyside,Minnesota
C00526,Tim Moore,Regular,West Jessicaland,South Carolina
C00527,Jason King,Regular,Tiffanystad,Oregon
C00528,Travis Martinez,Regular,Baileyberg,New Mexico
C00529,Bryan Ramirez,Regular,Robertberg,Virginia
C00530,James Gomez,Regular,Lake Sarahbury,Arkansas
C00531,Renee Williams,Premium,Lake Karenside,Alaska
C00532,Daniel Ward,Premium,New Anthonystad,Nebraska
C00533,Scott Ward,Regular,Alexisside,Wisconsin
C00534,Aaron Johnson,Regular,West Kathleenbury,Arizona
C00535,Crystal Stevens,Budget,New Jennifer,Iowa
C00536,Henry Downs,Regular,Port Amanda,Idaho
C00537,Dorothy Rush,Regular,Joeborough,Maine
C00538,Michael Lopez,Premium,Allenberg,Virginia
C00539,Cindy Mendez,Regular,Shelleyburgh,South Carolina
C00540,Clinton Beck,Regular,North James,California
C00541,Jared James,Regular,Peckburgh,Maine
C00542,Ronald Manning,Premium,Port Clayton,Florida
C00543,Rachel Morales,Premium,Suzannestad,Oklahoma
C00544,Casey Ford,Premium,New Joseph,Georgia
C00545,Jeffery Young,Regular,East Kendra,Alabama
C00546,Lori Allen,Regular,North Kathleen,Utah
C00547,John Morris,Regular,South Tiffanyberg,Michigan
C00548,Robert Harris,Regular,Port Isaiahbury,Maine
C00549,Tanya Guerra,Regular,North Brenda,Wyoming
C00550,Carl Nunez,Regular,New Tracy,Alaska
C00551,Rebecca Anthony,Budget,Port Alexanderton,Colorado
C00552,Kimberly Clark,Regular,Markberg,Arkansas
C00553,Jacqueline Carter,Regular,Bryanmouth,Louisiana
C00554,Michael Smith,Regular,Davisside,Oregon
C00555,Samuel Banks,Regular,Baxterhaven,Wisconsin
C00556,Jonathan Rosales,Budget,North Bruce,Louisiana
C00557,Jonathon Jackson,Regular,Davisshire,Missouri
C00558,Gregory Lindsey,Budget,Christianview,Vermont
C00559,Douglas Hernandez,Regular,North Michaelfort,South Carolina
C00560,Elizabeth Torres,Regular,Port Stephenbury,Virginia
C00561,Charlene Bray,Regular,Port Cindy,Nebraska
C00562,Edward Rios,Regular,Lake Crystal,Mississippi
C00563,Kevin Hill,Regular,New Madison,Alabama
C00564,Lisa Murray,Regular,Amyfort,Nevada
C00565,Jeffrey Estes,Budget,Port Kelly,North Dakota
C00566,Amy Perez,Regular,Nathanland,Idaho
C00567,Tony Smith,Regular,Danielborough,Massachusetts
C00568,Mariah Hooper,Regular,Clarkeborough,Minnesota
C00569,Daniel Mitchell,Regular,East Kristenland,North Dakota
C00570,Alexis Martin,Regular,New Brendan,Arizona
C00571,Barbara Douglas,Regular,Garyville,Virginia
C00572,Shane Solomon,Regular,Adamsborough,California
C00573,Tanya King,Regular,Cherylfort,Minnesota
C00574,Michelle Perez,Regular,West Austinbury,Montana
C00575,Alexis Adams,Regular,West Sethview,North Dakota
C00576,Daniel Huerta,Regular,Port Lisa,Alabama
C00577,Jeffrey Bailey,Budget,New Deborah,Alaska
C00578,Anne Jones,Regular,North Michelleport,Kansas
C00579,Caleb Charles,Regular,Hallview,Pennsylvania
C00580,Dr. Sabrina Durham PhD,Regular,Port Lindafort,Florida
C00581,Kristine Garza,Premium,Smithfort,Maryland
C00582,Marie Smith,Budget,West Joelland,South Dakota
C00583,Herbert Maldonado,Regular,Elizabethland,Hawaii
C00584,Mary Ramos,Regular,Craigville,Missouri
C00585,Anthony Powell,Budget,North Christopherchester,Arizona
C00586,Jason Smith,Regular,Reynoldschester,Wyoming
C00587,Ruben Rodriguez,Regular,New Renee,Mississippi
C00588,Michele Knight,Regular,Timothyport,Washington
C00589,Brenda Miller,Budget,Lake Kimton,South Dakota
C00590,Jesse Lucas,Regular,Perezhaven,Pennsylvania
C00591,Katherine Wagner,Regular,Michaelview,Washington
C00592,Ashley Castillo,Regular,South Ronald,Minnesota
C00593,Whitney Ballard,Regular,North Randall,Vermont
C00594,Jennifer Guerrero,Regular,Port Timothy,Wyoming
C00595,Elizabeth Solis,Regular,Adkinsmouth,Kentucky
C00596,Joseph Bradley,Budget,Adamsmouth,Texas
C00597,Jennifer Martinez,Budget,Port Wayne,Pennsylvania
C00598,Steven Barrett,Regular,Lake Keith,Washington
C00599,Samantha Gomez,Budget,Maynardside,West Virginia
C00600,Mark Morris,Premium,New Stephaniestad,Louisiana
C00601,Joseph Cabrera,Regular,Robertborough,Arkansas
C00602,David Lucas,Premium,South Darrellside,Utah
C00603,Brian Wallace,Premium,Christopherfurt,Michigan
C00604,Cheyenne Barton,Regular,Lake Johnborough,Oklahoma
C00605,Kristy Mcpherson,Regular,West Alexis,Wyoming
C00606,Kevin Forbes,Budget,Seanfurt,New Mexico
C00607,Nathan Anderson,Regular,East Steveshire,Hawaii
C00608,Terrence Harris,Regular,Lake Janiceton,Connecticut
C00609,Stephen Hobbs,Regular,West Arthur,Arkansas
C00610,Jessica Wheeler,Regular,Madisonberg,New Mexico
C00611,William Sandoval,Regular,Youngport,Arizona
C00612,John Coleman,Regular,South Sandra,Massachusetts
C00613,Kristi Jimenez,Regular,Angelashire,Alaska
C00614,Christopher Montgomery,Premium,West Cameron,West Virginia
C00615,Tiffany Riddle,Regular,Port Janiceside,New Hampshire
C00616,David Coleman,Regular,Natalietown,New Jersey
C00617,Cindy Powell,Budget,West Vincentshire,Wyoming
C00618,Brianna Anderson,Regular,New Judith,Arkansas
C00619,William Cox,Budget,Rushport,Alabama
C00620,Brian Smith,Budget,East Robertchester,Pennsylvania
C00621,Charles Bowman,Regular,Victorview,Maryland
C00622,Katherine Oneill,Regular,New Kathrynport,Louisiana
C00623,Jacob Barton,Regular,New Juliabury,Minnesota
C00624,David Campbell,Regular,Nobleborough,Alabama
C00625,Heather Chambers,Regular,North Loriberg,Idaho
C00626,Gabriela Stephens,Premium,Lake Thomasfurt,Texas
C00627,Christina Figueroa,Regular,Bennettburgh,Louisiana
C00628,Jamie Hughes,Regular,Vasquezside,South Carolina
C00629,Keith Jones,Regular,West Jamesstad,North Carolina
C00630,Mark Larson,Budget,Christinaland,Iowa
C00631,Christine Diaz,Regular,Vanessamouth,New Mexico
C00632,Katelyn Brooks,Premium,Wilsonfort,Idaho
C00633,Andrea Baker,Regular,Lake Connorbury,Ohio
C00634,Daniel Lopez,Regular,Sotomouth,Delaware
C00635,Patricia Bennett,Regular,East Danielborough,Rhode Island
C00636,Paul Rhodes,Budget,Cindychester,Illinois
C00637,Shawn Hinton,Regular,South Jamie,Rhode Island
C00638,Christopher Schmidt,Regular,Fisherfurt,Virginia
C00639,Ashley King,Regular,Jonesfurt,South Carolina
C00640,Ruben Beard,Regular,South Stephen,South Dakota
C00641,Jennifer Hayden,Regular,Thomasmouth,South Carolina
C00642,David Green,Regular,West Jeremyton,New York
C00643,Allison Tyler,Regular,Jodibury,South Carolina
C00644,Vincent Lam,Budget,West Keith,North Dakota
C00645,John Walsh,Regular,North Williamport,Connecticut
C00646,Andrea Sanchez,Regular,Joneshaven,Utah
C00647,Joseph Fitzgerald,Regular,Jenniferton,Utah
C00648,Laurie Reynolds,Regular,West Colleen,Rhode Island
C00649,Sarah Rivera,Budget,East Brandon,Massachusetts
C00650,Peter Miller,Budget,Conniehaven,Arkansas
C00651,Samantha Sheppard,Regular,Christopherstad,Mississippi
C00652,Steven King,Budget,East Jeremy,Vermont
C00653,Jamie Johnson,Regular,South Anthonyborough,Washington
C00654,Jordan Sandoval,Regular,North Stevenchester,Connecticut
C00655,Craig Chen,Regular,South Tanyatown,Tennessee
C00656,Scott Moore,Budget,North Eric,Illinois
C00657,Rachel Nicholson,Regular,Millerport,Nevada
C00658,Paul Mitchell,Premium,Tinaburgh,Ohio
C00659,Stephanie Sims,Regular,Lake Jacqueline,Utah
C00660,Samuel Brewer,Regular,Courtneyland,Wisconsin
C00661,Ashley Gallegos,Regular,Katherineport,Hawaii
C00662,Douglas Gordon,Premium,New Steven,Georgia
C00663,Misty Cruz,Budget,New Jody,Massachusetts
C00664,Miranda Moss,Regular,Lopezville,South Carolina
C00665,Matthew Dawson,Regular,Davidmouth,Idaho
C00666,Dustin Wyatt,Premium,West Benjaminburgh,Virginia
C00667,Stephanie Hooper,Regular,West Lisa,West Virginia
C00668,John Adams,Regular,Shannonfurt,Ohio
C00669,Nicole Watson,Budget,Owensmouth,Alabama
C00670,Dana Everett,Regular,Williamsberg,Maryland
C00671,Timothy Mitchell,Regular,Crawfordmouth,Wisconsin
C00672,Calvin Gibson,Regular,Kaylashire,Connecticut
C00673,Jessica Perez,Budget,Whiteheadberg,South Dakota
C00674,Eric Maxwell,Budget,South Rhondaborough,Maine
C00675,Jeffrey Dyer,Premium,Javiermouth,Idaho
C00676,Cindy Sanchez,Regular,Jimmyview,Alaska
C00677,Brian Maldonado,Regular,North Cassandra,California
C00678,Allison Moreno,Budget,North Rubenshire,Maine
C00679,Christian Sanchez,Regular,New Patriciaton,Arkansas
C00680,Alyssa Flores,Premium,Priceland,Texas
C00681,Mr. Tyler Harrington,Regular,Cruzborough,Minnesota
C00682,Lynn Adams,Regular,Christopherport,Mississippi
C00683,Rachel Giles,Regular,Griffinfurt,Missouri
C00684,Denise Cannon,Regular,Andrewland,Iowa
C00685,Lisa Harris,Regular,Port Feliciahaven,Mississippi
C00686,Adam Jackson,Regular,Bakerberg,Wisconsin
C00687,Robert Proctor,Regular,North Steven,Kansas
C00688,Harold Powers,Regular,South Jacob,Maine
C00689,Autumn Garza,Regular,New Angelamouth,Florida
C00690,Ryan Cole,Regular,Brownside,Nevada
C00691,Jose Martinez,Budget,Coffeyborough,Maine
C00692,Dr. Amanda Rodriguez,Regular,South Shaunfort,Oklahoma
C00693,Andrea Floyd,Regular,Berghaven,Maine
C00694,Andrew Garza,Regular,Lake Alexaberg,Vermont
C00695,James Hurst,Regular,North Darryl,New Mexico
C00696,Molly Schroeder,Budget,Port Jessicabury,Oregon
C00697,Eric Jones,Premium,East Jonathanstad,Maine
C00698,Rebecca Richardson,Regular,North Michael,Wyoming
C00699,Jessica Hampton,Regular,North Michael,Massachusetts
C00700,Stephanie Lewis,Regular,Martinberg,Iowa
C00701,Michael Cisneros,Regular,North April,North Dakota
C00702,Patricia Howell,Regular,South Joseph,Arkansas
C00703,Keith Carey,Budget,New Tyler,New Mexico
C00704,Anthony Martin,Regular,Ralphview,California
C00705,Gregory Baxter,Regular,Alexandrafurt,Minnesota
C00706,Ann Osborne,Regular,East Benjamin,Kansas
C00707,Ann Hamilton,Regular,Lake Davidside,Maryland
C00708,Jessica Hayes,Regular,Port Jennaville,Texas
C00709,George Cook,Budget,West Tracy,North Dakota
C00710,Eric Long,Budget,Port Franciscoland,Hawaii
C00711,Joel Johnson,Regular,Simsport,Pennsylvania
C00712,Victoria Payne,Regular,Cardenasbury,Nevada
C00713,Shane Pierce,Regular,North Angelaport,Connecticut
C00714,Melanie Gonzalez,Regular,South Brandon,North Carolina
C00715,Shannon Chapman,Regular,South Jeremiahmouth,Oregon
C00716,Elizabeth Barnett,Regular,Dawsonchester,Louisiana
C00717,Dustin Bishop,Regular,Jennifermouth,Kentucky
C00718,Robert Miller,Regular,Johnsonborough,New York
C00719,Jeffrey Ware,Regular,East Davidberg,New Jersey
C00720,Xavier Wilkins,Premium,North Tyrone,South Carolina
C00721,Robert Parker,Budget,Lake Kenneth,Maryland
C00722,Daniel Wolfe,Regular,Lake Rachel,Minnesota
C00723,Tiffany Hale,Budget,Humphreyview,Rhode Island
C00724,Ralph Conley,Budget,Lake Albertberg,Delaware
C00725,Ruth Doyle,Budget,South Julie,North Carolina
C00726,Anne Perez,Premium,Rickymouth,Utah
C00727,Latoya Perez,Regular,New Timothymouth,Vermont
C00728,Karen Jacobs,Budget,East Kathyfurt,Oregon
C00729,Robert Grimes,Regular,Lake Joseph,Alabama
C00730,Jonathan Burns,Budget,Dawnfurt,New York
C00731,Stephen Hamilton,Regular,Port Jerryville,Wisconsin
C00732,Sara Macdonald,Regular,Thomasport,Michigan
C00733,Lisa Martin,Premium,New Scottberg,Washington
C00734,Richard Allen,Regular,Robinsonborough,Pennsylvania
C00735,Tina Herrera,Regular,Lake Davidview,Nevada
C00736,Susan Brown,Regular,Steelemouth,Missouri
C00737,Alexander Ortega,Regular,Robertstad,New Mexico
C00738,Robert Lewis,Regular,Crystalmouth,Oregon
C00739,Elizabeth White,Regular,Christopherhaven,Wyoming
C00740,Jon Wallace,Budget,East Edwardhaven,Arizona
C00741,Erica Robles,Regular,North Jacob,Missouri
C00742,Kimberly Obrien,Regular,Kellytown,California
C00743,John Savage,Regular,North Sarahton,Missouri
C00744,Heather Beck,Regular,Jamesstad,Connecticut
C00745,Lisa Valdez,Premium,Rodneyfort,Georgia
C00746,Kaitlyn Vargas,Budget,South Christopherchester,Maryland
C00747,Megan Smith,Premium,Kelleystad,Virginia
C00748,Dennis Palmer,Regular,New Sharonstad,Florida
C00749,Paula Graves,Regular,Castrofurt,Rhode Island
C00750,Sandra Carter,Budget,East James,Alaska
C00751,Jeffrey Mckay,Regular,Dillontown,Hawaii
C00752,Chad Gill,Regular,West Mckenzieville,Minnesota
C00753,Sandra Lowe,Regular,Christinaside,Wyoming
C00754,Craig Adams,Regular,Riddlemouth,Massachusetts
C00755,Ariel Floyd,Regular,Jessicaview,Idaho
C00756,Jeremy Wilson,Regular,Jamesshire,Indiana
C00757,Megan Gonzalez,Regular,Kingberg,Virginia
C00758,Micheal Hill,Regular,Alisonfort,California
C00759,John Pierce,Regular,West Dalehaven,New Hampshire
C00760,James Beck,Regular,Hollandmouth,New Hampshire
C00761,Michael Crane,Regular,Washingtonberg,Vermont
C00762,Angela Smith,Premium,New Kyle,Montana
C00763,Nathan Rangel,Regular,South Marcoview,Kansas
C00764,William Bell,Budget,Matthewside,Massachusetts
C00765,Shannon Mathis,Regular,East Jennifer,Kansas
C00766,Donna Barber,Budget,Port Scott,Kansas
C00767,Angela Weber,Regular,Harriston,Delaware
C00768,Jason Fletcher,Regular,Gibbsburgh,Ohio
C00769,Mary Thomas,Premium,Castanedaborough,Maryland
C00770,Lisa Allen,Regular,Kimberlyville,Arkansas
C00771,Erin Hayes,Regular,Morganfort,Ohio
C00772,Kylie Sweeney,Regular,Josephport,Nebraska
C00773,Timothy Cain,Regular,Lake Ashley,Montana
C00774,Sherri Hodge MD,Premium,Martinezland,Oregon
C00775,Travis Rivers DDS,Regular,Elizabethshire,Oklahoma
C00776,Jimmy Hall,Premium,Port Danielberg,Ohio
C00777,Julia Brown MD,Regular,North Jorge,Massachusetts
C00778,Kelly Walton,Regular,South Danielview,Colorado
C00779,Brendan Meyer,Regular,Smithside,Alaska
C00780,Ashley Edwards,Budget,Aguilarchester,Montana
C00781,Marcus Blanchard,Regular,West Janice,North Carolina
C00782,Karen Franco,Regular,Chasehaven,North Carolina
C00783,Darren Harris,Budget,New Cassandraborough,West Virginia
C00784,Dustin Davis,Premium,Danielfort,Arkansas
C00785,Edward Williams,Regular,West Alexandra,Oklahoma
C00786,Joshua Lester,Regular,Alejandroton,Oklahoma
C00787,Samuel Jennings,Regular,Boyerborough,Alabama
C00788,James Chung,Regular,Jeromeville,Minnesota
C00789,Kristie Peck,Regular,Woodshire,Colorado
C00790,Jeffrey Proctor,Budget,Woodville,Utah
C00791,Manuel Foster,Regular,Lake Kathrynbury,Arkansas
C00792,Kevin Cisneros,Regular,South Sierra,Oregon
C00793,Gary Spencer,Regular,South Tony,Idaho
C00794,Christine Long,Regular,Dyerstad,North Carolina
C00795,Gabriel Willis,Budget,New Natalie,Texas
C00796,Grace Johnson MD,Regular,East Lauriechester,Hawaii
C00797,Kevin Snyder,Budget,South Angelaland,Utah
C00798,William Long,Regular,Karenhaven,Georgia
C00799,Barbara Nicholson,Regular,Guzmanview,New Jersey
C00800,Kirk Boyle,Budget,Jamestown,Tennessee
C00801,Eric Hernandez,Regular,New Mary,Vermont
C00802,Christine Bass,Regular,Princehaven,Nebraska
C00803,Jessica Castillo,Regular,North Matthewview,Alaska
C00804,Adam Ward,Regular,Nunezport,Texas
C00805,Katrina Jenkins,Budget,Port Robertmouth,Alabama
C00806,Jessica Mercado,Regular,North Tammyshire,New York
C00807,Tami Stewart,Budget,Port Lauren,Ohio
C00808,Jack Love,Regular,Ballstad,New Jersey
C00809,Katelyn Riley,Budget,Hubbardview,Iowa
C00810,Ashley Reyes,Budget,Scottborough,South Carolina
C00811,Robert Cochran,Regular,New Heather,Oregon
C00812,Kelly Robinson,Regular,Hicksmouth,Illinois
C00813,Kelly Cooper,Budget,New Maxland,Minnesota
C00814,Joshua Davis,Regular,Faithton,Delaware
C00815,Lisa Ford,Regular,East Danastad,Alaska
C00816,Daniel Hernandez,Regular,West Michael,Delaware
C00817,Amanda Dean,Regular,North Courtneyside,Wyoming
C00818,Aaron Shaw,Regular,Lake Thomasberg,California
C00819,Matthew Houston,Premium,Bruceton,Kentucky
C00820,Wayne Peters,Regular,Jensenfort,Kentucky
C00821,Elizabeth Roberts,Regular,North Connieside,Louisiana
C00822,Kyle Whitehead,Regular,Melissaside,Georgia
C00823,Susan Caldwell,Regular,East Vanessa,Nevada
C00824,Monica Young,Regular,Kelseyton,Alabama
C00825,Michael Larsen,Regular,West Jordantown,Iowa
C00826,Christopher Perez,Budget,North Jessica,California
C00827,Steve Logan,Premium,New Christian,Iowa
C00828,Melissa Davis,Budget,North Jill,North Carolina
C00829,Briana Tyler,Regular,Townsendstad,Nevada
C00830,Christopher Sutton,Regular,Turnerchester,Iowa
C00831,Brooke Brown,Regular,East Michelle,Maryland
C00832,Jerome Young,Regular,Lake Conniefort,Mississippi
C00833,Anthony Lloyd,Regular,Port Jennifer,Vermont
C00834,Amy Peterson,Regular,North Georgeton,Florida
C00835,Patricia Rivera,Regular,West Matthew,Florida
C00836,Shannon Nicholson,Regular,South Joetown,Virginia
C00837,Jennifer Evans,Regular,West Evanton,Maryland
C00838,Travis Barnes,Regular,Priceton,Kentucky
C00839,Mr. John Thomas,Regular,Angelaview,Maryland
C00840,William Fox,Regular,Stevenborough,Tennessee
C00841,Miss Linda Thomas,Regular,Valerieton,Arizona
C00842,Jason Brown,Regular,New Maryside,Colorado
C00843,Thomas Davis,Regular,Ryanton,Indiana
C00844,Melissa Edwards,Regular,North Billy,Michigan
C00845,Matthew Watkins,Regular,West Christine,Pennsylvania
C00846,Rachel Jimenez,Regular,South Renee,Hawaii
C00847,Elizabeth Johnson,Regular,Alexanderview,Maryland
C00848,Austin Hampton,Budget,West Jeffrey,Nevada
C00849,Kelly Sosa,Regular,Micheleside,Louisiana
C00850,Seth Good,Premium,West Gregory,Hawaii
C00851,Chad Jackson,Regular,Jonesville,Vermont
C00852,Aaron Walters,Regular,Mariahbury,West Virginia
C00853,Keith Brown,Regular,Stephanieberg,New Jersey
C00854,Kevin Nelson,Regular,East Kristen,Iowa
C00855,Cody Heath,Budget,Lake Kristieland,Mississippi
C00856,Alicia Roman,Budget,Ericborough,New Hampshire
C00857,Brandon Jones,Budget,Lorrainehaven,Maryland
C00858,Mr. David Johnson,Regular,Riverashire,California
C00859,Andrew Hernandez,Regular,North Leslie,South Dakota
C00860,Heidi Wolf,Regular,Vasquezshire,Michigan
C00861,Eric Robinson,Budget,Lake Nathan,New Hampshire
C00862,Gregory Bates,Regular,Hebertbury,New Hampshire
C00863,Gabrielle Doyle,Budget,Michaelborough,Nevada
C00864,Andrew Lee,Regular,North Deanstad,North Carolina
C00865,Lisa Walters,Regular,Makaylaside,South Dakota
C00866,Mark Valenzuela,Budget,New Courtneyshire,Massachusetts
C00867,Jennifer Ramos,Budget,Lake Phillip,Missouri
C00868,Steven Martinez,Regular,Cynthiafurt,South Carolina
C00869,Samantha Thompson,Regular,New Matthew,Colorado
C00870,Whitney Marks,Premium,Vanessaberg,Wyoming
C00871,Richard Harris,Regular,Lunafurt,Florida
C00872,Jody Strickland,Regular,East Jamesside,Washington
C00873,Ronald Rogers,Budget,Davidland,California
C00874,Amber Thompson,Budget,Jamesville,Vermont
C00875,Tracy Alvarez,Budget,Shannonchester,Vermont
C00876,Mrs. Christina Roberts,Regular,Smithshire,Pennsylvania
C00877,Willie Morris,Regular,Jacobland,Pennsylvania
C00878,Carmen Smith,Regular,Lopezbury,New York
C00879,Brandon Young,Regular,Velazquezberg,Idaho
C00880,Brian Anderson,Regular,Morganland,Kansas
C00881,Michael Davis,Regular,Katrinamouth,South Dakota
C00882,Paul Bender,Regular,Port Traci,Michigan
C00883,Jessica Wallace,Regular,South Christinaburgh,West Virginia
C00884,Caleb Barr,Regular,West Nicole,North Carolina
C00885,Carl Holmes,Budget,Bryantown,Illinois
C00886,Jack Mclean,Regular,Port Jason,Montana
C00887,Michelle Castaneda,Regular,Isaiahshire,New Mexico
C00888,Lisa Washington,Budget,New Veronica,Illinois
C00889,Luis Smith,Regular,Lake Ericport,California
C00890,Jacqueline Fisher,Budget,East Jacquelineshire,New Mexico
C00891,Robin Ward,Regular,Carmentown,Hawaii
C00892,Krystal Dixon,Regular,Lake Hannah,Kansas
C00893,Amanda Hughes,Regular,New David,Alabama
C00894,Jacqueline May,Regular,West Robertberg,Florida
C00895,Mr. Richard Hammond DDS,Regular,South Stephaniehaven,New York
C00896,Linda Clark,Budget,Harmonshire,Montana
C00897,Steven Phillips,Regular,Peterside,Pennsylvania
C00898,Madison Conrad,Regular,Johnshire,Kansas
C00899,Corey James,Regular,North Leetown,Maine
C00900,Charles Todd,Premium,North Tinahaven,Tennessee
C00901,Leslie Faulkner,Regular,Lake Ryan,Wisconsin
C00902,Kenneth Willis,Regular,South Adam,Hawaii
C00903,Caroline Torres,Regular,Phyllisport,Hawaii
C00904,Claire Jenkins,Regular,West Jessica,Tennessee
C00905,Casey Waters,Regular,Elizabethfurt,South Carolina
C00906,Melissa Tucker,Budget,New Matthew,New Jersey
C00907,Kirsten Winters,Regular,Kellybury,Delaware
C00908,Kelly Bennett,Budget,South Marc,Wyoming
C00909,Jaclyn Dickson,Regular,Julieville,Florida
C00910,Darryl Johnson,Regular,West Samantha,Tennessee
C00911,Christina Walker,Premium,Lake Brendahaven,Indiana
C00912,Lisa Parker,Regular,Port Danielstad,Arkansas
C00913,Thomas Collins,Regular,Paynetown,Massachusetts
C00914,Chris Hill,Premium,East Travisshire,New Hampshire
C00915,Jonathan Powell,Budget,Bowersborough,Alabama
C00916,Robert Lee,Budget,Nelsonmouth,Ohio
C00917,Dan Poole,Budget,Port Davidhaven,South Dakota
C00918,Briana Patel,Budget,Brianmouth,Rhode Island
C00919,Janet Hoover,Budget,Port Meganland,New Hampshire
C00920,Megan Stout,Premium,Lake Brianhaven,Florida
C00921,Gina Ramirez,Regular,Nicholasport,Kansas
C00922,Eric Carson,Regular,Jillborough,Michigan
C00923,Makayla Martin,Premium,Port Joshua,Indiana
C00924,Robert Ramirez,Budget,Port Laurastad,Illinois
C00925,Kyle Olson,Regular,Blaketown,Minnesota
C00926,Susan Ferrell,Regular,Alyssafort,Montana
C00927,Tina Jordan,Regular,South David,Delaware
C00928,Maria Conley,Regular,Branchhaven,Massachusetts
C00929,Courtney Gomez,Regular,West Ryantown,Wyoming
C00930,Nicholas Mathews,Premium,Pooleburgh,Montana
C00931,Breanna Ward,Regular,Megantown,Utah
C00932,Katie Yang,Regular,North Kelseyshire,Wyoming
C00933,Jessica Dalton,Regular,Woodberg,Florida
C00934,Rhonda Parks,Regular,Brownside,Illinois
C00935,Brandon Kerr,Budget,South Ryanshire,Illinois
C00936,Larry Simon,Premium,Port Nathanstad,South Dakota
C00937,Brittany Mathews,Regular,Carrieview,Illinois
C00938,Jennifer Rogers,Regular,Davidland,Arizona
C00939,Alicia Potts,Budget,New Joshua,Idaho
C00940,Ronald Miller,Premium,Williamstown,Oklahoma
C00941,Christy Chen,Regular,North Lisashire,Michigan
C00942,Corey Perry,Regular,South Shawna,South Dakota
C00943,Lori Phillips,Regular,Josephbury,Oregon
C00944,Maria Brown,Premium,Amyville,Oregon
C00945,Mark Thompson,Regular,East Anthony,Rhode Island
C00946,Corey Gonzalez MD,Regular,East Michael,West Virginia
C00947,James Neal,Regular,Nicholsstad,New Mexico
C00948,Eric Young,Regular,East Charlesbury,Mississippi
C00949,Donna Cardenas,Regular,East Brian,North Dakota
C00950,Michael Fletcher,Regular,Anthonyside,Oklahoma
C00951,Jamie Perez,Regular,Burgessfort,Ohio
C00952,Sharon Baker,Premium,South Vincentmouth,Texas
C00953,Dawn Pratt,Regular,Thomasbury,Utah
C00954,Rhonda Arroyo,Premium,South Matthewbury,Indiana
C00955,Dr. Tracy Pugh,Regular,Port Sheilaville,Indiana
C00956,Teresa House,Premium,Amandashire,Wisconsin
C00957,Cory Newman,Regular,Lake Ryanberg,Colorado
C00958,Harry Bell,Regular,Clarkbury,Mississippi
C00959,James Fields,Regular,South Markberg,New Jersey
C00960,Patricia Lawrence,Regular,East Lindseyview,New Mexico
C00961,Rachael Thomas,Regular,Lake Tamarashire,Hawaii
C00962,Melissa Schroeder,Regular,Wolfehaven,California
C00963,Jacqueline Pollard,Budget,Andreafurt,Arkansas
C00964,Margaret David,Regular,Torresfurt,Nebraska
C00965,Jeanette Nielsen,Regular,Campbellport,North Dakota
C00966,Joan Howard,Budget,Rodriguezburgh,Ohio
C00967,Connor Reed,Regular,Jessicaside,West Virginia
C00968,Alison Buckley,Regular,Kurtland,New Hampshire
C00969,Mr. Dan Cooper MD,Regular,New Nicholasville,South Dakota
C00970,Kelly White,Budget,Cesarview,Idaho
C00971,Kenneth Elliott,Regular,West Patriciastad,New Mexico
C00972,Evan Allen,Premium,Benjaminhaven,Washington
C00973,Shawn Perry,Regular,South Gloria,Virginia
C00974,Teresa Heath,Regular,Port Lisatown,Nevada
C00975,Jonathan Whitaker,Regular,Johnsonfort,Nevada
C00976,Denise Brown,Regular,North Stephanieport,Idaho
C00977,Stephanie Ferguson,Regular,Janetborough,North Dakota
C00978,Jennifer Garza,Regular,Port Phillip,New Jersey
C00979,Barbara Burton,Regular,New Matthew,Oklahoma
C00980,Joseph Gentry,Premium,Jenkinsfurt,Pennsylvania
C00981,Jason Eaton,Regular,Lake Hannahfurt,Hawaii
C00982,Lisa Raymond,Budget,Ayalaville,Oregon
C00983,Kelly Carpenter,Regular,Lake Rachel,Alabama
C00984,Christopher Hunter,Regular,North Lori,Virginia
C00985,Jason Powell,Regular,Esparzaside,South Carolina
C00986,George Walker,Regular,North Jillianfurt,South Carolina
C00987,Brian Garcia,Regular,Jamieport,Florida
C00988,Mrs. Emily Perez,Regular,Melindaborough,South Dakota
C00989,Regina Peterson,Regular,New Cameronview,Arizona
C00990,Gina Hill,Premium,Lake Brandonborough,New Hampshire
C00991,Ronald Gutierrez,Premium,Larryhaven,Florida
C00992,Brenda Mitchell,Regular,South Michaelburgh,Georgia
C00993,Lauren Andrews,Regular,New Charlesfort,Florida
C00994,Victoria Newton,Regular,Danielport,Louisiana
C00995,Sabrina Jones,Regular,Port Jodyborough,South Carolina
C00996,Ian Morgan,Regular,North Mario,Tennessee
C00997,Melissa Andrews PhD,Regular,Ortizberg,Washington
C00998,Brett Oliver,Premium,Richardview,Idaho
C00999,Michael Cole,Regular,West Gabrielle,Massachusetts
C01000,Nathan Nelson,Regular,New Robertchester,Wisconsin
C01001,Deborah Dorsey,Budget,Port Holly,South Carolina
C01002,Timothy James,Regular,South Ashleemouth,California
C01003,Joshua Hall,Regular,Jennifermouth,Utah
C01004,Austin Thomas,Regular,Jacobshire,Iowa
C01005,Sharon Johns,Budget,Yeseniamouth,Utah
C01006,Rebecca Weaver MD,Budget,Collinsland,North Dakota
C01007,Janet Jackson,Budget,Laurahaven,Kansas
C01008,Don Larson,Regular,New Adrianborough,Vermont
C01009,Harold Hodge,Regular,East Kevinport,Oregon
C01010,Jessica Houston,Regular,North Charleston,New York
C01011,Matthew Walsh,Regular,Charlestown,Alabama
C01012,Catherine Anderson,Regular,West Jenniferstad,Virginia
C01013,Rebecca Hammond,Regular,Harrisshire,Mississippi
C01014,Frederick Garcia,Regular,Christinehaven,North Carolina
C01015,Jay Brandt,Budget,Lindashire,Delaware
C01016,Charles Baker,Regular,Lake Brandon,Kansas
C01017,Sonya Becker,Premium,East Rebecca,Wisconsin
C01018,Christopher Poole,Regular,Davisborough,Hawaii
C01019,Jonathan Edwards,Regular,South Paulhaven,Missouri
C01020,Russell Mcclain,Budget,South Stevenmouth,Maine
C01021,Michelle Brooks,Regular,Lake Randyberg,South Carolina
C01022,Julie Tucker,Premium,Lake Lauraview,California
C01023,Christine Norris,Premium,Sharonstad,Arizona
C01024,Sarah Perez,Regular,West Hayley,Iowa
C01025,Rita Taylor,Budget,Lake Monicaburgh,Massachusetts
C01026,David Stanton,Regular,West Destiny,Virginia
C01027,Jonathan Hogan,Budget,Brownbury,Delaware
C01028,Sara Lee,Budget,South Patrickmouth,Virginia
C01029,Michael Lee,Regular,East Jason,Hawaii
C01030,Robin Stone,Premium,North Monica,Nebraska
C01031,Mr. Joseph Chavez PhD,Regular,Garciamouth,Alabama
C01032,Theresa Wilcox,Regular,Lake Timothyton,Connecticut
C01033,Jason Robertson,Regular,New Micheal,Hawaii
C01034,Justin Mccullough,Regular,Stevenfurt,Georgia
C01035,Anthony Aguirre,Premium,East Lisa,Kentucky
C01036,Wendy Smith,Regular,East Craig,Alabama
C01037,Michael Wilson,Regular,Patriciabury,Utah
C01038,Christine Cameron,Regular,West Natalie,New York
C01039,Jennifer Stanley,Budget,South Justin,Tennessee
C01040,Sandra Jordan,Regular,Taylormouth,Alabama
C01041,Amanda Walker,Budget,Casemouth,Vermont
C01042,Jeremy Alexander,Premium,Phillipmouth,Montana
C01043,Bonnie Hicks,Regular,Lake Brent,Rhode Island
C01044,Nicholas Jones,Regular,East Sherylmouth,Oklahoma
C01045,Sylvia Cole,Regular,Wadeville,South Dakota
C01046,Kelli Wilson,Regular,Hunttown,Wisconsin
C01047,Linda Young,Regular,Kellyview,Washington
C01048,Marie Powers,Budget,Tanyatown,Wyoming
C01049,Cheryl Schmidt,Regular,Colemanhaven,Kentucky
C01050,Jesse Smith,Regular,Thomasfurt,Wisconsin
C01051,Gregory Silva,Regular,Monicaland,Minnesota
C01052,Tyrone Coleman,Regular,Fergusonshire,Missouri
C01053,Jennifer Williams,Regular,Lake Timothy,Florida
C01054,Carl Hooper,Premium,East Johnville,Hawaii
C01055,Michael Trujillo,Regular,Port Stanley,Wyoming
C01056,Edwin Livingston,Regular,Laraland,Wyoming
C01057,Lindsey Mcintosh,Regular,West Kennethfort,Oregon
C01058,Joseph Reilly,Regular,New Kristi,Alabama
C01059,Belinda Pena,Regular,Williamside,Delaware
C01060,Chad Smith,Budget,Pamelaport,Washington
C01061,Katie Joseph,Regular,East Veronica,North Dakota
C01062,Morgan Hancock,Regular,Wayneborough,Maryland
C01063,Steven Munoz,Regular,West Valerie,South Carolina
C01064,Scott Coleman,Regular,Santoschester,Oklahoma
C01065,Sharon Vaughn,Regular,South Nicholas,Ohio
C01066,Colleen Lewis,Regular,East Dawnport,Wyoming
C01067,Nathan Montgomery,Regular,Ricemouth,Tennessee
C01068,Brendan Reynolds,Budget,Hooverstad,Alaska
C01069,Zachary Anderson,Premium,Laurenport,Texas
C01070,Paul Decker,Regular,Lopezberg,Washington
C01071,Mr. Brandon Aguilar,Budget,Port Timothy,Montana
C01072,Justin Simmons,Regular,Lake Andreton,Missouri
C01073,Jason Archer,Regular,Janetberg,Washington
C01074,Angela Diaz,Regular,North Michael,Florida
C01075,Marcus Ford,Regular,Scottfurt,Connecticut
C01076,Steven Douglas,Budget,Robertsside,New Hampshire
C01077,Fred Miller,Premium,East Ashley,Florida
C01078,Claudia Dixon,Budget,Oconnellchester,New Mexico
C01079,John Brown,Regular,Lake Kelsey,Montana
C01080,Sheryl Fleming,Regular,Lake Craig,Arizona
C01081,Joseph Swanson,Regular,Bradleymouth,Wisconsin
C01082,Joseph Smith,Budget,Wilsonville,Florida
C01083,Ashley Brown,Regular,Port Diane,North Dakota
C01084,Dean Schultz,Regular,East Stephanieview,Maine
C01085,Tammy Wiggins,Regular,Barrettchester,Illinois
C01086,John Lopez,Regular,Phamtown,South Dakota
C01087,James Williams,Regular,East Christinemouth,Montana
C01088,Jamie Hill,Regular,West Ronald,North Carolina
C01089,Dana Taylor,Budget,West Troyhaven,Oklahoma
C01090,Troy Martinez,Regular,Thompsonchester,Arkansas
C01091,William Hernandez,Regular,Brittanyfort,Missouri
C01092,Dana Vega,Regular,North Christophershire,South Carolina
C01093,Maurice Banks,Regular,Morrowhaven,New Hampshire
C01094,Joshua Howe,Budget,Port Christophertown,Pennsylvania
C01095,Timothy Vega,Premium,Robertsberg,North Carolina
C01096,Jennifer Doyle,Regular,East Ericfort,Vermont
C01097,Kelsey Robinson,Regular,South Tonyaville,Montana
C01098,Rebecca Pratt,Regular,North Lauren,Michigan
C01099,Richard Oliver,Regular,New Sharonhaven,Nebraska
C01100,Leslie Robertson,Budget,Ryanview,Oregon
C01101,Mary Martin,Regular,Wayneshire,Louisiana
C01102,Sean Branch,Regular,Haynesburgh,Mississippi
C01103,Taylor Brown,Budget,Port Billyview,New Jersey
C01104,Elizabeth Lopez,Regular,New Jenniferchester,Maryland
C01105,Ms. Rebecca Calhoun,Premium,North Cynthia,Hawaii
C01106,Michelle Harris,Regular,Lake Courtneyshire,New Jersey
C01107,Cindy Suarez,Budget,Williamville,Montana
C01108,Toni Smith,Regular,Andreaborough,Delaware
C01109,Kendra Jackson,Regular,South Amanda,Kansas
C01110,Christopher Tate,Regular,Fernandezborough,Vermont
C01111,Jordan Contreras,Regular,Wiseport,Wisconsin
C01112,Brooke Foster,Regular,Lake Kellychester,Hawaii
C01113,John Martinez,Regular,Whiteberg,Nevada
C01114,Derrick Espinoza,Regular,Cameronland,Rhode Island
C01115,Stephanie Bradley,Premium,New Tracy,Montana
C01116,Kimberly Mccarthy,Regular,Taraborough,Florida
C01117,Kim Owens,Regular,East Ryan,New Jersey
C01118,William Mckee,Budget,North Randall,Virginia
C01119,Zachary Yates,Regular,Catherinebury,New Mexico
C01120,Travis Allen,Regular,Josephmouth,Missouri
C01121,Matthew Dawson,Budget,Grosstown,Illinois
C01122,Cindy Bradley,Regular,Lake Josephburgh,Montana
C01123,Lauren Johnson,Regular,Ramosburgh,Kentucky
C01124,Austin Larson,Regular,South Robert,Kansas
C01125,Michael Garcia,Regular,Valentinefurt,South Dakota
C01126,Ronnie Brown,Budget,South Rachelmouth,Georgia
C01127,Micheal Monroe,Regular,Yvonneville,Louisiana
C01128,Jordan Morales,Regular,Sherryhaven,Colorado
C01129,Patrick Landry,Regular,Garnerberg,New Jersey
C01130,Laurie Gonzalez,Regular,Bakerview,South Carolina
C01131,Laura Foster,Regular,South Kevinfurt,Louisiana
C01132,David Bailey,Regular,Port Melissa,West Virginia
C01133,Monica Patton,Premium,Port Nancymouth,Mississippi
C01134,Randy Beck,Budget,Jeffreytown,New Mexico
C01135,Julie Alexander,Regular,Port Karen,Oregon
C01136,Mary Bentley,Budget,Lake Natalie,Mississippi
C01137,Christopher Smith,Regular,Graceshire,Virginia
C01138,Haley Hampton,Regular,Wallsside,Colorado
C01139,Jose Willis,Regular,Floresberg,Mississippi
C01140,Melissa Bennett,Regular,Andersenview,Utah
C01141,William Moore,Budget,Robertmouth,Wisconsin
C01142,Charles Nicholson,Regular,Lake Curtis,Louisiana
C01143,Kelsey Perry,Regular,South Maria,New York
C01144,Joseph Harris,Regular,Harrisburgh,Virginia
C01145,Richard Chan,Regular,South Yolanda,West Virginia
C01146,Angela Livingston,Regular,West Cynthiamouth,Maryland
C01147,Anthony Rodriguez,Regular,Jamesside,Washington
C01148,Richard Mckenzie,Regular,South Justin,North Carolina
C01149,Angela Booth,Regular,Ryanfort,Utah
C01150,Brittany Price,Regular,Mendozachester,Mississippi
C01151,James Sanchez,Regular,Lake Jimchester,New Hampshire
C01152,Patricia Costa MD,Regular,Lake Donnatown,Connecticut
C01153,Annette Estes,Budget,New Meganmouth,Minnesota
C01154,Brendan Drake,Premium,Joshuaville,Tennessee
C01155,Monica Dixon,Regular,East Emma,Arizona
C01156,Erica Brown,Regular,East Maryland,Arizona
C01157,Adam Mcdaniel,Regular,New Karen,Indiana
C01158,David Bird,Regular,North Kyle,Minnesota
C01159,Mrs. Nicole Hoffman MD,Regular,East Ruth,Florida
C01160,Gregory Johnson,Regular,North Kathleentown,California
C01161,Brian Morales,Regular,Adamsstad,Minnesota
C01162,Timothy Rivera,Regular,West Scottton,Colorado
C01163,Timothy Cooley,Premium,Johnborough,Louisiana
C01164,Edward Hill,Regular,Stephaniestad,Utah
C01165,Emily Lam,Budget,Alvaradoton,Mississippi
C01166,Mary Holmes,Regular,Mitchellview,Mississippi
C01167,Julie Barrett,Regular,Heidiside,South Carolina
C01168,Eric Adams,Budget,Port Kennethbury,Iowa
C01169,Stephen Bass,Budget,Cookfurt,New Hampshire
C01170,Shaun Stuart,Regular,Paulport,Utah
C01171,Jessica Thompson,Regular,Jacobborough,Idaho
C01172,Brandon Pollard,Regular,Jonathanmouth,Georgia
C01173,Jennifer Turner,Regular,East Travisfurt,Iowa
C01174,Natasha Gibson,Regular,Lake Karen,Maine
C01175,Mary Jennings,Regular,Stephensonborough,New Jersey
C01176,Daniel Wilson,Regular,Sandramouth,Tennessee
C01177,Michael Hart,Regular,Lake Christopher,Vermont
C01178,Grace Hicks,Regular,South Jonathanland,Alabama
C01179,Kimberly Harris,Regular,Port Kathryn,Nebraska
C01180,Alicia Martinez,Budget,Dominiquebury,Arkansas
C01181,Rachel Gaines,Regular,Port Sarah,Colorado
C01182,Kevin Lewis,Regular,Robertfurt,South Carolina
C01183,Melissa Patrick,Regular,South Allison,Montana
C01184,Lauren Osborne,Budget,Coltonville,Utah
C01185,Joseph Dawson,Budget,Coleview,Connecticut
C01186,Bruce Duran,Regular,New Jeffreyfurt,Nebraska
C01187,Vanessa Johnson,Regular,Laurahaven,Texas
C01188,Karen Miller,Regular,New Robertton,Missouri
C01189,Willie Dodson,Regular,Adamhaven,New Hampshire
C01190,Donald Combs,Regular,Travischester,Massachusetts
C01191,Jason Morris,Regular,Weaverstad,Kentucky
C01192,Brenda Stewart,Regular,Christopherberg,Georgia
C01193,Kristina Lowe,Regular,East Kimberly,West Virginia
C01194,Cassidy Guerrero,Regular,Davenportberg,Oregon
C01195,Justin Terry,Regular,Port Brandon,Virginia
C01196,Jade Wells,Regular,North Ericfurt,Texas
C01197,Teresa Brock,Regular,Lake Stephanie,Alaska
C01198,Vanessa Gomez,Regular,Port Jenny,Vermont
C01199,Cheryl Fernandez,Regular,Michaeltown,Nevada
C01200,Karen Buckley,Regular,West Davidtown,Iowa
C01201,Theresa Newton,Regular,Faithmouth,Delaware
C01202,Kristen King,Regular,Tapiaton,Kentucky
C01203,Beth Wilson,Regular,South Shaneland,Wisconsin
C01204,Barbara Allen,Regular,Blackland,Idaho
C01205,Anthony Woodward,Budget,Taylorville,Nebraska
C01206,Samantha Andrade,Budget,South Anthonystad,New Hampshire
C01207,Janice Pearson,Regular,East Marcusborough,Indiana
C01208,Makayla Gonzalez,Premium,Perryborough,New Jersey
C01209,Nathan Lewis,Budget,Port Derektown,Tennessee
C01210,Jesse Rowland,Regular,North Michael,Florida
C01211,Michael Williams,Regular,Walkerville,Washington
C01212,Sean Smith,Regular,Gloriashire,Michigan
C01213,Michael Russell,Regular,Port Emily,Arkansas
C01214,Caleb Harvey,Budget,Emilytown,Florida
C01215,Robert Miller,Budget,West Michaelstad,West Virginia
C01216,Garrett Morris,Budget,Lake Keith,Washington
C01217,Leslie Johnson,Regular,New Colin,Illinois
C01218,Steven Carter,Regular,Justinberg,Connecticut
C01219,Randall Knight,Regular,Grayhaven,California
C01220,Krystal Todd,Regular,Clarkmouth,Maine
C01221,Amanda Hill,Regular,West Brittany,Arkansas
C01222,Chad Rios,Premium,Ashleyville,Delaware
C01223,Dr. Alexander Bailey,Regular,North Karen,Wisconsin
C01224,Brian Avila,Budget,Port Kathrynstad,Wisconsin
C01225,Olivia Chavez,Regular,Joneshaven,Rhode Island
C01226,Timothy Johnson,Regular,Keithville,Alaska
C01227,Joanne Cook,Budget,New Lindseyfort,Connecticut
C01228,Michael Wilkinson,Budget,Gloriastad,Arizona
C01229,Mary Ruiz,Regular,East Keith,Maryland
C01230,Anthony Torres,Regular,Santiagochester,Ohio
C01231,Jeffrey Martin,Regular,Kimberg,North Carolina
C01232,Danielle Kelly,Regular,Port Jeffery,Kentucky
C01233,David Davis,Regular,Huberview,South Dakota
C01234,Richard Young,Premium,Monicachester,Texas
C01235,Timothy Williams,Regular,Chambersview,Arizona
C01236,Christopher Sweeney,Regular,North Reneechester,Massachusetts
C01237,Tammy Rodriguez,Regular,Johnbury,Louisiana
C01238,Jeremy Williams,Regular,Kirkton,Georgia
C01239,Sandra Hall MD,Regular,North Christopher,Wyoming
C01240,Frank Aguirre,Budget,Brooksbury,Hawaii
C01241,Kara Jordan,Budget,Mariamouth,Arizona
C01242,April Green,Regular,Paulport,North Carolina
C01243,Larry Chavez,Regular,Davidberg,Georgia
C01244,Anthony Maldonado,Regular,North Richard,Alaska
C01245,Matthew Anderson,Regular,Simpsonshire,Arkansas
C01246,Kaitlin Gross,Regular,Lake Christyport,Vermont
C01247,Cynthia Donaldson MD,Regular,Morganberg,Iowa
C01248,Laura Brown,Regular,Thomasmouth,Ohio
C01249,Diana Garrett,Regular,New Ashley,Ohio
C01250,Christopher Anderson,Regular,North Juanhaven,California
C01251,Lisa Chaney,Budget,Thompsontown,Vermont
C01252,David Pollard,Regular,Williamside,Wyoming
C01253,Jessica Ramos,Budget,Taylorborough,Arkansas
C01254,Curtis Mcdaniel,Regular,Lake Christopher,New Mexico
C01255,Paul Weeks,Regular,Port Marissa,Iowa
C01256,Tammy Chambers,Budget,Millerburgh,New Mexico
C01257,Ms. Marie Stewart,Regular,East Catherinehaven,Vermont
C01258,Nicole Ellis,Premium,Lake Michelle,Alabama
C01259,Connor White,Regular,South Gregoryside,Montana
C01260,Mrs. Lauren Watson,Budget,Port Heather,Mississippi
C01261,Jason Bailey Jr.,Regular,Lamborough,Oklahoma
C01262,Aaron Harris,Budget,South Kari,South Dakota
C01263,Kimberly Edwards,Regular,Watsonside,Kansas
C01264,Ashley Williams,Premium,South Paulport,Oklahoma
C01265,Kevin Griffin,Regular,Lake Kimberlymouth,Georgia
C01266,Margaret Curtis,Budget,West Eric,Tennessee
C01267,Michael Miller,Regular,Debraside,Oklahoma
C01268,Ann Kim,Regular,New Samantha,Wyoming
C01269,Kevin Valenzuela,Regular,North Eugene,Michigan
C01270,William Weeks,Budget,Matthewberg,Louisiana
C01271,Brandon Drake,Budget,Smithburgh,Michigan
C01272,Justin Smith,Regular,Port Melissaville,South Dakota
C01273,Cynthia Meyer,Regular,North Ericmouth,Connecticut
C01274,Patrick Harris,Budget,Danielland,Oregon
C01275,Kim Buchanan,Regular,South Devin,Georgia
C01276,Alexis Dunn,Regular,North David,Louisiana
C01277,Brandon Murphy,Budget,North Jennifer,Wyoming
C01278,Tammy Stephens,Regular,North Crystalborough,North Carolina
C01279,Emily Hubbard,Budget,Cristianborough,Nebraska
C01280,Elizabeth Ortega,Regular,West Garyland,Maryland
C01281,Eric Brown,Regular,Lake Christopherside,Louisiana
C01282,Margaret Mack,Regular,Hardingport,South Carolina
C01283,Dr. Tracy Reynolds,Budget,West Jasonside,Texas
C01284,Caleb Fry,Regular,Josephton,Pennsylvania
C01285,Phillip Baker,Regular,Sullivanfort,Maine
C01286,Melissa White,Regular,Reedshire,North Carolina
C01287,Theresa Juarez,Regular,Michaelville,Arkansas
C01288,Michael Lucero,Regular,North James,Missouri
C01289,Tracy Sanchez Jr.,Regular,Port Autumn,Kentucky
C01290,Brianna Fisher DDS,Regular,South Olivia,Connecticut
C01291,Kevin Diaz,Regular,North Nicoleview,Maine
C01292,Russell Barnett,Regular,Garciaside,Florida
C01293,Jennifer Hancock,Regular,New Hannahmouth,Montana
C01294,Tina Rodriguez,Regular,North Kimberly,North Dakota
C01295,Mr. Christopher Robinson,Regular,West Jenniferberg,Kansas
C01296,Cynthia Harris,Regular,East Zacharyshire,Nebraska
C01297,Dr. Hannah Conway,Premium,North Joseberg,Indiana
C01298,Tracy Winters,Regular,East Kristinburgh,Alaska
C01299,Karen Mcclure,Regular,Baileyburgh,Kentucky
C01300,Jon Henderson,Regular,West April,West Virginia
C01301,John Hamilton,Budget,Teresafort,Michigan
C01302,Jeremy Thomas,Regular,Joshuabury,Illinois
C01303,Lisa Abbott,Premium,Port Veronicaville,Delaware
C01304,Isaac Morris,Premium,Port Ashleyville,Delaware
C01305,Francisco Salinas,Budget,New Angelaport,Maryland
C01306,Nathan Nelson,Regular,Michaelmouth,South Carolina
C01307,William Rivera,Regular,Traceyberg,Nebraska
C01308,Christina Thornton,Budget,South Matthew,Hawaii
C01309,Christopher Powell,Regular,Billyview,Missouri
C01310,Nicole Medina,Premium,Dennisborough,Hawaii
C01311,Tony Brewer,Regular,West Beth,Maryland
C01312,Stephen Robinson,Regular,North Nataliehaven,Kentucky
C01313,John Figueroa,Regular,Christensenmouth,Maine
C01314,Dr. Cathy Pena,Budget,Gibbsfort,Alaska
C01315,Rebecca Carroll,Premium,East Jacqueline,Ohio
C01316,Carrie Thomas,Regular,Emilyview,Alaska
C01317,Todd Hardy,Regular,Castanedastad,Tennessee
C01318,Brian Glenn,Regular,Harriston,Kentucky
C01319,James Alexander,Regular,Jasonhaven,Michigan
C01320,Raymond Navarro,Regular,Bryanland,Ohio
C01321,Robert Stevens,Regular,Velasquezside,Ohio
C01322,Sandra Martinez,Budget,Port Sara,Arizona
C01323,Scott Delacruz,Regular,Port Stacyberg,California
C01324,April Davis,Regular,South Xaviermouth,North Dakota
C01325,Amanda Vincent,Regular,Port Thomasbury,Idaho
C01326,Tammy Griffin,Budget,New Charlesmouth,Oklahoma
C01327,Amanda Lara,Regular,Port Brittanytown,Wisconsin
C01328,Stacy Johnson,Regular,Ashleybury,Pennsylvania
C01329,Lauren Davis,Regular,Thompsonburgh,North Dakota
C01330,Brandon Casey,Regular,West Lindsay,Utah
C01331,Anne Bender,Regular,Hatfieldview,Kentucky
C01332,Katie Smith,Regular,Wolfestad,Louisiana
C01333,James Mccarthy,Premium,Jenkinstown,Idaho
C01334,Megan Weiss,Regular,Jamesborough,Iowa
C01335,Sandra Smith MD,Regular,Rileychester,Minnesota
C01336,Gary Fox,Budget,South Nicolefort,Alabama
C01337,Carolyn Johnson,Regular,Mendozachester,Oklahoma
C01338,Emily Maynard,Premium,Sanchezport,Maryland
C01339,Jennifer Graham,Budget,North Tinaland,North Carolina
C01340,Bradley Bishop,Regular,Lake Joseph,Texas
C01341,Kelly Moore,Regular,Shepherdside,Kansas
C01342,Gregory Warner,Regular,Charlestown,New Mexico
C01343,Morgan Hicks,Regular,Jonesburgh,Arkansas
C01344,Lori Shields DVM,Regular,Ronaldchester,Alaska
C01345,Briana Meza,Regular,Andrewshire,Oregon
C01346,Tracy Hughes,Regular,North Alexishaven,Montana
C01347,Lindsay Harding,Regular,East William,Montana
C01348,Stacy Guerrero,Budget,Stephensshire,Virginia
C01349,Gina Robinson,Regular,Carrmouth,Delaware
C01350,Teresa Lawrence,Regular,Edwardmouth,Vermont
C01351,Hayley Hanson,Regular,Tylerfurt,West Virginia
C01352,Jodi Lyons,Regular,Lake Chloe,Hawaii
C01353,Raymond Nielsen,Regular,South Krystalshire,New Hampshire
C01354,Kristina Griffin,Budget,Wellsside,Hawaii
C01355,Travis Parker,Regular,Sullivanstad,Montana
C01356,Kimberly Larson,Regular,Lisaside,Colorado
C01357,Christine Craig,Regular,East Michaela,Oregon
C01358,Holly Jennings,Budget,Johnsonshire,South Carolina
C01359,Mr. John Mitchell Jr.,Regular,Port Deannamouth,Tennessee
C01360,Robert Carroll,Regular,Port George,Alabama
C01361,Philip Scott,Premium,Stevenburgh,New York
C01362,Joseph Ho,Budget,Martinezbury,South Carolina
C01363,Thomas Torres,Regular,Hendersonburgh,Nevada
C01364,Christina Collins,Regular,North Pedroshire,Alabama
C01365,Billy Rodriguez,Premium,Kevinview,North Carolina
C01366,Joseph Stone,Regular,Port Roger,Georgia
C01367,Ricky Gaines,Regular,Robertport,Mississippi
C01368,Tanya Rodriguez,Regular,East Alishafort,Connecticut
C01369,Debra Adams,Regular,West Christopher,California
C01370,Margaret King,Regular,Cherylshire,Florida
C01371,Susan Lambert,Budget,Shawshire,Maine
C01372,Jeffrey Keith,Regular,Hernandezberg,Kansas
C01373,Erin Campos,Regular,Juarezport,Washington
C01374,Kevin Peterson,Regular,New Kenneth,Georgia
C01375,Tammy Black,Premium,Zamoraview,Utah
C01376,Jacob Martinez,Budget,East Margaret,Maryland
C01377,Robert Freeman,Regular,Melissaberg,Maine
C01378,Jennifer Cruz,Regular,Leeside,Ohio
C01379,Jennifer Rodriguez,Budget,Susanfurt,New Hampshire
C01380,Erica Holt,Regular,Allenmouth,Mississippi
C01381,Jessica Meyers,Budget,Rodriguezland,Rhode Island
C01382,Brian Marshall,Budget,Debbiechester,Georgia
C01383,Traci Carpenter,Regular,West Carol,Delaware
C01384,Christopher Evans,Regular,Brockstad,Nebraska
C01385,Jennifer Conrad DVM,Budget,Sophiaburgh,Alabama
C01386,Paul Dickerson,Budget,North Gregoryborough,Louisiana
C01387,Amanda Meadows,Regular,North Maria,Wisconsin
C01388,Heather York,Budget,Youngchester,Tennessee
C01389,Heather James,Regular,Nguyenberg,Vermont
C01390,Nathaniel White,Regular,North Claire,Delaware
C01391,Jessica Garcia,Budget,Tinaview,Pennsylvania
C01392,Heather Fletcher,Premium,Curtisview,Mississippi
C01393,James Wilson,Regular,West Timothy,Maine
C01394,Heather Keller,Regular,East Denisestad,Pennsylvania
C01395,Stephanie Lutz,Budget,Drakefort,Tennessee
C01396,Jacob Johnson,Premium,Lake Wesley,South Dakota
C01397,Linda Hughes,Budget,North Jeffreyburgh,West Virginia
C01398,Christopher James,Budget,Changmouth,Maine
C01399,Bernard Mclean,Regular,Colemanmouth,Arizona
C01400,Kathryn Howell,Regular,South Travis,Oklahoma
C01401,Arthur Stuart,Regular,Christinestad,Indiana
C01402,Angela Evans,Regular,Port Kimberlytown,Kansas
C01403,Jessica Carroll,Budget,Daviesmouth,Idaho
C01404,Danny Adams,Regular,Martinfort,Kentucky
C01405,Mary Brown,Regular,West Angel,North Dakota
C01406,Crystal Lynn,Regular,West Natalie,Michigan
C01407,Mr. Christopher Peterson,Budget,Hollandmouth,Louisiana
C01408,Christopher Mcclain,Regular,East Harold,Mississippi
C01409,Paige Lam,Regular,North Gregory,Indiana
C01410,Mark Roberts,Premium,East Patricktown,Nebraska
C01411,Mitchell Swanson,Regular,West Samuelburgh,North Carolina
C01412,Andrew Massey,Premium,Haynesburgh,New Mexico
C01413,Jason Christensen,Budget,South Kimberly,Alabama
C01414,Allison Hull DVM,Regular,West Kaylaburgh,Tennessee
C01415,Cassandra Everett,Budget,West Nicole,South Carolina
C01416,Keith Clark,Budget,Jessicamouth,North Dakota
C01417,Shannon Kelley,Regular,Hernandezchester,Wisconsin
C01418,Ryan Carpenter,Regular,East Christinaside,New Mexico
C01419,Brian Duffy,Premium,West James,Connecticut
C01420,Thomas Shields,Premium,South Randy,South Carolina
C01421,Mary Harris,Premium,Lake Jameshaven,West Virginia
C01422,Taylor Craig,Premium,Port Rebeccaton,California
C01423,Doris Joseph,Premium,North Willie,Florida
C01424,Brandi Ryan MD,Regular,Brandonfort,Indiana
C01425,Thomas Lopez,Regular,New Tracytown,South Carolina
C01426,Brian Gonzalez,Regular,Gonzalezview,Montana
C01427,Patrick Hernandez,Regular,Ramirezborough,Alabama
C01428,Elizabeth Barton,Regular,New Ryan,Rhode Island
C01429,Rodney Baker,Regular,Woodchester,Massachusetts
C01430,Susan Sutton,Regular,Alvaradobury,Wyoming
C01431,Kenneth Michael,Regular,Davidbury,Missouri
C01432,Valerie Lewis,Budget,Laneville,Oklahoma
C01433,Craig Aguirre,Regular,Bryantton,Alabama
C01434,Robert Lewis,Regular,Orozcomouth,Georgia
C01435,Katelyn Simpson,Regular,Garciastad,South Carolina
C01436,Nathaniel Mason,Premium,Adamton,Nevada
C01437,Danielle Reyes,Regular,East Jason,Arizona
C01438,Tonya Elliott,Regular,West David,New Mexico
C01439,Jennifer Williams,Regular,New Kathrynmouth,Maryland
C01440,Vanessa Rodriguez,Regular,Rivasshire,North Carolina
C01441,Emily Carter,Premium,North James,Indiana
C01442,Keith Ryan,Regular,New Josephport,Louisiana
C01443,Travis Tyler,Regular,Huynhborough,Oregon
C01444,Lori Taylor,Regular,South Steven,Indiana
C01445,Michelle Williams,Budget,Leahhaven,Massachusetts
C01446,Jeffrey Guzman MD,Premium,New Helen,New Jersey
C01447,John Howell,Regular,Port Laura,Mississippi
C01448,Chelsea Reyes,Budget,West Carolmouth,Missouri
C01449,Marcus Jones,Budget,Lake Nicole,Minnesota
C01450,Denise Lowe,Regular,Rebeccamouth,Mississippi
C01451,Jeremy Hart,Regular,Amandastad,Wyoming
C01452,Derek Padilla,Premium,Lake Alexis,Maryland
C01453,James Dean,Budget,North Jonathan,Iowa
C01454,Mrs. Sydney Lopez,Budget,Jacobsonstad,Indiana
C01455,Melissa Jones MD,Premium,New Stephen,Nevada
C01456,Alicia Golden,Budget,Brewerbury,New Mexico
C01457,Meghan Hudson,Budget,New Samuelhaven,South Carolina
C01458,Frederick Leblanc,Regular,West Brandonhaven,Nebraska
C01459,Stephen Sanders,Premium,Rachaelbury,Hawaii
C01460,Joseph James,Regular,Sierrabury,Florida
C01461,Angela Ryan,Regular,Lake Adam,Alaska
C01462,Chelsea Morris,Regular,Julieberg,Arizona
C01463,Timothy Barnes,Regular,Port Mallory,Wyoming
C01464,James Chandler,Regular,Galvanside,Missouri
C01465,Holly Owen,Regular,South Elizabethburgh,Wisconsin
C01466,Timothy Martinez,Regular,Deborahborough,Illinois
C01467,Joseph Long,Regular,Port Angelaport,Alabama
C01468,Cristian Moore,Regular,Mooremouth,New Mexico
C01469,Emily Wilson,Regular,East Raymondport,Utah
C01470,Matthew Roberts,Budget,Gutierrezhaven,Nebraska
C01471,Marc Bowers,Regular,Jimenezland,Colorado
C01472,Kimberly Monroe,Budget,Amandaton,Louisiana
C01473,James Terry,Regular,South Mariashire,Alaska
C01474,Ashley Newman,Budget,Loribury,Nevada
C01475,Jaime English,Regular,South Lee,Alabama
C01476,James Oliver,Budget,West Bryanland,West Virginia
C01477,Scott Lutz,Regular,Nicoleland,Tennessee
C01478,Alyssa Gonzales,Budget,Knappberg,Oregon
C01479,Jeffrey Donovan,Budget,North Howard,Alabama
C01480,Joseph Reynolds,Regular,Brendafort,Utah
C01481,Rebecca Robinson,Budget,Olivermouth,South Dakota
C01482,Victor Cruz,Premium,Port Trevorland,Rhode Island
C01483,Ricardo Washington,Regular,Williamchester,New Mexico
C01484,Jeremy Green,Budget,Pamelatown,Nevada
C01485,Gina Davis,Regular,New Sarahburgh,Tennessee
C01486,Juan Burns,Premium,Garciabury,Minnesota
C01487,Bethany Webb,Regular,Port Alfredfurt,Missouri
C01488,Austin Crawford,Regular,South Sonya,Tennessee
C01489,Jason Chavez,Budget,West Dannymouth,New Hampshire
C01490,Tammy Gallagher,Regular,Eileenberg,Wyoming
C01491,Larry Schmidt,Regular,Delacruzmouth,South Carolina
C01492,Tammy Morales,Premium,Murraystad,Delaware
C01493,Patrick Marshall,Regular,New Matthew,Colorado
C01494,Courtney Lambert,Budget,Lake Pamelaton,Montana
C01495,Laura Mccoy,Regular,North Maryport,Nebraska
C01496,Lisa Garcia,Regular,Pittsside,California
C01497,Diana Williams,Budget,New Stephaniemouth,Louisiana
C01498,Amanda Carrillo,Regular,East Yesenia,Wisconsin
C01499,Lauren Gonzalez MD,Regular,Port Williamburgh,Iowa
C01500,Eric Yoder,Regular,East Alexander,Illinois
C01501,Donald Bell,Regular,Jessicaburgh,North Carolina
C01502,Daniel Hill,Regular,Port John,New Jersey
C01503,Jennifer Callahan,Regular,Port Davidtown,Pennsylvania
C01504,Daniel Phillips,Regular,West Jose,Virginia
C01505,Grace Allen,Regular,Lake Carolburgh,Utah
C01506,David Clark,Regular,South Bernard,Nebraska
C01507,Vincent Hood,Premium,Lake Wendymouth,Wyoming
C01508,Brandy Norton,Regular,Nicoleport,Minnesota
C01509,Matthew Conrad,Regular,South Bradleytown,Minnesota
C01510,Susan Washington,Regular,Lake Andrew,West Virginia
C01511,Megan Miller,Premium,South Aprilfurt,Michigan
C01512,Gabrielle Garza,Budget,Linview,Ohio
C01513,William Diaz,Regular,East Randall,Connecticut
C01514,Sheila Crawford,Regular,Meganview,Arkansas
C01515,Adam Hancock,Budget,Longland,Missouri
C01516,Caitlin Carroll,Regular,Buchananfort,Nevada
C01517,Betty Stephens,Premium,Cynthialand,Missouri
C01518,Janet Thompson,Regular,Port Sheilaton,Pennsylvania
C01519,Robyn Woods,Premium,South Amy,Nebraska
C01520,Kara Ramirez,Regular,North Rachelshire,Florida
C01521,Kevin Perez,Regular,Zacharychester,North Dakota
C01522,Mariah Boyd,Budget,Marshallstad,Indiana
C01523,Frank Anderson,Regular,Tonymouth,Minnesota
C01524,Stacey Schroeder,Regular,West Raymondfurt,South Carolina
C01525,Robert Perkins,Regular,Shawnborough,Connecticut
C01526,Kimberly Soto,Regular,North Johntown,South Dakota
C01527,Roger Black,Regular,Lake Michael,Iowa
C01528,Patrick Owens,Regular,New Patricia,New Mexico
C01529,Monica Rush,Regular,New Mitchell,Oklahoma
C01530,Tanya Robinson,Regular,Port Joyport,Alabama
C01531,Claire Salazar,Regular,North Jason,Kentucky
C01532,Robert Contreras,Budget,Jacobston,Delaware
C01533,Jason Rowe,Regular,West Brad,California
C01534,Meagan White,Premium,Caitlinhaven,Vermont
C01535,Devin Carroll,Budget,Port Zacharytown,Louisiana
C01536,Jeremy Roberson,Budget,Tabithaberg,North Dakota
C01537,Megan Lozano,Regular,Christopherville,Georgia
C01538,William Morgan,Budget,West Susan,Kansas
C01539,Anne Garrison,Budget,South Jennifer,Texas
C01540,Rose Maxwell,Premium,Maryfort,Illinois
C01541,Joseph Richardson,Regular,Sarahfurt,South Dakota
C01542,Laura Cox,Budget,Timothyburgh,Mississippi
C01543,Malik Wilson,Regular,North Jennaland,Pennsylvania
C01544,Sarah Perez,Regular,West Angela,Colorado
C01545,Virginia Jefferson,Regular,South Jameschester,Oregon
C01546,Jean Miller,Regular,Obrienton,Iowa
C01547,Frederick Washington,Premium,Hensonshire,Idaho
C01548,Amanda Williams,Regular,Anthonystad,Utah
C01549,Lisa Wilkinson,Regular,New Dennis,Arkansas
C01550,Barbara Thompson,Premium,Keithtown,Maryland
C01551,William Green,Regular,Websterhaven,New Jersey
C01552,Justin Shaffer,Budget,East Holly,Iowa
C01553,Sandra Rogers,Regular,North Derrickside,New Mexico
C01554,Laura May,Regular,Jimenezstad,Kentucky
C01555,Jeffery Torres,Regular,Lake Jacob,Kentucky
C01556,Brian Short,Regular,New Alexismouth,Missouri
C01557,Joseph Mooney,Regular,Angelabury,South Dakota
C01558,James Cole,Regular,Port Karatown,Texas
C01559,Brian Barrera,Regular,East Robert,Arkansas
C01560,Annette Williams,Regular,Lake Karen,Delaware
C01561,Andrew Lopez,Regular,Lake Cameron,Minnesota
C01562,James Morris,Regular,Port Andrewtown,New Hampshire
C01563,Tammy Graham,Regular,Jessicahaven,Michigan
C01564,Rebecca Silva,Regular,North Danielton,Maryland
C01565,William Burns,Premium,West Johnton,Georgia
C01566,Sarah Santana,Regular,Deannastad,New Hampshire
C01567,Julie Long,Regular,Wallacebury,Idaho
C01568,Gregory Wilson,Regular,North Cassandra,South Dakota
C01569,Tiffany Ward,Regular,Johnsonchester,Texas
C01570,Elizabeth Craig,Regular,Kleinborough,South Carolina
C01571,Matthew Lynch,Regular,Sotobury,Kansas
C01572,Jim Marshall,Premium,Richardfurt,Kansas
C01573,Elizabeth Ramsey,Regular,Andersonville,Vermont
C01574,Stephen Holloway,Regular,Michaelhaven,West Virginia
C01575,Jacqueline Carlson,Premium,West Zachary,Florida
C01576,Kristopher Freeman,Regular,Lake Ivanfurt,Alaska
C01577,Lisa Randolph,Regular,Riveraberg,Oklahoma
C01578,Robert Villegas,Regular,Kelleyville,New York
C01579,Deborah Carter,Budget,Lake Peter,New Hampshire
C01580,Daniel Marshall,Regular,Nguyenland,Maryland
C01581,Preston Castillo,Regular,East Paultown,Arkansas
C01582,Valerie Sharp,Regular,New Aaron,South Dakota
C01583,Ashley Williams,Regular,North John,Iowa
C01584,Matthew Johnson,Budget,Shahchester,Kentucky
C01585,Emily James,Regular,Dylanhaven,North Carolina
C01586,Heather Wiley,Regular,Blackwellchester,Kansas
C01587,James Gonzales,Budget,New Jacob,North Carolina
C01588,Chad Gonzalez,Regular,South Jamesville,Alabama
C01589,Samantha Knapp,Budget,Rebeccaland,Arizona
C01590,Alison Scott,Regular,New Jonathanfurt,Ohio
C01591,Jessica Johnson,Regular,Pollardburgh,Alabama
C01592,Dr. Rebecca Perez,Premium,Port Christophershire,Rhode Island
C01593,Jordan Edwards,Budget,Martinfort,South Carolina
C01594,Blake Haney,Budget,Lake Aaronstad,North Dakota
C01595,Michael Cordova,Regular,Boltonstad,Louisiana
C01596,Christina Lynch,Budget,South Stanley,Minnesota
C01597,Jacob Anderson,Regular,Kimberlyberg,Georgia
C01598,Mr. Jordan Cook DDS,Regular,Glorialand,Indiana
C01599,David Lara,Premium,Port Christian,Kansas
C01600,Christian Bailey,Budget,Lake Stephaniebury,Virginia
C01601,Stephen Mays,Regular,Lake Lauren,Alaska
C01602,Stephanie Thompson,Regular,Kimberlystad,Ohio
C01603,Russell Silva,Regular,New Hannah,Tennessee
C01604,Lauren Mercer,Regular,New Carlaport,Oklahoma
C01605,Cynthia Lucas,Regular,West Suzannefurt,Pennsylvania
C01606,Jennifer Powers PhD,Budget,West Peggy,Idaho
C01607,Charles Stone,Regular,Foxton,Alabama
C01608,Daniel Johnson,Regular,Johnmouth,South Carolina
C01609,Kenneth Bishop,Regular,West Donaldfurt,West Virginia
C01610,Brian Dickerson,Regular,Williamsfurt,Nevada
C01611,Jason Boone,Regular,Diazshire,Mississippi
C01612,Zachary Olsen,Regular,East Scott,Kentucky
C01613,Courtney Lozano,Premium,Hernandeztown,South Carolina
C01614,Jessica Riggs,Regular,New Cassie,Missouri
C01615,Katie Anderson,Regular,Port Margaret,New Hampshire
C01616,Jeffrey Richardson,Regular,Smithville,Delaware
C01617,Tammy Mcneil,Premium,East Brendahaven,Minnesota
C01618,Anna Flores,Regular,South Sierra,North Carolina
C01619,Sara Coleman,Regular,New Michael,Mississippi
C01620,Jared Valentine,Regular,Willisbury,Nevada
C01621,Virginia Harvey,Premium,Port Markstad,Wisconsin
C01622,Brian Hickman,Regular,New Amandafort,Alabama
C01623,Kevin Santos,Regular,Franklinton,Texas
C01624,Sandra Alexander,Regular,New Samanthashire,Washington
C01625,Eric Webb,Premium,North Christine,Mississippi
C01626,Connor Holmes,Regular,New Josephbury,Ohio
C01627,John Miller,Budget,South Brooke,California
C01628,Jonathan Ward,Regular,West Sarahfurt,Connecticut
C01629,Tiffany Smith,Regular,Ruizview,Ohio
C01630,Matthew Schaefer,Regular,Port Mitchellbury,Maine
C01631,Tyler Merritt,Regular,Christinaport,Rhode Island
C01632,Rebecca Miller,Regular,Jenningsberg,South Dakota
C01633,Matthew Baldwin,Regular,Thomasstad,Washington
C01634,Mary Ball,Premium,Port David,Oregon
C01635,Carla Ramirez,Premium,Port Lynn,Vermont
C01636,Karen Smith,Premium,West Steven,Arkansas
C01637,Brian Torres,Premium,Port Sally,Indiana
C01638,Kristi Bennett,Regular,North Stephanieberg,Michigan
C01639,Janet Myers,Regular,East Steven,Pennsylvania
C01640,Jennifer Anderson,Regular,West Janefurt,West Virginia
C01641,Mark Collins,Regular,New Kelly,Illinois
C01642,Hailey Thompson,Regular,East Stevenchester,Arkansas
C01643,Gary Simmons,Regular,Lake Wayneland,Alabama
C01644,Alicia Bell,Regular,New Jacqueline,Kentucky
C01645,William Benjamin,Regular,Port Michaelport,Kansas
C01646,Claire Matthews,Premium,North Paul,Massachusetts
C01647,Vanessa Young,Budget,Lynchfort,Arizona
C01648,Tonya Mejia,Regular,Ryanmouth,Louisiana
C01649,Danielle Williams,Budget,Suzanneland,Connecticut
C01650,Robert Marks,Regular,North Andrewhaven,Maryland
C01651,Madison Myers,Premium,Randyview,Missouri
C01652,Andrew Nelson,Regular,Briannaport,Arizona
C01653,Michelle Harrison,Regular,Villashire,Florida
C01654,Deborah Richardson,Budget,North Robert,Indiana
C01655,Rachel Jones,Budget,East Michaela,Maine
C01656,Mr. Jeremy Alvarez,Regular,East Carolynview,Pennsylvania
C01657,Jonathan Villegas,Regular,New Edward,Maryland
C01658,Ashley Patterson,Budget,Rossview,Kentucky
C01659,Elizabeth Alvarado,Regular,Johnburgh,Washington
C01660,Erin Bowman,Regular,Stevenview,South Carolina
C01661,James Roberts,Regular,South Kristineville,Pennsylvania
C01662,David Larson,Regular,Parkshaven,Oklahoma
C01663,Brandon Moore,Budget,Cynthiatown,New Mexico
C01664,Rebecca Robinson,Regular,Nathanfort,Missouri
C01665,Sarah Armstrong,Regular,West Craigside,Georgia
C01666,Kyle Thompson,Regular,South David,Wyoming
C01667,Brad Stevens,Premium,Johnsonmouth,Nevada
C01668,Tiffany Martin,Budget,South Dianeport,Illinois
C01669,Michele Sandoval,Regular,Lake Charlesmouth,Michigan
C01670,Jesse Knight,Regular,North Kathy,Colorado
C01671,Alyssa Ruiz,Regular,New Stephaniefurt,Texas
C01672,Mariah Price,Regular,Dennistown,Iowa
C01673,Matthew Stewart,Regular,Lucashaven,Washington
C01674,Maria Gonzalez,Regular,Princeview,Alabama
C01675,Shawn Smith,Regular,Kennethland,Arizona
C01676,Nicole Saunders,Regular,Howeburgh,Washington
C01677,Steve Hatfield,Regular,New Johnmouth,Nevada
C01678,Marc Beasley,Regular,Amandamouth,Florida
C01679,Brittany Cameron,Regular,Patrickmouth,New Mexico
C01680,Katie Arnold,Budget,South Jennifer,Idaho
C01681,Linda Brown,Regular,Port Anne,Illinois
C01682,Leah Wallace,Premium,North Kimberly,Florida
C01683,Gary Perez,Regular,Brianbury,New York
C01684,Luke Richardson,Budget,Amandaside,Ohio
C01685,Diana Andrews,Regular,East Jeffrey,Pennsylvania
C01686,Rachel Phillips,Premium,Mcclainton,Missouri
C01687,James Sims,Budget,Wolfechester,Arkansas
C01688,David Neal,Regular,Susanside,Texas
C01689,Elizabeth Ward,Premium,North Antonio,Kentucky
C01690,Wendy Brown,Regular,East Jorgeville,Tennessee
C01691,Mark Garza,Premium,Sullivanhaven,Indiana
C01692,Derek Valencia,Regular,Mcguireland,Iowa
C01693,Sean Dennis DDS,Premium,Smithfurt,Iowa
C01694,Douglas Baker DDS,Regular,Cannonton,West Virginia
C01695,Tanner Martinez,Regular,Lawrenceville,Montana
C01696,Christine Anthony,Regular,Mitchellmouth,New York
C01697,James Perry,Regular,Andersonburgh,Hawaii
C01698,Jennifer Thomas,Regular,Lake Jennifer,Utah
C01699,Steven Goodwin,Regular,West Deborah,Texas
C01700,John Bartlett,Premium,Markstad,New Mexico
C01701,Dr. April Sullivan,Budget,West Brad,New Hampshire
C01702,Donald Escobar,Regular,Gregoryside,New Hampshire
C01703,Sarah Orr,Regular,Lake Troyburgh,North Dakota
C01704,Joseph Cox,Regular,Port Pamelamouth,Missouri
C01705,Devin Lozano,Regular,Lake Bill,Ohio
C01706,Jessica Warner,Regular,East Jonathanshire,Tennessee
C01707,Donald Donovan,Premium,South Bryce,West Virginia
C01708,Sonya Conner,Regular,Donberg,Missouri
C01709,Karen Coffey,Regular,New Richardhaven,Colorado
C01710,John Bennett V,Budget,East Henry,Illinois
C01711,Christopher Sanchez,Regular,New Jamie,Indiana
C01712,Peter Skinner,Premium,Sosahaven,California
C01713,Alicia Tucker,Regular,Ellismouth,Connecticut
C01714,Rose Glass,Regular,Mckaychester,Maryland
C01715,Dr. Barbara Smith,Budget,Jessechester,New York
C01716,Courtney Allen,Regular,South Brittany,Utah
C01717,Michael Rogers,Regular,Port Shirleyside,New Hampshire
C01718,Marissa Peterson,Regular,Jenniferport,Pennsylvania
C01719,Sheryl Johnson,Regular,North Nancy,Connecticut
C01720,Jeffery Powell,Regular,Baileymouth,Maine
C01721,Erin Underwood,Premium,West Jesus,Massachusetts
C01722,Henry Fitzgerald,Regular,Markmouth,Georgia
C01723,Jessica Garner,Regular,Lake Megan,Tennessee
C01724,Theresa Mckenzie,Premium,Darrenport,Nebraska
C01725,Regina Taylor,Regular,South Megan,Ohio
C01726,Katie Duncan,Regular,Port Mario,Maryland
C01727,Matthew Flores,Regular,Austinshire,New Hampshire
C01728,Tammy Ray,Regular,North Jasonfurt,Illinois
C01729,Teresa Sanders,Regular,South Matthew,Ohio
C01730,Lauren Hawkins,Regular,Johnnyborough,Idaho
C01731,Eric Vasquez,Regular,Thomasborough,Pennsylvania
C01732,Maureen Clark,Regular,Johnsonhaven,New Mexico
C01733,Nicole Sims,Regular,Hoodfurt,Michigan
C01734,Erik Martin,Budget,Watsontown,Wyoming
C01735,Joshua Elliott,Regular,South Marilyn,Nebraska
C01736,Matthew Johnson,Regular,Morseview,Wisconsin
C01737,Alexa Rogers,Premium,Port Debra,Nevada
C01738,Jasmine Lee,Regular,South Bobby,Missouri
C01739,Gabriela Salazar PhD,Premium,Floresshire,North Carolina
C01740,Emily Lee,Budget,Davidburgh,Kansas
C01741,Jennifer Davis,Regular,South Omar,Delaware
C01742,Matthew Guerrero,Regular,Port Emilyborough,Hawaii
C01743,Jerry Miller,Budget,Andersonbury,Missouri
C01744,Lisa Kirk,Budget,Clinemouth,Minnesota
C01745,Kenneth Rush,Regular,South Catherine,South Carolina
C01746,Michael Hines,Regular,Trevorside,Idaho
C01747,David George,Regular,Dawnfort,New Hampshire
C01748,Elijah Edwards,Regular,Kyleshire,Alabama
C01749,Michele Rodgers,Regular,North Amanda,North Carolina
C01750,Lisa Carrillo,Regular,Ryanmouth,Arkansas
C01751,Dr. Michael Cummings,Regular,Lake Sandrafort,Alaska
C01752,David Mathews,Budget,New Katherinehaven,Virginia
C01753,Michael Green,Premium,Lake Tamara,Minnesota
C01754,Angela Harrington,Regular,South Kristen,New York
C01755,Sarah Mitchell,Regular,Lake Jacobside,California
C01756,Jessica Brooks,Regular,East Matthewton,Ohio
C01757,Nicole Moses,Regular,Saundersfurt,Connecticut
C01758,Joann Collins,Regular,West Meganside,California
C01759,Alicia Huynh,Premium,New Jeffrey,Mississippi
C01760,Julie Gallegos,Premium,Laurieview,Georgia
C01761,Robin Wright,Regular,East Stacy,Arizona
C01762,James Higgins,Regular,Port Kathy,New Mexico
C01763,Joseph Wood,Regular,Bryantshire,Delaware
C01764,Justin Carter,Regular,New Richard,Oregon
C01765,Michele Hughes,Regular,Christineshire,Iowa
C01766,Kristin Charles,Premium,South Ricky,Utah
C01767,Jason Figueroa,Regular,Marciachester,Alaska
C01768,Sophia Collins,Regular,North Jessicachester,Iowa
C01769,Danielle Henson,Regular,South Robertborough,Maryland
C01770,Amanda Hendricks,Budget,West Carrie,Pennsylvania
C01771,Matthew Olsen,Budget,North Richardport,Tennessee
C01772,Steven Woodward,Regular,East Christopherview,Texas
C01773,Ann Taylor,Regular,New Barbara,California
C01774,Alexis Bentley,Premium,South Michelle,South Carolina
C01775,Debbie Scott,Regular,New Brandon,Kansas
C01776,Joseph Meza,Regular,Colemantown,Georgia
C01777,Brandy Shepard,Premium,Espinozaton,Missouri
C01778,Heather Pena,Premium,Lake Sandraburgh,Arkansas
C01779,Thomas Lawson,Regular,West Cherylburgh,Alaska
C01780,Joel Brown,Regular,New Ryan,Vermont
C01781,Taylor Mercado,Regular,North Glenberg,Maryland
C01782,Eric Lucas,Regular,Deleonton,North Dakota
C01783,Christine Johnson,Regular,Fischerstad,Nebraska
C01784,Jennifer Pena,Regular,Alexandramouth,Iowa
C01785,Jay Meza,Regular,Alihaven,Illinois
C01786,Henry Mitchell,Regular,Medinaport,Louisiana
C01787,Robin Lynch,Regular,Perryberg,Alaska
C01788,Melissa Hardy,Regular,Port Sarahmouth,Oregon
C01789,Lindsey Lopez,Regular,Stephenfurt,Oklahoma
C01790,Hayley Johnson,Budget,Valdezview,Kentucky
C01791,Charles Jackson,Budget,Stonemouth,Texas
C01792,Shawn Hudson,Regular,South Sylviaside,Arkansas
C01793,Nathan Bishop,Regular,Port Gabriel,Kentucky
C01794,Daniel Love,Premium,New Robert,Wyoming
C01795,Melissa Olson,Regular,East Michaelton,California
C01796,Michael Stewart,Budget,West Codyside,New York
C01797,Ethan Willis,Regular,West Alejandromouth,Nebraska
C01798,Elizabeth Brown,Regular,South Heather,New Mexico
C01799,Megan White,Regular,North Stephen,North Dakota
C01800,Gina Miller,Budget,East Chelsea,Nevada
C01801,Karen Simpson,Premium,West Daniel,Louisiana
C01802,Chase Reynolds,Budget,East Christinaberg,Utah
C01803,Ashley Smith,Regular,North Dianashire,New York
C01804,Stephen Powell,Regular,South Raymond,Montana
C01805,Meredith Brown,Regular,Evanstown,Louisiana
C01806,Jennifer Yang,Regular,West Tracy,Illinois
C01807,Laura Mills,Regular,Melodyshire,Illinois
C01808,Jessica Munoz,Regular,West Tasha,West Virginia
C01809,Hayley Green,Regular,South Kelly,Oklahoma
C01810,Kenneth Hart,Premium,West Christopherhaven,New Hampshire
C01811,Denise Thomas,Budget,South Gregory,West Virginia
C01812,Robert Butler,Regular,Maldonadofurt,New Hampshire
C01813,Deborah Salas,Budget,Perkinsview,New York
C01814,Ryan Hernandez,Regular,New Justin,Nevada
C01815,Jesse Parrish,Budget,Port Timothy,Wisconsin
C01816,Kristine Johnson,Regular,Penastad,Arizona
C01817,Andrew Fisher,Regular,Port Brandon,Virginia
C01818,Sarah Brown,Budget,Port Gabrielland,North Carolina
C01819,James Jimenez,Regular,East Bobfort,Washington
C01820,Norman Hall,Premium,Jackberg,Wisconsin
C01821,Holly Castro,Regular,Fosterton,Mississippi
C01822,Diane Larsen,Regular,Janetfurt,Wyoming
C01823,Phillip Baker,Regular,North Tara,Delaware
C01824,Linda Jones,Regular,East Margaret,Ohio
C01825,James Hull,Regular,Christophermouth,Arkansas
C01826,Teresa Hudson,Regular,Port Calebfort,Washington
C01827,Jacqueline Glenn,Regular,East Robert,South Dakota
C01828,Troy Pace,Premium,Kelseyside,Vermont
C01829,Daniel Schultz,Regular,West Kelseytown,Arkansas
C01830,Christopher Johnson,Regular,Garciaborough,Nebraska
C01831,George Carney,Budget,New Joseph,Iowa
C01832,Ashley Bradley,Regular,Lake Kellybury,New York
C01833,Gabriel Allen,Regular,Crosbyland,Minnesota
C01834,Christina Reynolds,Regular,North Sarahaven,Mississippi
C01835,Roger Rodriguez,Regular,Michaelton,South Carolina
C01836,Michael Villa,Regular,New Joseland,Illinois
C01837,Christy Arias,Regular,Brandonhaven,Delaware
C01838,Andrea Reeves,Regular,Port Kyle,Missouri
C01839,Michael Shaffer,Regular,Port Anneberg,North Carolina
C01840,Robert Mathis,Regular,Lake Melissa,Indiana
C01841,Anthony Gillespie,Budget,Martinezside,Hawaii
C01842,Edward Foster,Regular,East Michele,New Mexico
C01843,Thomas Rhodes,Premium,West Laurafurt,Washington
C01844,Tracy Bowman,Budget,Piercetown,Virginia
C01845,Jeffrey Johnson,Regular,Kaiserfort,Massachusetts
C01846,Matthew Shah,Budget,Gonzalezchester,Nebraska
C01847,Andrea Saunders,Regular,North Allisonland,South Dakota
C01848,Lindsey Vega,Budget,West Brittanymouth,Maine
C01849,Tammy Rivera,Budget,East Anthony,Colorado
C01850,Teresa Ballard,Budget,South Justin,Oklahoma
C01851,Joseph Jackson,Regular,Robertville,Arizona
C01852,James Murphy,Regular,Lake Nicole,Ohio
C01853,Eric Hall,Budget,Lake Wanda,Illinois
C01854,Tracy Garcia,Budget,New Hannahtown,Montana
C01855,Mark Fox,Regular,Ryanville,Alaska
C01856,Karen Huff,Regular,Barberview,Mississippi
C01857,Andrea Young,Regular,South Wendymouth,Kentucky
C01858,Lisa Boone,Regular,New Steven,Alabama
C01859,Kelly Miller,Premium,Carrollmouth,Connecticut
C01860,Kendra Walters,Regular,South Shannon,New Mexico
C01861,Jeffrey Baird,Regular,New Jodimouth,Nebraska
C01862,Melissa Deleon,Regular,Lake Andreabury,Massachusetts
C01863,Cameron Perez,Regular,New Jeffrey,Montana
C01864,Hayden Russell,Premium,Haroldshire,West Virginia
C01865,Isabel Nguyen,Regular,North Joshuafurt,West Virginia
C01866,Steve Richardson,Regular,Tylerview,North Carolina
C01867,Michelle Harris,Budget,South Troyton,Mississippi
C01868,John Webster,Regular,Maryfurt,Mississippi
C01869,Stephanie Stokes,Premium,East Whitneyville,Arizona
C01870,Michael Huynh,Regular,Pattersonland,Kentucky
C01871,Vickie Drake,Regular,Brookeville,Hawaii
C01872,Paul Thomas,Regular,East Micheletown,Idaho
C01873,Austin Newman,Budget,Marissaburgh,New Hampshire
C01874,Alicia Mcdaniel,Premium,Gomezfurt,Maryland
C01875,Misty Duncan,Budget,West Larry,Ohio
C01876,Kathleen Adams,Budget,Lake Destinyside,Tennessee
C01877,Jason Jackson,Regular,Joshuamouth,Massachusetts
C01878,Stephanie Nelson,Regular,Antoniomouth,Hawaii
C01879,John Fisher,Regular,West Kaitlynberg,Missouri
C01880,Henry Campos,Regular,Jordanhaven,Utah
C01881,Jennifer Davis,Regular,South Christopher,Iowa
C01882,Brian Braun,Regular,Youngview,Montana
C01883,William Wade,Regular,Lake Katherine,Nevada
C01884,Anthony Evans,Regular,Lake Monica,Nebraska
C01885,Angela Smith,Regular,Leeside,West Virginia
C01886,Alexandra Dean,Regular,Port Joshuashire,North Dakota
C01887,Ryan Martin,Regular,Roberthaven,Wyoming
C01888,Mrs. Michelle Pearson,Budget,East Michaelton,Pennsylvania
C01889,Adam Walker,Premium,Johnsonhaven,Idaho
C01890,Kathleen Morales,Regular,New Andrewmouth,Illinois
C01891,Patricia Yu,Regular,West Rachelfurt,South Carolina
C01892,Charles Tanner,Regular,South Stephanieton,South Carolina
C01893,Robert Norton,Budget,South Brandonborough,Ohio
C01894,Bryan Christian,Regular,Patrickhaven,Mississippi
C01895,Sharon Bishop,Regular,East Jennifer,Louisiana
C01896,Samantha Myers,Regular,Jimenezbury,Vermont
C01897,Dylan Ryan,Regular,Edwardsbury,New Jersey
C01898,Tiffany Campos,Regular,Castrotown,Maryland
C01899,Andrew Luna,Regular,Yustad,Rhode Island
C01900,Michael Villegas,Regular,East Justinstad,Colorado
C01901,Courtney Strickland,Regular,Lake Michael,Kentucky
C01902,James Sanders,Regular,East Stephanie,Wyoming
C01903,Matthew Garcia,Regular,South Tonyaport,Florida
C01904,Melissa Robbins,Regular,Port Kennethtown,Georgia
C01905,John Perkins,Regular,Emilyland,California
C01906,Lisa Barnett,Regular,Brownton,West Virginia
C01907,Joshua Edwards,Budget,Fischerstad,Virginia
C01908,Kristen Owens,Regular,Lake Crystal,Virginia
C01909,Jennifer Stout,Regular,East Melissa,Tennessee
C01910,Jason Robinson,Premium,Port Aprilberg,Pennsylvania
C01911,Brandi Mason,Regular,Port Olivia,Florida
C01912,Christian Ballard,Regular,Pamberg,Texas
C01913,Trevor Flores,Regular,Morenohaven,Wisconsin
C01914,Beth Orozco,Regular,Port Patriciahaven,Massachusetts
C01915,Summer Brown,Regular,Katherinemouth,Pennsylvania
C01916,Lauren Hale,Regular,East Jeremyfurt,South Dakota
C01917,Brian Davis,Regular,Warrenport,Indiana
C01918,Scott Cordova,Regular,Lucasfort,Massachusetts
C01919,Abigail Garcia,Regular,West Patricia,New York
C01920,Paul Miller,Regular,Lake Maryfurt,Oklahoma
C01921,Natalie Esparza,Budget,Lake Ryanbury,Alabama
C01922,Amy Fletcher,Regular,West Stephaniemouth,Rhode Island
C01923,Linda Phillips,Regular,Lake Carlos,New Hampshire
C01924,Whitney Rivera,Regular,Montgomerymouth,Wyoming
C01925,Natasha Cox,Regular,North Jasmine,Utah
C01926,Julie Ward,Budget,Heathermouth,Washington
C01927,Lisa Stewart,Regular,Simmonsfurt,Wyoming
C01928,Ryan Murphy,Regular,Lake Misty,Alaska
C01929,Judy Mercado,Regular,South Mikebury,Tennessee
C01930,Michael Browning DVM,Regular,East Mary,Wisconsin
C01931,Tyler Briggs,Regular,East Josephland,Maine
C01932,Kristina Oconnor,Regular,Port Daniel,Missouri
C01933,Ryan Jackson,Budget,Grahamfurt,New Mexico
C01934,Linda Hernandez,Regular,Morrismouth,Virginia
C01935,Shannon Garza,Regular,Tonyfort,Rhode Island
C01936,Paul Johnston,Regular,New Samanthaview,Rhode Island
C01937,Jessica Coffey,Regular,Burnsstad,New Hampshire
C01938,Henry Johnson,Regular,Debbieside,Georgia
C01939,Kevin Baird,Premium,North Rogerfurt,Illinois
C01940,Christopher Hogan,Budget,Williamsborough,Maine
C01941,James Morris,Regular,Michaelview,South Dakota
C01942,Jackson Rogers,Regular,New Robert,Alabama
C01943,Dale Johnson,Regular,East Susanhaven,Alabama
C01944,Clifford Gallagher,Budget,West Sherriburgh,Idaho
C01945,Kevin Malone,Regular,Port William,Texas
C01946,Robert Todd,Regular,Johnview,Kentucky
C01947,Kevin Bender,Regular,Lake Christopherhaven,Kansas
C01948,Anthony Vazquez,Regular,New Tracy,New Jersey
C01949,Kathleen Fisher,Regular,Jamesbury,Oklahoma
C01950,Sue Gordon,Regular,Port Paul,California
C01951,Joyce Schultz PhD,Regular,Delgadofurt,Montana
C01952,Joe Bell,Regular,Port Steven,New Jersey
C01953,Matthew Smith,Budget,Hannahberg,Ohio
C01954,Robert Rodriguez,Regular,Colestad,Indiana
C01955,Jessica Schroeder,Regular,Sanchezburgh,Ohio
C01956,Michael Morrison,Regular,Terriview,Mississippi
C01957,Hannah Washington,Regular,New Jameston,Illinois
C01958,Jared King,Regular,Daltonhaven,Georgia
C01959,James Leach,Regular,Rhondaland,Wisconsin
C01960,Elizabeth Gomez,Regular,Thompsonfort,West Virginia
C01961,Ricky Hernandez,Regular,Williamsville,Oklahoma
C01962,Jennifer Soto,Budget,North Cindy,Arkansas
C01963,Paul Perez,Regular,Johnsonberg,Maryland
C01964,Sean Martinez,Regular,Fletcherville,North Carolina
C01965,Patrick Cline,Budget,Garciashire,Mississippi
C01966,Paul Clark,Premium,South Alexandriashire,South Carolina
C01967,Ronald Long,Regular,Lake Caitlin,Vermont
C01968,Ariel Stewart,Regular,North Jessicamouth,Rhode Island
C01969,Jacob Boyd,Regular,East Marcustown,Nevada
C01970,Jeffrey Schultz,Regular,Andrewfurt,Michigan
C01971,Donna Martin,Regular,Ericaton,Nevada
C01972,Michael Moore,Regular,Murphyport,Indiana
C01973,Mary Mccarthy,Regular,New Douglasborough,Kentucky
C01974,Jason Gonzalez,Premium,East Bonnie,Vermont
C01975,Matthew Lee,Regular,North Heather,New Hampshire
C01976,Kenneth Frank,Budget,South Paul,Mississippi
C01977,Erica Young,Regular,Lake Joditown,Wyoming
C01978,Michelle Graves,Regular,Lake Christopher,Michigan
C01979,Daniel Ortiz,Regular,Schroederberg,New Jersey
C01980,Jason Rodriguez,Budget,Michaelfurt,Nevada
C01981,John Camacho,Budget,East Paul,New Jersey
C01982,Mr. Kevin Garcia,Budget,Shawshire,North Dakota
C01983,James Hall,Regular,West Ashley,Tennessee
C01984,Matthew Wolf,Regular,New Gregory,Ohio
C01985,Haley Frazier,Regular,West Brooke,New Mexico
C01986,Elizabeth Weaver,Regular,Lake Janice,Missouri
C01987,Kimberly Ford,Budget,Owensside,Michigan
C01988,Timothy Hill,Budget,Port James,Alabama
C01989,Terry Kidd,Regular,Ellisonburgh,Kentucky
C01990,Kelly Sanchez,Budget,Danielfurt,Maryland
C01991,Terry Fuller,Regular,West Suzannemouth,Hawaii
C01992,Anita Elliott,Regular,Whiteside,Connecticut
C01993,Jason Short,Budget,East Alejandraberg,Georgia
C01994,Patricia Jordan,Regular,Hartmanmouth,Idaho
C01995,Chris Kelley,Regular,Johnborough,North Carolina
C01996,Amanda Martinez,Regular,West Katie,New York
C01997,Gina Riley,Regular,Thorntonside,Illinois
C01998,Randy Lamb,Regular,Courtneyhaven,Rhode Island
C01999,Marcus Wright,Regular,Wattschester,Minnesota
C02000,Derek Taylor,Regular,South Melaniemouth,Indiana
C02001,Debra Mullen,Regular,New Mariashire,Connecticut
C02002,Martin Ayala,Regular,East Heather,South Dakota
C02003,Sandra Brown,Premium,Phillipsland,Utah
C02004,Breanna Rodriguez,Regular,Joshuafurt,Hawaii
C02005,Brittany Garza,Regular,Craigtown,Idaho
C02006,Donna Thomas,Regular,Toddtown,Missouri
C02007,Christine Ford,Regular,East Aprilbury,Idaho
C02008,James Lawson,Regular,West Alexandermouth,South Carolina
C02009,Dr. David Hernandez,Regular,Thomasberg,Hawaii
C02010,Phillip Brooks,Budget,North Matthewtown,South Carolina
C02011,Rebecca Phelps,Premium,Stevensonview,Oklahoma
C02012,Heather Adkins,Regular,Johnside,Vermont
C02013,John Novak,Regular,New David,Arizona
C02014,Jill Long,Budget,Rodriguezhaven,Maine
C02015,Robert Rojas,Regular,Lebury,Florida
C02016,Margaret Alvarez,Premium,Port Brettport,Arizona
C02017,Anthony Mitchell,Premium,West Bobbyhaven,Oklahoma
C02018,Jamie Skinner,Regular,East Elizabeth,North Dakota
C02019,Brandy Swanson,Premium,Port Kimberly,Rhode Island
C02020,Travis Sanchez,Premium,South Christophermouth,Delaware
C02021,John Salinas,Premium,North Stacey,Connecticut
C02022,Michael Ross,Regular,Woodston,Hawaii
C02023,Christine Taylor,Regular,Lake Nicholasborough,New Jersey
C02024,David Moss,Budget,Michaeltown,Alaska
C02025,Lauren Vargas,Regular,Lake Leslie,Arizona
C02026,Kelly Anderson,Regular,Lake Michelletown,Alabama
C02027,Jessica Davis,Premium,Michelleton,Mississippi
C02028,Sarah Morrison,Regular,North Jason,Pennsylvania
C02029,Michael Wilkins,Regular,Lake Monica,Vermont
C02030,Jennifer Rodriguez,Regular,Nguyenshire,Massachusetts
C02031,Mr. Allen Armstrong,Regular,East Julie,Nevada
C02032,Nathan Kennedy,Budget,South Henry,Florida
C02033,Mike Curry,Regular,South Deniseland,Kentucky
C02034,Joseph Tran,Budget,East Kathryn,Colorado
C02035,Joshua Riddle,Budget,Welchhaven,Oklahoma
C02036,Matthew Hanson,Regular,Mcdonaldside,Delaware
C02037,Christopher Cochran,Regular,South Larry,Maryland
C02038,John Martinez,Regular,South John,West Virginia
C02039,Lonnie Tran,Regular,Marquezbury,Connecticut
C02040,Jonathan Ford,Budget,West Jacqueline,Florida
C02041,Brittany Rogers,Regular,Henryton,California
C02042,Matthew Elliott,Regular,Taylortown,Kentucky
C02043,Tracey Morse,Budget,Michaelbury,Vermont
C02044,Melissa Gallegos,Regular,West Larry,Oregon
C02045,Carl Humphrey,Regular,Mikeville,Kansas
C02046,Melissa Hudson,Regular,New Richardport,Louisiana
C02047,Kevin Bryan,Regular,Lake Karen,New Mexico
C02048,Diana Keller,Regular,Kathrynmouth,Iowa
C02049,Mrs. Stephanie Gonzalez,Budget,Beckburgh,Indiana
C02050,Alexis Brown,Regular,Port Emily,South Carolina
C02051,Joshua Fitzgerald,Regular,Robertsonshire,Arkansas
C02052,Amanda Simmons,Regular,West Laurafurt,Massachusetts
C02053,Jacqueline Anderson,Regular,Hallland,Virginia
C02054,Wanda Schroeder,Budget,Port Denisefort,Tennessee
C02055,Karen Johnson,Premium,East Jeremy,Oregon
C02056,Dustin Nash,Regular,New Maxwell,Washington
C02057,Kimberly Rodriguez,Budget,Mathewsland,Delaware
C02058,Diane Moore,Regular,West Frank,Maryland
C02059,Andre Wallace,Budget,West Davidport,Kansas
C02060,Daniel Gordon,Regular,Dudleyberg,Nebraska
C02061,Jessica May,Regular,Port Richard,Indiana
C02062,Nina White,Regular,Tracyhaven,New Mexico
C02063,Ryan Adams,Regular,Andrewbury,California
C02064,John Ryan,Budget,West Rachelstad,Mississippi
C02065,Katherine Sanders,Regular,Ericmouth,Iowa
C02066,Donald Thomas,Regular,Butlerton,New Jersey
C02067,Leslie Moody,Regular,Noblemouth,Nevada
C02068,Dr. Michelle Haynes,Regular,Lake Tarafurt,Wisconsin
C02069,Claire Sloan,Regular,Christineland,Utah
C02070,Mary Duffy,Regular,West Jenniferville,Ohio
C02071,Donna Chambers,Premium,New Ralph,Delaware
C02072,Laura Cooley,Regular,Benjaminport,Utah
C02073,Kirsten Carlson,Budget,New Sarah,Montana
C02074,Albert Ball PhD,Regular,Daleburgh,Virginia
C02075,Leon Mitchell,Budget,Lake Courtneystad,Indiana
C02076,Jeffrey Coleman,Budget,Port Gloria,Tennessee
C02077,Jared Mejia,Regular,West David,Rhode Island
C02078,Rachel Mendez,Regular,Port Amy,Washington
C02079,Shannon Martinez,Regular,New Brendaville,Ohio
C02080,Amanda Thomas,Regular,Amandamouth,Michigan
C02081,Christopher Ross,Regular,New Tamiport,Alabama
C02082,Amanda Middleton,Regular,New Theresamouth,Washington
C02083,Jacqueline Harris,Premium,Kellerfurt,Colorado
C02084,Rebekah Miles,Regular,New Patricia,Minnesota
C02085,Tyler Ford,Regular,New Margaretbury,Virginia
C02086,Aaron Merritt,Regular,New Patriciashire,Rhode Island
C02087,Brian Hensley,Premium,Johnhaven,Wyoming
C02088,Audrey Logan,Regular,Patriciatown,Oregon
C02089,Thomas Rose,Regular,South Sean,Maine
C02090,Dana Tapia,Budget,North Adam,South Carolina
C02091,Barbara Scott,Regular,Lake Michele,Pennsylvania
C02092,Jeffrey Cook,Regular,Schneidermouth,Arkansas
C02093,Mr. Logan Smith,Regular,Michaelchester,Michigan
C02094,Laura Dunn,Regular,Port Joseph,Nevada
C02095,Todd Ramsey,Regular,New Laurenbury,Rhode Island
C02096,Raymond Mcneil,Regular,New Ernestport,Kentucky
C02097,Patricia Smith,Regular,Dannymouth,California
C02098,Nicholas Adams,Premium,Port Ashley,California
C02099,Sarah Hopkins,Regular,Maloneville,Texas
C02100,Sherri Wallace,Regular,Petersland,Minnesota
C02101,Deborah Lane,Budget,New Luis,Connecticut
C02102,Rachel Jones,Regular,Sheilamouth,Pennsylvania
C02103,Karl Moore,Regular,Allisonborough,Vermont
C02104,Teresa Scott,Regular,West Cliffordfurt,North Dakota
C02105,Tina Waters,Premium,Yeseniahaven,Connecticut
C02106,Dr. Danielle Espinoza,Budget,Johnfurt,Maryland
C02107,Sarah Lewis,Regular,Millerberg,Nevada
C02108,Susan Logan,Premium,North Michael,New York
C02109,Wesley Neal,Regular,West Spencer,Louisiana
C02110,Derrick Lee,Budget,Lake Donald,Indiana
C02111,Crystal Perez,Premium,Danielville,California
C02112,Tammy Gonzales,Regular,Brianamouth,Tennessee
C02113,Darrell Henderson,Premium,North Erika,Rhode Island
C02114,Erica Porter,Regular,South Michaelchester,Pennsylvania
C02115,Joseph Lutz,Regular,Jesusfurt,Delaware
C02116,Kelly Smith,Premium,Rebeccaton,Texas
C02117,Shirley Walton,Premium,Lake Mackenziemouth,Alaska
C02118,Tammy Armstrong,Regular,Woodburgh,California
C02119,Mary Brown,Budget,Johnathanview,Washington
C02120,Matthew Henry,Regular,Matthewbury,Nebraska
C02121,Sheryl Wallace,Premium,Troyburgh,Georgia
C02122,Amy Mcintosh,Regular,Johnsonview,West Virginia
C02123,Lynn Brown,Regular,Port Brentshire,Illinois
C02124,Jermaine Blackburn,Regular,Manningfort,New Mexico
C02125,Jacob Fisher DVM,Premium,Port Adrian,Michigan
C02126,Laura Coleman,Regular,West James,North Dakota
C02127,David Wright,Regular,Benjaminfurt,Iowa
C02128,James May,Regular,Melanieview,New Mexico
C02129,Jennifer Ruiz,Regular,Nelsonhaven,Nebraska
C02130,Austin Yates,Regular,Martinezshire,Mississippi
C02131,Susan Scott,Regular,New Raymondburgh,Tennessee
C02132,Beverly Gonzalez,Regular,Smithside,Georgia
C02133,Matthew Garcia,Regular,Stephaniehaven,Illinois
C02134,Donna James,Regular,Jamesfort,Kansas
C02135,Jimmy Huerta,Regular,Williamsonmouth,Connecticut
C02136,Courtney Murray,Budget,Bettyland,Georgia
C02137,Katherine Johnston,Regular,Penaport,Vermont
C02138,Felicia Davis,Budget,Port Kerry,Rhode Island
C02139,Ronald Nichols,Budget,West Michellemouth,Wisconsin
C02140,Kathryn Richardson,Regular,Robbinsland,Florida
C02141,Kristina Rowe,Regular,Michaelaberg,Tennessee
C02142,April Cantu,Regular,Port Cynthiaton,Georgia
C02143,Angela Lewis,Budget,Paulmouth,South Carolina
C02144,Whitney Lee,Regular,Hillhaven,Kentucky
C02145,Kyle Stafford,Regular,South Joshuaville,Tennessee
C02146,Megan Hawkins,Budget,Weeksborough,Idaho
C02147,Jacqueline Fuller,Premium,Port Kurt,Kansas
C02148,Michael Payne,Regular,Amandashire,Massachusetts
C02149,Travis Hernandez,Regular,Oliverport,Montana
C02150,Mrs. April Hernandez,Regular,West Eric,Nebraska
C02151,Ryan Cooley,Regular,Lake Karenton,Nebraska
C02152,Mr. Bobby Hernandez,Regular,Darleneview,Illinois
C02153,Katherine Walter,Budget,Ryanport,New Hampshire
C02154,Jeremy Cox,Regular,North Andrea,Connecticut
C02155,Sherry Ray,Regular,Port Nicholasfort,Ohio
C02156,Rebecca Reynolds,Regular,Fordmouth,Oklahoma
C02157,Renee Daniels,Regular,North Kevinton,Massachusetts
C02158,Scott Morton,Premium,New Cody,North Carolina
C02159,Travis Cooper,Budget,Maciasburgh,Montana
C02160,Tracy Atkinson,Premium,Port Anthony,California
C02161,Suzanne Gross,Regular,Hayneshaven,Nebraska
C02162,Ian Mclaughlin,Regular,Lake Stephanieborough,Maryland
C02163,Gavin Owens,Regular,Jaymouth,Arizona
C02164,Courtney Rodriguez,Regular,Samuelborough,Illinois
C02165,Yolanda Terry,Regular,Taylorhaven,New Jersey
C02166,Donna Howard,Regular,Robertview,Alabama
C02167,Monica Reyes,Regular,Michaelfurt,Pennsylvania
C02168,Thomas Roach,Regular,Coxstad,Arkansas
C02169,Robert Harrison,Budget,North Jeffreystad,Arkansas
C02170,Melissa Riley,Regular,Irwinland,Michigan
C02171,Stephen Clark,Regular,North Ericamouth,North Carolina
C02172,Jason Baker,Regular,New Rachelfurt,Louisiana
C02173,Donna Davidson,Regular,Sonyafurt,Alabama
C02174,Daniel Ramirez,Regular,Adammouth,Iowa
C02175,Michelle Garrison,Budget,South Thomaston,Florida
C02176,Tara Cohen,Regular,Melindafurt,Ohio
C02177,James Villanueva,Budget,Amandaland,Louisiana
C02178,Patricia Bradford,Regular,Port Cindy,Delaware
C02179,Raymond Griffin,Regular,Stewartport,South Carolina
C02180,Benjamin Kirby,Regular,Angelafurt,Pennsylvania
C02181,Laura Holder,Regular,Blackbury,Michigan
C02182,Heather Jordan,Budget,New Jamie,Utah
C02183,David Becker,Regular,Lake Lisa,North Carolina
C02184,Erin Miller MD,Regular,Ryanborough,Florida
C02185,Laura Ford,Budget,West Karenfurt,Connecticut
C02186,James Nelson,Regular,Danieltown,Montana
C02187,Holly Myers,Regular,Hansonshire,Massachusetts
C02188,Stephanie Zimmerman,Regular,East Christianville,Mississippi
C02189,Russell Santana,Regular,East James,Missouri
C02190,Veronica Reese,Premium,Sherriside,Nevada
C02191,Vernon Huff,Budget,Lake Erinville,Maryland
C02192,Heather Cruz,Regular,Butlerview,Michigan
C02193,Martin Singh,Regular,Lake Donnafurt,Missouri
C02194,Jennifer Rice,Regular,Sullivanton,Nebraska
C02195,Megan Meyers,Regular,East Erika,North Carolina
C02196,Sarah Smith,Budget,West Micheal,Kentucky
C02197,Heather Williams,Regular,East Robin,Alaska
C02198,Rodney Taylor,Premium,Sheppardville,Arizona
C02199,Jaclyn Rodriguez,Regular,Christopherland,Utah
C02200,Troy Rogers,Regular,West Josephtown,Michigan
C02201,Courtney Flores,Regular,Russellfort,North Carolina
C02202,Stephanie Villanueva,Regular,Port Josemouth,Texas
C02203,Lori Smith,Regular,Lake Evan,Massachusetts
C02204,Danielle Banks,Premium,Lake Matthewfort,Washington
C02205,Nicole Conrad,Regular,South Robertchester,Connecticut
C02206,Jason Ward,Regular,Kennedyton,Delaware
C02207,William Snyder,Regular,Mitchellshire,North Dakota
C02208,Bryan Patterson,Budget,Vanessaport,Indiana
C02209,Lisa Herring,Premium,South Mia,Connecticut
C02210,Pamela Reid,Regular,Lindaport,Wyoming
C02211,Christine Melton,Regular,Wheelerport,Arizona
C02212,Nicholas Williams,Budget,Cameronville,Iowa
C02213,Benjamin Craig,Regular,Hallchester,North Dakota
C02214,Joshua Bond,Regular,West Kristenshire,Utah
C02215,Heather Mcclain,Regular,South Genechester,Missouri
C02216,Claudia Rhodes,Regular,Moyerborough,New Jersey
C02217,Tyler Johnson,Regular,South Alex,Maryland
C02218,Nicole Bond,Regular,Deannafort,Arizona
C02219,Michael Randolph,Regular,East Maryton,Georgia
C02220,Beverly Obrien,Budget,New Carlosport,North Dakota
C02221,Justin Velez,Regular,Danielleland,Texas
C02222,Karen Bradford,Regular,Freemanside,Kansas
C02223,Yolanda Hanson,Budget,Port Dianemouth,New York
C02224,Charles Brooks,Regular,West David,Nebraska
C02225,Corey Rodriguez,Regular,Meganland,Massachusetts
C02226,Kyle Scott,Regular,Annetteside,North Dakota
C02227,Kathleen Hunter DDS,Premium,Kirbychester,Delaware
C02228,Tracy Young,Regular,Westborough,Alaska
C02229,Lori Thomas,Regular,Lake Catherinemouth,Maryland
C02230,Zachary Huynh,Budget,North Kyle,Alabama
C02231,Tyler Osborne,Regular,Vanessatown,Arkansas
C02232,Ariana Sullivan,Budget,Lake Meghan,Nebraska
C02233,Allison Benson,Budget,Justinshire,California
C02234,Bethany Daniels,Regular,Roseburgh,Alaska
C02235,Kelly Rollins,Regular,North Cynthialand,West Virginia
C02236,Jennifer Bennett,Regular,West Emilychester,Georgia
C02237,Justin Sanchez,Regular,Lake Kellyland,Minnesota
C02238,Dylan Jensen,Regular,New Annatown,New Mexico
C02239,Krista Gregory,Regular,East Monicachester,Massachusetts
C02240,Sarah Rubio,Premium,Vasquezberg,Florida
C02241,Natalie Lynch,Regular,East Jordan,Mississippi
C02242,Benjamin Santos,Premium,Port James,Florida
C02243,Joseph House,Budget,Tinaside,Oklahoma
C02244,Karen Montgomery,Budget,Gonzalezfurt,Michigan
C02245,Barbara Porter,Budget,Kimberlymouth,Nevada
C02246,Carl Palmer,Budget,Thomasshire,Montana
C02247,Todd Martin,Regular,Jasontown,Arizona
C02248,Whitney Martin,Regular,Lake Danielburgh,New Jersey
C02249,Kenneth Roberts,Premium,Port Christopher,Illinois
C02250,Shelley Hall,Regular,South Benjaminview,Oklahoma
C02251,Cheryl Delgado,Regular,Floresburgh,Colorado
C02252,Brandon Spencer,Regular,Lake Aaronberg,Florida
C02253,Lindsey Wilson,Budget,New Ryanville,New Mexico
C02254,Linda Kelley,Regular,Bennettfort,Alabama
C02255,Lawrence King,Regular,New Douglasview,Delaware
C02256,Robin Gardner,Regular,Hallton,New York
C02257,Craig Murphy,Regular,Port Tiffanybury,Wyoming
C02258,Andres Wright,Premium,South Angela,New York
C02259,Laura Shepherd,Budget,Lake Michael,Pennsylvania
C02260,Taylor Wang,Budget,New Samuelburgh,Washington
C02261,Miguel Burton,Regular,New Christopherton,Florida
C02262,Kirk Rodriguez,Regular,Port Dustinborough,Maryland
C02263,Ryan Roberts,Regular,Williamsmouth,Iowa
C02264,Christopher Hunt,Regular,West Andrewshire,Utah
C02265,Deborah Reyes,Budget,Alanmouth,Arkansas
C02266,Laura Bell,Budget,Lake Shaunborough,Maine
C02267,Danielle Thomas,Regular,South Amanda,Indiana
C02268,Alexander Lawson,Budget,South Christophermouth,Tennessee
C02269,Benjamin Cain,Regular,Johnhaven,Minnesota
C02270,Dawn Allen,Regular,Rhodesmouth,Tennessee
C02271,Samantha Mercado,Regular,Laurenstad,Maryland
C02272,Brittany Martin,Regular,Nealbury,Missouri
C02273,Stephanie Madden,Regular,Brooksport,Maryland
C02274,Rhonda Hudson,Regular,Lake Stephaniestad,Minnesota
C02275,Richard Rivera,Regular,Boydshire,Iowa
C02276,Patrick Dixon,Budget,Briannafort,Delaware
C02277,Jessica Chandler,Regular,Clarkfurt,Alabama
C02278,Lauren Jenkins,Regular,North Annaville,Kansas
C02279,Alexandra Small,Budget,Theresafurt,Delaware
C02280,Janet Lee,Premium,Ewington,New Mexico
C02281,Denise Ruiz,Regular,Danielsmouth,Oklahoma
C02282,Ms. Dominique Robertson,Regular,Rhondaview,North Dakota
C02283,Melissa Orr,Regular,Wangfurt,Alabama
C02284,Laurie Nguyen,Budget,Jonesview,Arizona
C02285,Taylor Williams,Regular,Steveville,Connecticut
C02286,Laura Singh,Regular,Longview,North Carolina
C02287,Thomas Delgado,Premium,Doyleburgh,New Mexico
C02288,Vincent Mccarthy,Budget,Gabrielborough,Wyoming
C02289,Joseph Stevens,Regular,West Garymouth,Rhode Island
C02290,Laura Murray,Regular,Erikchester,Maryland
C02291,Raymond Lewis,Regular,Lake Jessicaborough,Maine
C02292,Nicole Jones,Regular,Hernandezshire,Mississippi
C02293,Scott Alexander,Regular,Hurleyfort,Alabama
C02294,Morgan Prince DVM,Budget,Obrienhaven,Vermont
C02295,Christopher Morgan,Premium,Avilafurt,Hawaii
C02296,Nathan Callahan,Regular,Port Matthewmouth,Pennsylvania
C02297,Matthew Evans,Regular,East Michael,Texas
C02298,William Rodriguez,Regular,West Annamouth,Nebraska
C02299,Victoria Mills,Premium,Michaelmouth,Iowa
C02300,Kelli Davis,Regular,New Nicole,Nevada
C02301,Tony Roberts,Budget,Melissaside,Nevada
C02302,Traci Smith,Regular,West Rachelfurt,Montana
C02303,Anthony Patterson,Regular,Jameschester,Arkansas
C02304,Dustin Leonard,Regular,Diazton,Rhode Island
C02305,Jason Wilson,Budget,East Stephanie,North Carolina
C02306,Kyle Kennedy,Premium,New Johnstad,Nevada
C02307,Kerry Wiggins,Budget,Dayview,Maine
C02308,Peter Dunn,Regular,Port Jillside,Kansas
C02309,Gary Medina,Budget,Jasonville,Pennsylvania
C02310,David Lee,Regular,Lake Shannontown,Wyoming
C02311,Michael Elliott,Budget,Nicholsburgh,South Carolina
C02312,Jennifer Flores,Regular,Wolfshire,New Jersey
C02313,Jenny Ball,Regular,Connortown,Florida
C02314,Courtney Hudson,Regular,Silvastad,Iowa
C02315,Amy Martinez,Regular,Williamsside,New Hampshire
C02316,Lisa Vaughn,Regular,Tracyfort,Maine
C02317,John Spence,Premium,East Cathyside,Maryland
C02318,Mary Jackson,Regular,Tammyfurt,Utah
C02319,Karen Huffman,Regular,Kennethton,Oklahoma
C02320,Ryan Spencer,Regular,Port David,Tennessee
C02321,Samantha Rhodes,Regular,Jamesmouth,Wisconsin
C02322,Samantha Taylor,Regular,Rebeccabury,Idaho
C02323,Eric Murphy,Budget,New Kendrachester,Arkansas
C02324,Tina Ford,Regular,Richardmouth,Nebraska
C02325,Robert Dodson,Regular,New Travis,Vermont
C02326,Dana Short,Premium,East Chloe,West Virginia
C02327,Stacy Rodriguez,Premium,New Hannahmouth,Arizona
C02328,Rachel Peterson,Regular,East Thomas,Alaska
C02329,Daniel Avila,Regular,Johnsonton,Wisconsin
C02330,Ashley Taylor,Regular,Tracytown,Pennsylvania
C02331,Linda Watkins,Regular,North Chasechester,Virginia
C02332,Mitchell Macdonald,Premium,South Antoniomouth,Pennsylvania
C02333,Kelli Kelly,Regular,West Jonathan,Delaware
C02334,Christy Griffin,Regular,Butlerhaven,Virginia
C02335,Donna Padilla,Budget,New Maurice,Washington
C02336,Timothy Stevens,Regular,West Amyshire,Arkansas
C02337,Katrina Ortiz,Regular,West Michael,Vermont
C02338,Robert Larson,Regular,Port William,Kentucky
C02339,Cindy Harris,Budget,South Dianebury,Alaska
C02340,Jared Sanders,Regular,New Christinafurt,New York
C02341,Jeffrey Reynolds,Budget,Port Eugenechester,North Dakota
C02342,Tina Sanchez,Regular,Lake Michaelton,Delaware
C02343,Gavin Bush,Regular,Mccartyside,Michigan
C02344,Joshua Mora,Budget,New Annfort,Tennessee
C02345,Robert Murillo PhD,Regular,East Moniqueville,Massachusetts
C02346,Dean Pearson,Regular,Andrewport,Texas
C02347,Jeffrey Davis,Budget,Rioshaven,Tennessee
C02348,Aaron House,Regular,Chavezville,Florida
C02349,Cheryl Greene,Regular,Shannonmouth,South Dakota
C02350,Jennifer Hopkins,Premium,New Nathan,New Jersey
C02351,Derek Gardner,Regular,East Diane,New Jersey
C02352,Janet Moran,Regular,West Bill,New Mexico
C02353,Carlos Palmer,Regular,Port Rachel,Florida
C02354,Tyler Haynes,Premium,South Kyle,Vermont
C02355,Hannah White,Regular,Webbburgh,Maryland
C02356,Jacqueline Hudson,Regular,Alisonberg,Kansas
C02357,Nichole Stone,Regular,Shannonton,Michigan
C02358,John Smith,Regular,Petermouth,Nebraska
C02359,Tanya Mcdonald,Regular,East Toddhaven,North Dakota
C02360,Tina Copeland,Regular,Andrewbury,Mississippi
C02361,Erika Steele,Regular,East Brian,Oregon
C02362,Tim Myers,Budget,Denniston,Minnesota
C02363,Ricky Atkinson,Regular,Port Suzanneberg,North Carolina
C02364,Thomas Koch,Premium,Wallacetown,Alaska
C02365,Alexa Ortega,Regular,Terryburgh,Texas
C02366,Amber Henry,Budget,Gilesburgh,Missouri
C02367,Allison Stout,Budget,New Kimberly,Kansas
C02368,Michael Brooks,Regular,Lake Deborah,Kentucky
C02369,Courtney Horton,Regular,Riosburgh,Oregon
C02370,Kevin Wells,Regular,North Aprilview,Florida
C02371,Kristin Johnson,Regular,Lake David,Colorado
C02372,Shawn Bass,Regular,Lake Kellyfort,West Virginia
C02373,Lauren Cole,Regular,Matthewland,Nevada
C02374,Shane Miller,Regular,Sarahmouth,Maryland
C02375,Kristi Le,Regular,East Maria,North Carolina
C02376,Brian Gibson,Regular,Mooretown,Arizona
C02377,Carla Poole,Regular,Aprilmouth,Ohio
C02378,Ashley Flores,Regular,Beckport,Nebraska
C02379,Richard Molina,Regular,Port Edwardshire,Pennsylvania
C02380,Allison Huffman,Regular,North Adammouth,Wyoming
C02381,Antonio Perry,Budget,Wallacehaven,Kansas
C02382,Shannon Clay,Budget,Francisside,Ohio
C02383,Rachel Foster,Regular,Amyton,Missouri
C02384,Leslie Dixon,Regular,Joelstad,Connecticut
C02385,Angela Briggs,Budget,Deniseville,New York
C02386,Theresa Rice,Regular,West Jay,Wyoming
C02387,Kimberly Carlson,Regular,North Tiffany,Alabama
C02388,Marisa Allen,Regular,East Jenniferport,Tennessee
C02389,Emily Russell,Regular,East Michaelland,Oregon
C02390,Rachel Lee,Budget,New Ryan,Illinois
C02391,Andre Mejia,Budget,Lake Amyview,Oregon
C02392,Angela Miller,Regular,Port Jose,New Hampshire
C02393,Emily Graham,Premium,Jacobsstad,Vermont
C02394,Margaret Morgan,Regular,Reynoldsview,Missouri
C02395,Jeremy Morris,Premium,Port Melissa,Nebraska
C02396,Mario Walter,Budget,Zacharyshire,New Jersey
C02397,Jason Soto,Premium,Ericmouth,Washington
C02398,Diane Bailey,Regular,Evanbury,Arizona
C02399,Kelly Rodriguez,Regular,South Matthew,Utah
C02400,Brandon Dawson,Regular,East Christopher,Delaware
C02401,Anthony Acosta,Regular,Myerstown,Nebraska
C02402,Shawn Green,Premium,Patrickbury,Nevada
C02403,Bryce Williams,Regular,Lake Nancy,Pennsylvania
C02404,Sean Thomas,Regular,Frankshire,Montana
C02405,Michael Fuller DDS,Regular,Port Stephen,New Jersey
C02406,Douglas Marshall,Regular,South Staceyshire,Utah
C02407,Sheri Gilbert,Budget,Christinafurt,Nebraska
C02408,David Summers,Budget,Melissaburgh,New Mexico
C02409,Sharon Curtis,Budget,Tonyaville,Colorado
C02410,Rebecca Brown,Budget,South Christopher,Washington
C02411,Johnny Grant,Regular,Adamside,Georgia
C02412,Renee Shields,Budget,New Lisa,Oklahoma
C02413,Kevin Pratt,Regular,South Gary,Idaho
C02414,Sierra Howard,Budget,East Christopherburgh,Ohio
C02415,James Wright,Regular,West Jane,Montana
C02416,Kenneth Smith,Budget,Davidstad,Nebraska
C02417,Mr. Ryan Gibson,Regular,Baldwinberg,Idaho
C02418,Kristen Porter,Premium,East Troyberg,Nevada
C02419,Eric Rosales,Regular,Sarahbury,Wyoming
C02420,Mathew Gutierrez,Regular,Cruzfurt,New Hampshire
C02421,Luis Mendoza,Premium,Port Johnview,New Hampshire
C02422,Brandon Green,Regular,Port Joshua,Alabama
C02423,Andrew Martinez,Regular,West Brandon,Nevada
C02424,Katrina Lyons,Regular,Richardsonbury,New Mexico
C02425,Jeffrey Roberts,Regular,South Ashley,Oregon
C02426,William Salazar,Regular,Myersside,Illinois
C02427,Chris Walker,Regular,Gardnertown,Mississippi
C02428,Kenneth Duncan,Regular,Greenburgh,Utah
C02429,Scott Mejia,Budget,Elizabethstad,New Mexico
C02430,Steve Blankenship,Budget,Shawnmouth,New Jersey
C02431,Jessica Pineda,Regular,Lake Erika,Oklahoma
C02432,Troy Vincent,Budget,Port Danafort,Massachusetts
C02433,Elizabeth Farrell,Regular,Brownstad,Mississippi
C02434,Dylan Rubio,Regular,West Nicoleton,Nevada
C02435,Jamie Henderson,Regular,Pattersonland,Kansas
C02436,Deborah Gray,Regular,Frenchberg,Kansas
C02437,Marvin Becker,Regular,Johnsonshire,Oregon
C02438,Sharon Reilly,Regular,Burnettville,Rhode Island
C02439,Amy Bryan,Regular,North Charles,Arkansas
C02440,Kevin Cohen,Regular,Matthewborough,North Dakota
C02441,Chelsea Moses,Regular,Brandontown,Wyoming
C02442,Anna Patel,Budget,Fishermouth,North Dakota
C02443,Aaron Rose,Regular,Port Daniel,Oregon
C02444,Susan Norris,Regular,Coleland,New York
C02445,Joseph Spencer,Budget,West Lauren,Maine
C02446,Curtis Burgess,Regular,Port Courtneyside,Wisconsin
C02447,Judy White,Budget,North Tinaport,Vermont
C02448,Cheryl Bailey,Regular,North Donna,West Virginia
C02449,Kara Williams,Regular,Williamsport,South Carolina
C02450,Timothy Collins,Regular,New Karen,Wyoming
C02451,Jake Carrillo,Regular,Isabelborough,Idaho
C02452,Rachel Jones,Regular,Samuelville,Mississippi
C02453,Stephanie Rubio,Regular,Garymouth,New Jersey
C02454,Michele Cortez,Regular,Mileston,Virginia
C02455,Taylor Wilson,Regular,Smithview,South Carolina
C02456,Jason Weaver,Regular,East Anna,Kentucky
C02457,Kristy Greene,Regular,New Lindsey,Iowa
C02458,Pamela Olson,Regular,Austinborough,Idaho
C02459,Kevin Ortiz,Regular,West Mark,Kansas
C02460,Tamara Watkins,Regular,North Destinytown,Utah
C02461,Michael Ramirez,Regular,Port Daltonport,New Mexico
C02462,Mark Torres,Regular,Carsonville,North Dakota
C02463,Jenna Taylor,Regular,Kathleenmouth,Arizona
C02464,Dale Mckenzie,Regular,North Monicafort,Florida
C02465,George Jenkins,Regular,East Sandra,Indiana
C02466,Daniel Mcdonald,Regular,Pamelafort,Idaho
C02467,Tammy Powers,Regular,Port Alexside,Oregon
C02468,Rhonda Robertson,Budget,Samanthafort,Arkansas
C02469,Bradley Thomas,Regular,Stoneton,California
C02470,Craig Villa,Regular,West Donaldburgh,Mississippi
C02471,David Johnson DDS,Regular,Lisahaven,Connecticut
C02472,Tiffany Horton,Regular,East Ronaldstad,Indiana
C02473,Jennifer Herrera,Regular,South Blakeshire,Wisconsin
C02474,Lindsey Shannon,Regular,Kristaside,Ohio
C02475,Frank Guzman,Premium,Jeffreyton,Rhode Island
C02476,Cheryl Smith,Budget,South Tammy,South Carolina
C02477,Tiffany Nelson,Regular,Port Andrew,Massachusetts
C02478,Nicole Hill,Budget,Jonesland,Rhode Island
C02479,Jacob Smith,Premium,Lake Calebport,Wisconsin
C02480,Ms. Jennifer Parsons,Premium,South Lisatown,Nevada
C02481,John Carr,Regular,West Scott,Vermont
C02482,Tammy Martinez,Budget,Velasquezberg,Nebraska
C02483,Shawn Hayes,Premium,East Heatherstad,Wyoming
C02484,Pam Webb,Regular,Petersonside,Oregon
C02485,Latasha Peters,Premium,Jamesborough,Kentucky
C02486,Brandi Carrillo,Regular,South Jonathan,South Dakota
C02487,Candice Harris,Premium,New Richardside,North Dakota
C02488,Benjamin Compton,Regular,Maryside,Vermont
C02489,William Lara,Regular,North Clarencechester,Alaska
C02490,Stephen Eaton,Budget,Lake Lindseyfurt,Maine
C02491,Robert Hayes,Regular,Williamsside,Utah
C02492,Dr. Melissa Evans DVM,Regular,Ashleyland,Montana
C02493,Regina Harris,Regular,New Larry,New Mexico
C02494,Carla Richardson,Regular,South Eric,Kansas
C02495,Jason Miller,Premium,Dennisland,Rhode Island
C02496,Tyler Brown,Regular,East Joseph,Ohio
C02497,Jeffrey Bennett,Regular,Veronicamouth,Wyoming
C02498,Gregory Martinez,Premium,Lake Taylorfurt,Utah
C02499,Benjamin Green,Regular,Tylerburgh,Alabama
C02500,Kelly Conley,Regular,Choiville,Missouri
C02501,Andrew Rodriguez,Regular,Hubbardton,Nevada
C02502,Taylor Scott,Regular,East Jenniferhaven,California
C02503,Jeffrey Maldonado,Regular,Lake Zacharyton,Kansas
C02504,Mark Pittman,Budget,Joshuafurt,Washington
C02505,Claire Hughes,Regular,Lake Douglasland,Massachusetts
C02506,Erica Thompson,Regular,North Angela,Utah
C02507,Meredith Ramsey,Regular,New Emilyfurt,Virginia
C02508,Steven Townsend,Regular,Port Maria,Kansas
C02509,Kristen Martin,Regular,Thomasstad,Georgia
C02510,Andrew King,Regular,Janiceside,Kentucky
C02511,Deanna King,Premium,Hancocktown,California
C02512,Jessica Nicholson,Regular,Andersonchester,Kentucky
C02513,Kelly Solis,Regular,East Philipton,Maine
C02514,Kelly Davis,Regular,Port Michaelport,West Virginia
C02515,Yolanda Rivera,Regular,North Paigeview,North Dakota
C02516,Michael Martinez,Regular,Morganshire,Alabama
C02517,Jason Bennett,Regular,Mariaville,Colorado
C02518,Samantha Patton,Budget,Michellemouth,Alabama
C02519,Tiffany Todd,Regular,New Dianeport,New Mexico
C02520,Matthew Walker,Regular,Port Ethanmouth,North Dakota
C02521,David Reed Jr.,Premium,Williamsstad,South Carolina
C02522,Valerie Lester,Regular,Jamesport,Missouri
C02523,Maria Barker,Regular,Theresaside,Indiana
C02524,Beth Carter,Budget,Lake Claudiabury,Wyoming
C02525,Sara Garcia,Regular,Thomaston,South Carolina
C02526,Amanda Green,Regular,South Scott,Virginia
C02527,Ariana Taylor,Budget,Mcclainland,Louisiana
C02528,Mary Wood,Regular,East Ashleyport,Wyoming
C02529,Kenneth Pierce,Regular,Lake Joanmouth,Wyoming
C02530,Caitlyn Bauer,Regular,Heatherland,Ohio
C02531,Mrs. Jacqueline Williams,Regular,East Georgeborough,Missouri
C02532,Lisa Cook,Regular,Paulside,Pennsylvania
C02533,Yvette Martinez,Regular,East Sarah,Indiana
C02534,Michael Anderson,Regular,Masonton,Oklahoma
C02535,Brooke Sanchez,Regular,Anthonyside,Connecticut
C02536,Dawn Hernandez,Budget,West Katelyn,Virginia
C02537,Michael Parker,Regular,New Norma,Maryland
C02538,Rhonda Mercer,Regular,West Laura,Maine
C02539,Dawn Thompson,Regular,Kristenville,Indiana
C02540,Dr. Cheryl Frazier,Regular,Hunterstad,Rhode Island
C02541,Jill Lewis,Regular,Wrighttown,New Hampshire
C02542,Monica Garcia,Budget,Cabreraton,Georgia
C02543,Russell Young,Regular,Brownhaven,Wisconsin
C02544,Kelsey Brown,Budget,North Michealmouth,Montana
C02545,Morgan Gray,Regular,Thomasmouth,Colorado
C02546,Walter Perez,Regular,New Kevin,Maryland
C02547,Joshua Colon,Regular,South Charlenemouth,Alabama
C02548,Jared Martinez,Budget,New Jacobview,Florida
C02549,Todd Wong,Regular,Kaylastad,North Carolina
C02550,Gerald Campbell,Budget,Port Michael,Maryland
C02551,Jessica King,Regular,Port Georgeburgh,New Hampshire
C02552,Samantha Castro,Regular,West Katherine,Maryland
C02553,Tiffany Harris,Premium,Kelleystad,Wyoming
C02554,Robert Kelly Jr.,Regular,Mcmillanshire,Kansas
C02555,Cindy Guerra,Budget,Port Kristin,Delaware
C02556,Matthew Brooks,Regular,Billymouth,California
C02557,James Hopkins,Regular,South Tony,Vermont
C02558,Amanda Scott,Regular,Lake Toddfurt,Ohio
C02559,Shawn Wilson,Regular,East Robertbury,New Mexico
C02560,Christopher Jones,Budget,East Anthonyfort,Oklahoma
C02561,Dominique Jackson,Premium,New Jenniferburgh,Missouri
C02562,Brian Moran,Regular,Rowetown,New York
C02563,Spencer Vasquez,Premium,Brittanyshire,Utah
C02564,Leslie Massey,Budget,South Lisa,Wyoming
C02565,Elizabeth Tucker,Regular,Orozcomouth,Oregon
C02566,Nathaniel Walters,Regular,Garciamouth,New York
C02567,Anthony Chavez,Regular,South Jesseton,Nevada
C02568,Nicholas Fitzpatrick,Budget,West Melissa,New York
C02569,Jessica Young,Regular,West Kimberlymouth,Washington
C02570,Kristina Robinson,Regular,Catherinechester,Pennsylvania
C02571,Scott Webb,Regular,West Christinestad,Michigan
C02572,Lee Hunter,Premium,Nathanburgh,South Dakota
C02573,Mr. Mark Adams,Regular,Barryborough,Colorado
C02574,Christina Reyes,Regular,Nicoleberg,Maine
C02575,Ryan Gallagher,Regular,New Norma,Georgia
C02576,Laurie Hendricks,Regular,North Joseph,Texas
C02577,Gordon Rodriguez,Regular,Karenhaven,Nebraska
C02578,Robert Jenkins,Regular,Julianport,Hawaii
C02579,Jeffery Jordan,Regular,Port Scottfort,South Carolina
C02580,Peter Chung,Regular,Smithton,Delaware
C02581,Jacqueline Spence,Regular,Laurenport,Nebraska
C02582,Richard Patton,Regular,Sarahland,Oklahoma
C02583,John Baker,Regular,Brownborough,Illinois
C02584,Joan Daniels,Regular,Griffinbury,Minnesota
C02585,Ricky Martin,Regular,South Eddie,Washington
C02586,Gabrielle Romero,Regular,West Josephview,Arkansas
C02587,Chad Johnson,Regular,Raymondborough,Kentucky
C02588,Dana Kelly,Regular,Andrewside,Alaska
C02589,Frank Donovan,Budget,Lambertborough,Montana
C02590,Erin Sanders,Budget,Tonyshire,Colorado
C02591,Pamela Warren,Regular,Bennetthaven,South Carolina
C02592,Joe Kelly,Regular,South Damon,Ohio
C02593,Jason Houston,Regular,New Richard,Mississippi
C02594,Christine Zamora,Budget,Markchester,Maine
C02595,Corey Stephens,Regular,North James,Florida
C02596,Nicholas Carpenter,Regular,Josephshire,California
C02597,Derrick Graham,Budget,North Jennifer,Virginia
C02598,Amy Bennett,Regular,Smithchester,Oklahoma
C02599,Manuel Oconnor,Budget,Port Kimberly,Pennsylvania
C02600,Laura Hoffman,Budget,South Kevin,Kentucky
C02601,Chad Bell,Regular,Samanthamouth,Mississippi
C02602,Dana Olson,Regular,New Jennifer,Delaware
C02603,Dawn Jenkins,Regular,Lesliechester,South Carolina
C02604,Cynthia Harris,Regular,West Ernestside,Colorado
C02605,Tara Carrillo,Budget,South Justinborough,Indiana
C02606,Steven Dean,Regular,North Brittany,Alaska
C02607,Sara Adams,Regular,North Mackenzie,Vermont
C02608,Alyssa King,Regular,Michaelton,Georgia
C02609,Nicholas Sanchez,Budget,South Angelamouth,Montana
C02610,Michelle Myers,Budget,Jacksonland,Oregon
C02611,Melinda Johnson,Regular,Wilkersonshire,Virginia
C02612,Justin Rose,Premium,Riversside,Michigan
C02613,Kevin Ward,Premium,South Nicholaschester,Tennessee
C02614,Mrs. Jessica Marks,Premium,New Carlton,Georgia
C02615,Joshua Brooks,Budget,Port Trevor,Oklahoma
C02616,Logan Moyer,Regular,Brockborough,Rhode Island
C02617,Barry Byrd,Regular,Zacharyville,Massachusetts
C02618,Mrs. Amy Marshall,Premium,Annburgh,Arizona
C02619,William Johnson,Regular,Christopherfort,Tennessee
C02620,Cindy Barber,Regular,Stewartstad,Oregon
C02621,Justin Lopez,Regular,West Danachester,Arizona
C02622,Peter Young,Budget,North Wendy,Florida
C02623,Carlos Johnson,Regular,Lake Jason,New Jersey
C02624,Jason Carroll PhD,Regular,Brookeland,New Jersey
C02625,Corey Kaiser,Premium,Smithstad,Montana
C02626,Robert Knapp,Regular,Smithburgh,New Hampshire
C02627,Kevin Curtis,Regular,Port Jasonland,Idaho
C02628,William Weaver,Regular,South Antoniostad,Idaho
C02629,Karen Miller,Budget,Bergermouth,Idaho
C02630,Brian Taylor,Regular,Kinghaven,California
C02631,Sylvia Strickland,Regular,Port Timothyton,Montana
C02632,Stephanie Berry,Regular,North Kennethfort,Louisiana
C02633,William Nunez,Regular,Kristiburgh,Delaware
C02634,Alan Weaver,Budget,North Ryanmouth,Arizona
C02635,Sarah Herrera,Regular,Fletcherfort,Michigan
C02636,Anthony Macias,Regular,Dixonberg,Wisconsin
C02637,Christopher Holt,Regular,New Justinville,Nevada
C02638,Marie Porter,Regular,West Kennethchester,Delaware
C02639,Mr. Christopher Little,Regular,East Ryan,Maine
C02640,Natalie Jordan,Regular,North Kendraville,South Dakota
C02641,Karen Bautista,Regular,Taylorland,Arizona
C02642,Vanessa Valdez,Regular,Hamiltonland,Idaho
C02643,Madison Carpenter,Regular,Valerieland,Ohio
C02644,Kevin Woods,Regular,North Conniemouth,Maryland
C02645,Sarah Dillon,Regular,East Allison,South Carolina
C02646,David Nixon,Regular,South Nicholaston,Idaho
C02647,Lisa Orr,Regular,Sancheztown,Indiana
C02648,Carl Richmond,Regular,Krausestad,Illinois
C02649,Edward Webster,Regular,Allenhaven,Arkansas
C02650,Patricia Stevens,Budget,Cohenfurt,Illinois
C02651,Donna Hudson,Regular,East Katie,New Mexico
C02652,Alec Gibson,Budget,Pierceview,South Carolina
C02653,Mrs. Melissa Hunter PhD,Regular,Debramouth,Virginia
C02654,Christy Brown,Budget,East Dianatown,New York
C02655,Anna Hunter,Regular,Rodriguezshire,Rhode Island
C02656,Christopher Bennett,Regular,Conniebury,Arizona
C02657,William Murray,Regular,East Teresa,Kansas
C02658,Angela Mack,Regular,Lake Rachelmouth,Georgia
C02659,Paula Lucas,Regular,Davidchester,Maryland
C02660,Amy Fowler,Budget,Phelpsmouth,Nebraska
C02661,Shane Gallegos,Regular,Edwinville,Oklahoma
C02662,Stacie Jarvis,Regular,New Debra,New Jersey
C02663,Robert Mcdonald,Regular,Millerfurt,Florida
C02664,Roy Young,Regular,New Gregland,Virginia
C02665,Sean Adams,Budget,New Douglasmouth,Maine
C02666,Bridget Ferguson,Regular,Lake Taylor,Louisiana
C02667,William Walker,Budget,Lake Marie,Nebraska
C02668,Luis Wallace,Regular,West Ashley,Texas
C02669,Robert Roy,Regular,Hopkinsbury,Massachusetts
C02670,Maria Irwin,Regular,North Jorge,Illinois
C02671,Ashley Anderson,Regular,Christinehaven,Michigan
C02672,Abigail Hughes,Regular,North Timothy,North Dakota
C02673,Keith Bell,Regular,Lake Joe,Nebraska
C02674,Angela Bush,Regular,Port Samuelmouth,Ohio
C02675,Heather Williams,Premium,East Eric,Vermont
C02676,Alicia Miller,Premium,East Wendytown,Utah
C02677,Melissa Ross,Budget,South Carolyn,North Dakota
C02678,Karla Miller,Regular,North Samanthaville,Massachusetts
C02679,Regina Stephenson,Budget,Michaelstad,Maine
C02680,James Perkins,Regular,Bradshawchester,Tennessee
C02681,Stephanie Franklin,Regular,Lake Marymouth,Mississippi
C02682,Kaylee Steele,Regular,Obrienfurt,Hawaii
C02683,Catherine Miller,Premium,Harrisberg,Oregon
C02684,Michelle Owens,Regular,Robertshaven,Idaho
C02685,Debbie Olson,Regular,Port Jenna,Missouri
C02686,Samantha Hancock,Budget,East Joseph,Georgia
C02687,Robert Ray,Regular,New Alan,Wisconsin
C02688,Mia Anderson,Premium,West Laura,South Dakota
C02689,Leah Pope,Regular,East Jeffrey,Alabama
C02690,Travis Moore,Budget,East Mariafort,Georgia
C02691,Autumn Torres,Regular,Robinsonville,Georgia
C02692,Diana Lopez,Regular,Walkerton,Idaho
C02693,Crystal Fitzgerald,Budget,Arnoldfort,Minnesota
C02694,Colleen Wood,Regular,Deanbury,New York
C02695,Jeffrey Clark,Regular,Vincentborough,Utah
C02696,Elizabeth Miller,Budget,North Christopher,South Dakota
C02697,Erin Andrade,Regular,Lake John,Georgia
C02698,Ryan Butler,Regular,South Alec,South Dakota
C02699,Jessica Mendoza,Budget,Joshuaville,Connecticut
C02700,James Hamilton,Budget,New Kyleburgh,Oklahoma
C02701,Michael Brewer,Regular,Port Jennifer,New York
C02702,Jessica Santana,Budget,Lozanomouth,Kentucky
C02703,Jason Nelson,Regular,Williamsshire,Minnesota
C02704,Crystal Woods,Budget,East Eric,Texas
C02705,James Cummings,Regular,West Donna,California
C02706,Robert White,Premium,West Dorothy,Rhode Island
C02707,Timothy Brown,Regular,Mcclainburgh,Ohio
C02708,Alison Marshall,Regular,East Kelly,Nebraska
C02709,Jeremy Silva,Budget,Pollardborough,Massachusetts
C02710,John Sanders,Regular,South Kristyburgh,Florida
C02711,Curtis Garrison,Regular,Meaganmouth,South Carolina
C02712,Christian Davis,Regular,Port Anna,Massachusetts
C02713,Alyssa Matthews,Budget,New Joseph,Kentucky
C02714,Laura Dudley,Premium,East Kevinmouth,Wisconsin
C02715,Lisa Willis,Regular,Lake Amanda,Idaho
C02716,Andrea Pittman,Regular,West Rebeccamouth,Iowa
C02717,Robin Sanchez,Regular,Rojaston,Minnesota
C02718,Michael Wallace,Regular,Knoxhaven,Tennessee
C02719,Ashley Stone,Regular,West Regina,Oregon
C02720,Bryan Arias,Regular,Perezport,Massachusetts
C02721,Chad Cruz,Regular,Meyershire,North Carolina
C02722,Garrett Russell,Budget,Lake Christine,Kentucky
C02723,Kristie Ramirez,Regular,Lynchton,Vermont
C02724,Amber Garcia,Regular,Josephmouth,Idaho
C02725,Cassandra Andrews,Regular,Dianefort,Wyoming
C02726,Patricia Calhoun,Regular,Millerville,Nevada
C02727,Mary Soto,Regular,Irwinberg,Georgia
C02728,Christopher Terry,Budget,Stephenmouth,South Carolina
C02729,Crystal Davis,Premium,Port Scott,North Dakota
C02730,Rachel Simpson,Regular,New Justinland,New Hampshire
C02731,Pamela Sweeney,Budget,Leeborough,Oklahoma
C02732,Matthew Shaw,Budget,East Lisa,Kansas
C02733,Sean Castro,Regular,North Zacharymouth,Washington
C02734,John Ortiz,Budget,North Bruce,Arizona
C02735,Theresa Johnston,Regular,New Mikayla,Missouri
C02736,Marcus Robinson,Premium,South Maryhaven,Kentucky
C02737,Amy Carter,Budget,Ashleyview,Mississippi
C02738,Dr. Mark Owen,Regular,South Brandi,California
C02739,Kevin Dominguez,Premium,Hallstad,New Mexico
C02740,Joseph Turner,Regular,North Markview,Oregon
C02741,Luke Davis,Regular,Peterfurt,Kansas
C02742,Mary Kennedy,Regular,North Evanland,Illinois
C02743,Omar Wright,Regular,New Nicolechester,Montana
C02744,Brenda Davis,Budget,Wellsport,South Dakota
C02745,Terry Love,Regular,New Shellyfort,Idaho
C02746,April Ross,Regular,Lake Ashley,Utah
C02747,Jessica Cole,Regular,Katiefurt,Florida
C02748,Katherine Cooper,Regular,South Robert,Iowa
C02749,Jonathan Murphy,Regular,Jasonmouth,Virginia
C02750,Jill Morton,Regular,West Danieltown,Hawaii
C02751,Barry Cox,Regular,Morganport,California
C02752,Brian Moore,Regular,Maryburgh,Mississippi
C02753,Stacey Harrington,Regular,New Garytown,Montana
C02754,Hannah Davis,Budget,East Annette,Texas
C02755,Deborah Dawson,Regular,Spencerborough,Kansas
C02756,Denise Hardy,Regular,East Samuelberg,Indiana
C02757,Jill Perkins,Regular,Solisstad,Mississippi
C02758,Alexander Mann MD,Regular,East Melissastad,Mississippi
C02759,Michael Graves,Regular,Clarkview,Pennsylvania
C02760,Amanda Gonzalez,Regular,Benjaminton,Arkansas
C02761,John Robinson,Premium,North Kyle,Colorado
C02762,Erin Leblanc,Regular,Garciaside,Nebraska
C02763,Denise Parker,Regular,Buchananchester,Maine
C02764,Dawn Barrera,Regular,Port Ryanton,Washington
C02765,Joshua Smith,Budget,New Mitchell,New Jersey
C02766,Michael Phillips,Regular,Bensonchester,New Mexico
C02767,Tony Spencer,Regular,Waltermouth,North Dakota
C02768,Gabrielle Yoder,Regular,Cruzfort,Maryland
C02769,Anna Floyd,Regular,Emilyberg,New Jersey
C02770,Nathan Taylor,Regular,Jimenezview,Nebraska
C02771,Jennifer Lara,Budget,West Heidi,Delaware
C02772,Taylor Beck,Regular,Scotthaven,New Hampshire
C02773,Richard Jackson,Budget,New Kristin,Arkansas
C02774,Sara Gonzalez,Premium,Heatherside,Connecticut
C02775,Diane Hernandez,Premium,Lovehaven,Maine
C02776,Jennifer Anderson DDS,Budget,Port Chadburgh,Arkansas
C02777,Brandon Garcia,Budget,South Leslieton,Michigan
C02778,Megan Calhoun,Regular,Paulaview,Indiana
C02779,Gabriel Gonzalez,Budget,Lake Ashley,Alabama
C02780,Dr. Anthony Ware PhD,Regular,East Allisonmouth,Oregon
C02781,Lori Beltran,Regular,Port Robertmouth,Washington
C02782,Lisa Jones,Regular,Kellyside,Montana
C02783,Carlos Porter,Regular,Port Dana,Connecticut
C02784,Sherry Johnson,Regular,Brooksport,Massachusetts
C02785,Dennis Santana,Premium,North Melissaport,West Virginia
C02786,Mark Haynes,Regular,South Brenda,North Dakota
C02787,Vickie Copeland,Regular,South Austin,South Dakota
C02788,Wendy Owens,Regular,Pattonview,Louisiana
C02789,Joseph Nguyen,Budget,Collinsbury,Kansas
C02790,Jessica Walker,Regular,South Christophermouth,Nevada
C02791,Patricia Sanchez,Regular,Riggston,Arizona
C02792,Dawn Cowan,Regular,Comptonburgh,Kentucky
C02793,Susan Barker,Regular,Jonesfort,Nevada
C02794,Andre Hubbard,Regular,West Anthony,Connecticut
C02795,Lauren Oconnor,Regular,South Timothy,Alaska
C02796,Kristen Martinez,Regular,Jamesside,Georgia
C02797,Andrew Higgins,Budget,Thomasburgh,Oklahoma
C02798,Chelsea Li,Regular,Christinabury,North Carolina
C02799,Julie Moore,Budget,Pattonview,New York
C02800,James Collins,Premium,North Michelle,Indiana
C02801,Keith Cox,Regular,North Stephanie,Wyoming
C02802,Jason Sanders,Budget,Nancybury,Pennsylvania
C02803,Todd Wright,Regular,North Tina,South Carolina
C02804,Timothy Chang PhD,Regular,Normanbury,Oregon
C02805,Andrea Ball,Regular,Veronicahaven,Vermont
C02806,Kevin Gonzales,Regular,Robertoshire,Minnesota
C02807,Nicole Dixon,Regular,New Jillianberg,Maine
C02808,Ross Thomas,Premium,Ellishaven,Illinois
C02809,Jennifer Gonzalez,Regular,New Ricardostad,South Carolina
C02810,Jeremy Barker,Regular,Port Logan,Oklahoma
C02811,Guy Duncan,Budget,Lechester,Wisconsin
C02812,Pamela Riley,Regular,Davidside,Arizona
C02813,Kevin Lewis,Regular,Lake Mariabury,Hawaii
C02814,John Dougherty,Regular,Marioland,Iowa
C02815,John Morris,Regular,North Francisville,South Dakota
C02816,Chase Klein,Regular,Richardsonfurt,Nevada
C02817,Keith Harris,Regular,Clinechester,Tennessee
C02818,Eric Allen,Regular,Stephanieburgh,Nevada
C02819,Annette Figueroa,Budget,Millerstad,New Mexico
C02820,Victor Higgins,Regular,Stewartshire,Kentucky
C02821,Carrie Parks,Regular,New Aliciafort,New Mexico
C02822,Michael Thompson,Regular,Port Antoniotown,Idaho
C02823,Thomas Bates,Budget,Stephanieborough,South Dakota
C02824,David Walker,Regular,West Douglasport,Idaho
C02825,Lauren Turner,Budget,Fordville,Montana
C02826,Andrea Schmitt,Regular,North Barbara,Rhode Island
C02827,Joshua Simmons,Regular,New Alexiston,New Jersey
C02828,Miguel Hickman,Regular,West Juan,Arizona
C02829,Heather Gay,Regular,East Susan,Mississippi
C02830,Joshua Garcia,Regular,Danielstad,Arizona
C02831,Valerie Williams,Regular,Jarvisview,New Jersey
C02832,Donald Santiago,Premium,Port Gina,New Hampshire
C02833,Willie Peterson,Budget,Huffside,North Carolina
C02834,Whitney Ibarra,Premium,West Shanemouth,Colorado
C02835,Victoria Lewis,Regular,East Nicole,Wyoming
C02836,Anthony Thomas,Budget,Judyville,New York
C02837,Robert Molina,Regular,Colefurt,Georgia
C02838,Charles Rose,Regular,South Meghan,South Dakota
C02839,Jean Brennan,Budget,West Patrick,Pennsylvania
C02840,Christy Cross,Regular,Davishaven,Louisiana
C02841,Ruth Baker,Regular,Rebeccaborough,Washington
C02842,Melanie Sullivan,Premium,Richardberg,Utah
C02843,Richard Ryan,Regular,Lake Randallland,Pennsylvania
C02844,Kelly Gonzalez,Regular,Gardnermouth,Alaska
C02845,Mike Olson,Regular,South Alexander,Montana
C02846,Justin Bradley,Regular,New Samantha,Michigan
C02847,Kimberly Rasmussen,Regular,Davidfurt,Massachusetts
C02848,Yolanda Gilmore,Premium,Thomasstad,Hawaii
C02849,Terri George,Regular,Moorehaven,Washington
C02850,Jessica Larson,Budget,South Jerryville,Mississippi
C02851,Carmen Mosley,Regular,South Kevinmouth,Mississippi
C02852,Nathan Stewart,Premium,Christopherport,Mississippi
C02853,Michele Freeman,Regular,Lynchfort,Iowa
C02854,Jennifer Cohen,Budget,Morrisport,Iowa
C02855,Preston Blackburn,Regular,Gutierrezfurt,South Carolina
C02856,Deanna Sanchez,Budget,Port Jeffreyshire,Connecticut
C02857,Kevin Snyder,Budget,West Curtisborough,Louisiana
C02858,Kim Lee,Regular,Leeshire,Mississippi
C02859,Charles Kim,Budget,South Elizabeth,Wisconsin
C02860,Krystal Garcia,Premium,New Timothy,South Dakota
C02861,Steven Ballard,Regular,South Sharon,Washington
C02862,Phyllis Wood,Premium,South Miguelview,Missouri
C02863,Ashley Burke,Regular,East Ryanbury,Utah
C02864,Katherine Carroll,Regular,Port Courtney,Minnesota
C02865,John Peterson,Regular,Davidtown,Rhode Island
C02866,Jennifer Kramer,Regular,Anthonyberg,New Hampshire
C02867,John Lopez,Budget,East Michaelmouth,New York
C02868,Elizabeth Mills,Budget,West Michael,Colorado
C02869,Johnny Cantu,Regular,Port Charles,New Mexico
C02870,Trevor Lucas,Regular,Markport,South Carolina
C02871,Gloria Hayes,Premium,Nathantown,Iowa
C02872,Kayla Bright,Regular,Lake Melissa,North Dakota
C02873,Erin Sullivan,Regular,Owenside,Idaho
C02874,Jacob Ramirez,Regular,Douglasmouth,Montana
C02875,Dana Mclaughlin,Regular,Lake Dennis,Virginia
C02876,Anthony Phillips,Regular,Johnchester,Virginia
C02877,Juan Price,Regular,Wardville,Mississippi
C02878,Megan Schneider,Regular,New Edwinbury,Nevada
C02879,Mark Brown,Regular,Perrystad,Nevada
C02880,Micheal Mccarthy,Regular,Joelbury,Utah
C02881,Shannon Roy,Regular,Port Jamieburgh,Florida
C02882,Ernest Giles,Regular,New David,Vermont
C02883,Justin Kaufman,Regular,Roblestown,Minnesota
C02884,Kevin Hines,Budget,Kingland,New Hampshire
C02885,David Day,Regular,Marymouth,Indiana
C02886,James Lane,Regular,Leeville,New York
C02887,Brian Cabrera,Regular,West Tara,Kansas
C02888,Kayla Taylor,Regular,Morrisfurt,Maine
C02889,Michael Herring,Regular,West Jamesshire,Louisiana
C02890,Alison Smith,Regular,West Jason,Delaware
C02891,Heather Allen,Budget,Wallaceton,South Dakota
C02892,Sandra Ryan,Regular,Danielport,Minnesota
C02893,Chelsea Moody,Regular,Baxtershire,Alabama
C02894,Joseph Chambers,Budget,New Angeltown,North Dakota
C02895,Robert Collins,Budget,Muellershire,Idaho
C02896,Kellie Dawson,Regular,Williamschester,West Virginia
C02897,Stephanie Cannon,Regular,Mendozaburgh,Oregon
C02898,Glenn Krause,Regular,New George,New Jersey
C02899,Nicole Gomez,Premium,Perezfort,Arkansas
C02900,Mark Cook,Regular,Tammyborough,Louisiana
C02901,Mark Hanson,Regular,Hernandezmouth,Virginia
C02902,Kevin Pitts,Budget,Port Ericaberg,Maine
C02903,Carl Hill,Regular,East Philipfurt,Alabama
C02904,Melissa Grant,Regular,Scottfort,Ohio
C02905,Michael Baker,Regular,Lake Cynthia,South Carolina
C02906,Elizabeth Jackson,Regular,Kathleenstad,New Hampshire
C02907,Logan Saunders,Regular,New Sheri,Vermont
C02908,Amy Hamilton DVM,Budget,Lake Linda,Utah
C02909,Kent Greene,Regular,South Robertport,California
C02910,Annette Moreno,Regular,Woodston,Iowa
C02911,Amber Oliver,Regular,South Emilyborough,California
C02912,Ashley Stewart,Regular,West Stephanieshire,Vermont
C02913,Kyle Williams,Budget,Frankport,Florida
C02914,Zachary Bailey,Regular,South Brianside,Alabama
C02915,Brett Reynolds,Budget,Port Judithfurt,Connecticut
C02916,Natasha Murray,Regular,Perezberg,Illinois
C02917,Christopher Pace,Budget,New Angelaport,New Jersey
C02918,Joshua Miller,Premium,Leslieview,Hawaii
C02919,Christopher Burton,Regular,Devonborough,Nevada
C02920,Abigail Coleman,Regular,Millerville,Wyoming
C02921,Cynthia Davis,Premium,West Emily,New Jersey
C02922,Chad Grant,Regular,Smithshire,Arkansas
C02923,Brett Aguilar,Regular,West Thomas,California
C02924,Elizabeth Stevens,Regular,South Andreaton,Massachusetts
C02925,Dawn Wilson,Regular,North Mariafurt,New Mexico
C02926,Shawn Chang,Premium,Frankborough,New Hampshire
C02927,Donald Miller,Regular,West Troyfurt,Delaware
C02928,Doris Copeland,Budget,Annefurt,Missouri
C02929,Benjamin Greer,Budget,Markview,Michigan
C02930,Joel Jensen,Premium,Port Charlesborough,Texas
C02931,Christine Fox,Regular,New Debra,California
C02932,Matthew Cruz,Regular,New Lisa,Arkansas
C02933,Tiffany Oliver,Regular,Jomouth,Texas
C02934,Jean Marshall,Budget,Leemouth,New Mexico
C02935,Dalton Lee,Regular,West Robert,Massachusetts
C02936,Kathy Schmidt,Regular,Alexport,Arizona
C02937,Stanley Peck,Budget,Dianeside,Connecticut
C02938,Sierra Hendricks,Regular,Russellmouth,New Mexico
C02939,Michael Hamilton,Regular,Jennifertown,Arizona
C02940,Daniel Mcguire,Budget,Michaelport,Kansas
C02941,Jacob Huang,Regular,Jennifermouth,Maine
C02942,Pamela Stone,Regular,Ashleytown,New Jersey
C02943,Craig Villa,Regular,West Rachelfurt,Oregon
C02944,Taylor Phillips,Regular,Comptonburgh,Indiana
C02945,Nicholas Evans,Regular,North Tina,North Dakota
C02946,Shannon Lucas,Regular,East Connorfort,Michigan
C02947,Katelyn Ramirez,Regular,Holmesview,Alabama
C02948,Eric Pittman,Regular,East Jenniferhaven,Ohio
C02949,Samantha Turner,Budget,Trevorchester,Wyoming
C02950,Madison Washington,Regular,Brownberg,Delaware
C02951,Amanda Allen,Regular,Lake Ryan,South Carolina
C02952,Kimberly Sims,Regular,East Ashley,Hawaii
C02953,Katherine Delgado,Regular,Chrismouth,Wyoming
C02954,Dawn Owens,Regular,Davenportburgh,Florida
C02955,Julie Russell,Regular,New Aaronburgh,Rhode Island
C02956,Richard Thompson,Regular,South Emilybury,Indiana
C02957,Justin Robinson,Regular,Christianhaven,Minnesota
C02958,Julian Patterson,Regular,Collinsville,Washington
C02959,Hannah Durham,Regular,East Ashley,Virginia
C02960,Carol Ortiz,Regular,Lake Veronica,Connecticut
C02961,Martin Robinson,Regular,Padillaburgh,Alaska
C02962,Gregg Jones,Regular,New Anthony,Idaho
C02963,James Henry,Regular,New Huntermouth,California
C02964,Jeff Rogers,Regular,Georgeberg,Nebraska
C02965,Jacob Davis,Regular,Davisfurt,Hawaii
C02966,Marcus Simmons,Regular,Thomasshire,Michigan
C02967,Charles Schultz,Regular,Mccoyburgh,South Dakota
C02968,Derrick Kramer,Regular,West Anthony,North Dakota
C02969,Madison Jackson,Budget,East Johnbury,Ohio
C02970,Marcus Meyer,Regular,Deantown,Nebraska
C02971,Kyle Watson,Premium,Oliviachester,Pennsylvania
C02972,Sergio Evans,Premium,North Joshuashire,Illinois
C02973,Charlene Bell,Regular,Larsenberg,Utah
C02974,Cheyenne Stephens,Premium,Hansenmouth,Hawaii
C02975,Barbara Smith,Regular,Williamstown,North Carolina
C02976,Mary Allen,Regular,Yolandabury,Delaware
C02977,Paul Nolan,Regular,Port Cameron,Connecticut
C02978,Jamie Parks,Regular,West Normanchester,New Mexico
C02979,Jessica Knight,Regular,South Rhonda,Minnesota
C02980,Wendy Russell,Regular,West Tracey,Delaware
C02981,Michael Dominguez,Regular,East Sydneyport,North Dakota
C02982,Debra Goodwin,Regular,Vasquezfort,Rhode Island
C02983,Emily Silva,Regular,Lindabury,Arkansas
C02984,Nicholas Davila,Premium,Laurenton,South Dakota
C02985,Julia Watkins,Regular,Samanthatown,Tennessee
C02986,Tina Sims,Regular,Browntown,Indiana
C02987,Robin Clark,Premium,South Lauren,Mississippi
C02988,Tamara Palmer,Regular,South Johntown,Rhode Island
C02989,Sean Martinez,Regular,Patrickside,Vermont
C02990,Latoya Roberts,Regular,West Krista,Oregon
C02991,Lori Bowen,Premium,Gabrielfurt,West Virginia
C02992,Katherine Ortiz,Regular,North Amyburgh,Maryland
C02993,Darlene Mejia,Regular,Kathleenfort,Missouri
C02994,Karen Howard,Budget,Tuckerton,Michigan
C02995,Brandon Atkinson,Budget,Andrewchester,Minnesota
C02996,April Wilson,Budget,West Gregoryborough,Indiana
C02997,Brianna Hensley,Regular,Contrerasland,Maryland
C02998,Craig Castillo Jr.,Regular,Teresahaven,Maine
C02999,Tracy Cook,Regular,East Micheleland,Utah
C03000,Samuel Booth,Regular,South Guyshire,Oklahoma
C03001,Elizabeth Jackson,Regular,North Justinshire,New Jersey
C03002,Mr. Rick Adams,Regular,East Kennethview,Delaware
C03003,Jacob Abbott,Regular,South Ashleyview,Utah
C03004,Andrew Ryan,Regular,East Alison,Kentucky
C03005,Barbara Campbell,Regular,Lake Stephanie,Alaska
C03006,Melinda Alvarez,Regular,North Ian,Nebraska
C03007,Lynn Johnston,Budget,Gonzalezland,Ohio
C03008,Alicia Brown,Regular,New Jimmyburgh,New Hampshire
C03009,Nicole Castro,Premium,Arielborough,Georgia
C03010,Troy Collins,Regular,Elizabethside,New York
C03011,Eric Peters,Regular,West Miguelmouth,California
C03012,Christine Kramer,Regular,Juanfort,Mississippi
C03013,Michael Booker,Regular,Robertchester,Texas
C03014,Mark Orozco,Regular,Garrettbury,South Carolina
C03015,Darin Craig,Premium,Leeside,Rhode Island
C03016,Timothy Phillips,Regular,Danielleton,Montana
C03017,Susan Rosales,Regular,Cynthiaborough,Delaware
C03018,Harold Smith,Regular,Waltonburgh,Kentucky
C03019,Larry Rodriguez,Regular,Lewisville,Colorado
C03020,Mary Banks,Regular,North Kennethborough,New York
C03021,Kristin Armstrong,Regular,New Kimberly,South Dakota
C03022,Gregory Price,Premium,Bensontown,Texas
C03023,Stephanie Jones,Regular,Whitefort,West Virginia
C03024,Beth Maynard,Budget,West Brookeside,West Virginia
C03025,Stephen Conner,Regular,West Andreastad,Rhode Island
C03026,Bonnie Gamble,Regular,Smithshire,Alaska
C03027,Dr. Pamela Hayden,Regular,Port Gary,Texas
C03028,Stephen Bailey,Regular,Debraport,Tennessee
C03029,Erika Bean,Regular,Rosaleshaven,Wisconsin
C03030,Jason Ramirez,Regular,Smithside,New York
C03031,Claire Murray,Premium,North Carolstad,Hawaii
C03032,Jennifer Villegas,Budget,West Brittanyville,New Jersey
C03033,Raven Riley,Regular,Timshire,New York
C03034,Cassandra Ortiz,Regular,Port Nathanielchester,Hawaii
C03035,Kimberly Chapman,Budget,West Jamesbury,Nevada
C03036,Vanessa Newman,Regular,Lake Brenda,Maine
C03037,Justin Flynn,Regular,Crystalbury,Montana
C03038,Hannah Wright,Regular,South Juliatown,Kentucky
C03039,Brian Thomas,Budget,South Amandatown,Iowa
C03040,Christopher Mcclure,Budget,Mannberg,Kansas
C03041,Michael Reeves,Regular,Lindaview,Missouri
C03042,Lisa Wilkins,Regular,Williamfurt,Kansas
C03043,Erika Anderson,Regular,Smithhaven,Arkansas
C03044,Sarah Chapman,Budget,New Jessicashire,Wisconsin
C03045,Suzanne Stanley,Regular,North Steven,New Hampshire
C03046,Nicole Love,Regular,Donnashire,Arkansas
C03047,Patricia Walsh,Regular,Lake Timothychester,Hawaii
C03048,Angelica Turner,Regular,South Marissa,Louisiana
C03049,Kaitlyn Chang,Regular,Ginaport,Kansas
C03050,Stephanie Shah,Budget,Harryborough,Oklahoma
C03051,Amanda Velasquez,Budget,Frederickland,Nebraska
C03052,Matthew Briggs,Regular,Wrightbury,New Mexico
C03053,Heather Sanchez,Budget,Abigailside,Hawaii
C03054,Amber Richardson,Regular,North Andrew,Maryland
C03055,Ashley Guerrero,Regular,North Steven,Ohio
C03056,Michael Johnson,Regular,East Monicaside,Montana
C03057,Andrew Dillon,Regular,Scottborough,Pennsylvania
C03058,Carrie Daniels,Regular,New Brenda,Michigan
C03059,Ashley Snyder,Regular,Steventon,Tennessee
C03060,Amy Johnson,Regular,Milesmouth,Oregon
C03061,Patrick Smith,Regular,Villarrealland,Arizona
C03062,Michael Fields,Regular,New Michael,Oregon
C03063,Jon Stevens,Regular,New Kathy,North Carolina
C03064,William Perez,Regular,Mitchellfort,Connecticut
C03065,Troy Leonard,Regular,East Howard,Alaska
C03066,Amy Schroeder,Regular,New Williehaven,Texas
C03067,Jason Hunt,Premium,Riceton,Maine
C03068,Kevin Nguyen,Regular,New Anaside,California
C03069,Laura Newman,Regular,South Justin,Arizona
C03070,Jackson Bailey,Regular,Barronton,Montana
C03071,Mariah Thomas,Regular,Nelsonmouth,Montana
C03072,Katrina Mccall,Regular,Rowlandland,Hawaii
C03073,Mallory Scott,Regular,North Abigail,Louisiana
C03074,Jason May MD,Budget,West Adam,Maine
C03075,Tracy Melton,Regular,Daleland,New Hampshire
C03076,Fred May,Budget,Lake Blake,Georgia
C03077,Richard Reynolds,Budget,Melissamouth,Maryland
C03078,Mr. Andrew Ibarra,Regular,Jamieville,Minnesota
C03079,Heidi Roberts,Budget,Lake Katherineberg,Alabama
C03080,Ashley Thompson,Regular,Nelsonbury,North Carolina
C03081,Erik Wilkerson,Regular,East Natalietown,New Hampshire
C03082,Renee Rodriguez,Regular,Port Juanton,Maine
C03083,Jennifer Wright,Premium,Port Brittanyland,Connecticut
C03084,Ana Beard,Regular,Lake Alison,Iowa
C03085,James Manning,Regular,Michaelfurt,Mississippi
C03086,Michelle Martin,Budget,Sarahburgh,Connecticut
C03087,Julie Fischer,Regular,Port Margaret,Oklahoma
C03088,Sharon Graham,Regular,North Sandraside,Virginia
C03089,Tina Obrien,Regular,Lake Kimberly,Maryland
C03090,Robert Chang,Regular,East Dannyland,Oklahoma
C03091,Megan Zhang,Premium,Bakerstad,Louisiana
C03092,Ronnie Marshall,Regular,Shellymouth,Georgia
C03093,Jennifer Pearson,Regular,Carrchester,Colorado
C03094,Lisa Taylor,Regular,East Janice,Florida
C03095,Sandra Berry,Budget,Lake Daniel,New Jersey
C03096,Jessica Weaver,Regular,Morganport,Idaho
C03097,Anna Meyer,Regular,Jenniferchester,South Dakota
C03098,Brenda Robinson,Regular,South Kristin,South Dakota
C03099,Courtney Palmer,Regular,West Danielle,New Hampshire
C03100,Christy Lopez,Premium,Lake Elizabethport,New Hampshire
C03101,Kathy Taylor,Premium,East Elizabethhaven,Wisconsin
C03102,Michelle Sanford,Budget,Benderhaven,Nebraska
C03103,Jennifer Dixon,Regular,West Anthonytown,Florida
C03104,Joseph Scott,Regular,Brownstad,Montana
C03105,David White DDS,Budget,Benjaminshire,West Virginia
C03106,Joseph Moon,Regular,Christopherchester,Illinois
C03107,Courtney Kelly,Premium,Port Zachary,South Dakota
C03108,Emily Fleming,Regular,North Megantown,Alabama
C03109,Aaron Jackson,Regular,Lake Faith,Nevada
C03110,Lisa Martinez,Budget,West Lisa,Nebraska
C03111,Ashley Harris,Budget,West Jordanton,Georgia
C03112,Bradley Morrow,Budget,Wilsonfurt,Arkansas
C03113,Lauren Morris,Budget,Scottchester,Pennsylvania
C03114,James Juarez,Budget,Scottport,Minnesota
C03115,Thomas Moore,Regular,West Tracymouth,Michigan
C03116,James Johnson,Premium,Port William,Wisconsin
C03117,Robert Lee,Regular,West Jessica,New Jersey
C03118,Emily Navarro,Regular,Brownton,Texas
C03119,Steven Miller,Regular,New Joseph,Michigan
C03120,Leah Sherman,Regular,Cruzborough,New Mexico
C03121,Kimberly Robinson,Regular,South Joshuamouth,Texas
C03122,Carrie Camacho,Budget,Stacyfort,Louisiana
C03123,Jacqueline Wall,Regular,South Jeffchester,South Dakota
C03124,Dominic Allen,Budget,Lake Josemouth,Rhode Island
C03125,Rebekah Mcdonald,Regular,Lake Joyce,Connecticut
C03126,Martin Moore,Regular,North Christopherbury,Maine
C03127,James Smith,Regular,Lake Susan,Minnesota
C03128,Krystal Simmons,Premium,Port Dillon,Utah
C03129,Jason Cardenas,Regular,Maxwellshire,South Dakota
C03130,Phillip Phillips,Budget,Lake Laurenside,Hawaii
C03131,Jose Allen,Budget,Lake Hectorfort,Oregon
C03132,Beth Wade,Premium,Quinnfort,Utah
C03133,Micheal Norris,Regular,Charlesport,Florida
C03134,Stephanie Liu,Regular,Davidmouth,Idaho
C03135,Michael Williams,Regular,Sullivanmouth,Wyoming
C03136,Linda Mccarty,Regular,Rodriguezfort,Washington
C03137,Mr. Benjamin Saunders Jr.,Regular,Jennahaven,Georgia
C03138,Heather Brady,Premium,Paigehaven,West Virginia
C03139,Kara Day,Regular,Doughertyberg,Alaska
C03140,Tracy Williams,Regular,West Andrewberg,Florida
C03141,Dennis Paul,Regular,Aliciaborough,Mississippi
C03142,Benjamin Gordon,Regular,New Katieborough,Louisiana
C03143,Joseph Lee,Regular,Davisland,South Dakota
C03144,Frederick Gregory MD,Regular,Bowenbury,Connecticut
C03145,Fernando Barnes,Regular,Evansburgh,Oregon
C03146,Justin Cantu,Regular,New Juliaville,Delaware
C03147,Monica Manning,Regular,East Jessicaberg,Oregon
C03148,Ashley Maldonado,Premium,Lisaport,Arkansas
C03149,Anthony Alexander,Budget,Garytown,Rhode Island
C03150,Angela Kelly,Regular,Lake Phillip,West Virginia
C03151,Rhonda Greene,Regular,Reynoldsmouth,Georgia
C03152,Hannah Parks,Regular,Wrightborough,North Dakota
C03153,Nicholas Banks,Regular,Schroedershire,Delaware
C03154,Jeff Cunningham,Regular,Gregoryhaven,Maryland
C03155,Eric Santiago,Budget,Lake Cory,Connecticut
C03156,Colleen Jennings,Regular,Thompsonchester,New Mexico
C03157,Sarah Spencer,Budget,Brownville,Florida
C03158,Justin Murray,Regular,Davidshire,South Dakota
C03159,Richard Murray,Budget,North Ashley,Delaware
C03160,Thomas Moore,Regular,New Kayla,Maryland
C03161,Isabella Brown,Regular,Paulhaven,Wisconsin
C03162,Kimberly Valentine,Regular,West Derekfort,New York
C03163,James Spencer,Regular,Lake Robertborough,Idaho
C03164,John Johns,Regular,Zacharyfort,Tennessee
C03165,Gregory Smith,Budget,Port Kevinfurt,Oklahoma
C03166,Christopher Edwards,Regular,Kellyburgh,South Dakota
C03167,Rachel Cortez,Budget,Bairdburgh,Maryland
C03168,Julie Thornton,Regular,New Scottville,Iowa
C03169,Robert Jones,Regular,Jennifertown,Michigan
C03170,Elizabeth Santiago,Budget,Mirandaberg,New Hampshire
C03171,James Brooks,Regular,East Rogershire,Delaware
C03172,Robert Fisher,Budget,Port Jesse,Texas
C03173,Bradley Smith,Regular,Cruzhaven,Connecticut
C03174,Lynn Murphy,Regular,West Heathermouth,Illinois
C03175,Karen Meyer,Regular,New Caseyburgh,Utah
C03176,Timothy Mccann,Regular,East Justin,Massachusetts
C03177,Bobby Porter,Budget,West Kennethmouth,Missouri
C03178,Ashley Murphy,Regular,Flowersbury,Kentucky
C03179,Brenda Marquez,Regular,Baileyville,Minnesota
C03180,Mr. William Anderson,Regular,Lauraton,Maine
C03181,Brandon Caldwell,Budget,Hollystad,Montana
C03182,Kathleen Scott,Premium,Silvaview,Connecticut
C03183,Sean Smith,Regular,Christinemouth,Colorado
C03184,Christopher Lara,Budget,Youngfort,West Virginia
C03185,David Wood,Budget,North Rachelfurt,New York
C03186,Peter Moore,Regular,Lindabury,Vermont
C03187,Jose Johnson,Regular,Lake Tracy,Washington
C03188,Devin Torres,Regular,Robertstown,Illinois
C03189,Annette Gill,Premium,Gregoryshire,Wisconsin
C03190,Steve Acosta,Regular,Foxfort,Ohio
C03191,Mindy Allen,Budget,Lake Conniefort,North Carolina
C03192,Jordan Torres,Regular,Curtisshire,Missouri
C03193,Courtney Singh,Regular,Port Ritaside,Arkansas
C03194,Timothy Barnes,Regular,Allisonmouth,Arizona
C03195,Christina Ramirez,Regular,Lake Kevinton,Delaware
C03196,Victor Hanson,Regular,Gomezview,Montana
C03197,Joseph Gibson,Regular,New Antoniofurt,Georgia
C03198,Darius Hamilton,Regular,Hendrickshaven,Indiana
C03199,Cindy Pitts,Budget,Gregorymouth,Alaska
C03200,Diane Jordan DVM,Regular,Masseyport,California
C03201,Robert Flores,Regular,South Lynnside,Alabama
C03202,Robert Smith,Premium,Andersonport,West Virginia
C03203,Christina Collier,Premium,New Patricia,South Dakota
C03204,Lori Lam,Premium,West Markland,Virginia
C03205,Karen Wood,Budget,Port Richardview,Mississippi
C03206,Megan Strickland,Regular,Josephport,Pennsylvania
C03207,Sherry Herman,Regular,Zacharyland,California
C03208,Julie Johnson,Regular,West Susanburgh,Oregon
C03209,Donna Mcknight,Budget,Cochranstad,North Carolina
C03210,Christopher Webster,Budget,North Christophershire,Idaho
C03211,John Miller,Budget,Lake John,Hawaii
C03212,Christina Harmon,Premium,Gonzalezland,California
C03213,Sarah Bartlett,Regular,Justinchester,Utah
C03214,Michelle Hodge,Regular,New Melissa,New Mexico
C03215,James Anderson,Regular,Lake Kayla,Illinois
C03216,Spencer Fisher,Regular,Joshuafort,Nevada
C03217,Colleen Rubio,Regular,Williamview,Tennessee
C03218,Brenda Boyd MD,Budget,Martinview,North Carolina
C03219,Michael Davidson,Regular,West Johnland,New Hampshire
C03220,Shawn Taylor,Regular,Patrickport,Michigan
C03221,Daniel Shelton,Regular,Williamsstad,Colorado
C03222,Jessica Simmons,Budget,North Teresaland,North Carolina
C03223,Glen Griffin,Budget,Hillchester,Tennessee
C03224,Joshua Horton,Premium,Williamsstad,Illinois
C03225,Tricia Garcia,Regular,Lake Peter,Ohio
C03226,James Alvarado,Regular,Andrewton,North Dakota
C03227,Samantha Camacho,Regular,Hallborough,Louisiana
C03228,Shannon Caldwell,Regular,North Jeffery,Arkansas
C03229,James Martin,Premium,Kathymouth,Kansas
C03230,Reginald Singleton,Regular,Lake Barbara,Illinois
C03231,Mary Davis,Regular,Taylorstad,Washington
C03232,Joseph Davis,Budget,North David,Pennsylvania
C03233,Jeffrey Jarvis,Premium,North Thomasfurt,Florida
C03234,Helen Berg,Premium,Williamsmouth,Mississippi
C03235,Kayla Bradley,Regular,Watsonland,South Carolina
C03236,Luke Nguyen,Regular,East Christopher,New Jersey
C03237,Patrick Freeman,Regular,Barbaraton,Alabama
C03238,Jennifer Eaton,Regular,Jeffreybury,Mississippi
C03239,Jeffrey Castro,Regular,South Evan,Connecticut
C03240,Chase Montoya,Regular,Westview,Hawaii
C03241,Bryan Robinson,Budget,South Michael,North Dakota
C03242,Terry Foster,Regular,East Anthonyside,Vermont
C03243,Thomas Obrien MD,Regular,Sanchezmouth,Utah
C03244,Danny Spencer,Regular,Rachaelbury,Arkansas
C03245,Madeline Rodriguez,Regular,Sherifurt,North Carolina
C03246,Melinda Hutchinson,Regular,Brianton,Nevada
C03247,Jonathan Mitchell,Premium,Port Elizabethton,Pennsylvania
C03248,Elizabeth Harrison,Budget,Tylerville,Virginia
C03249,Jimmy Pierce,Regular,Stephanietown,Mississippi
C03250,Jesse Mcconnell,Budget,Lynchborough,Colorado
C03251,Anita Cooper,Regular,New Deniseview,California
C03252,Lauren Stein,Premium,New Marcusmouth,New Hampshire
C03253,Richard Williams,Budget,East Renee,South Carolina
C03254,Lauren Jordan,Regular,Deborahchester,Mississippi
C03255,Randall Watts DVM,Budget,New Michael,West Virginia
C03256,Aaron Bass,Regular,Port Hollychester,Kansas
C03257,Matthew Robinson,Budget,Lake Saraborough,Kansas
C03258,Ashley Cherry,Premium,North Bradleyfurt,Vermont
C03259,Victor Gonzalez,Regular,West Adrianside,Oregon
C03260,John Lester,Budget,North Jon,New Hampshire
C03261,Sarah Jackson,Regular,South Jennaton,Indiana
C03262,Robin Sparks,Regular,Lake Jose,Connecticut
C03263,Sarah Zuniga,Regular,Rodriguezton,Utah
C03264,Kevin Li,Budget,New Anita,South Dakota
C03265,Manuel Hernandez,Premium,South Rodneyfort,Missouri
C03266,Kelly Allen,Regular,South Andrew,Montana
C03267,Kimberly Mcdonald,Budget,South William,Alaska
C03268,Laura Collins,Regular,Peterland,South Dakota
C03269,Michael Soto,Regular,Port Suzannetown,Montana
C03270,Robyn Farmer,Regular,West Nicholas,Indiana
C03271,John Griffith,Regular,Michaelchester,Connecticut
C03272,Zachary Mathews,Budget,Coxland,Pennsylvania
C03273,Kyle Myers,Regular,Carolynshire,Delaware
C03274,Joseph Mccarty,Regular,Lawrencemouth,North Dakota
C03275,Katie Knight,Regular,Grimesmouth,South Dakota
C03276,Lisa Carter,Regular,Mirandamouth,Montana
C03277,Anita Stevens,Regular,Lake Brandon,Maine
C03278,Tamara Ramirez,Regular,South Joshua,Indiana
C03279,Carol Cruz,Regular,West Monicaville,West Virginia
C03280,Robert Andrews,Regular,Marieport,Utah
C03281,Evan Harrison,Regular,South Matthewchester,New York
C03282,Bill Roy,Regular,North Zachary,Wyoming
C03283,Seth Noble,Regular,Davidbury,Oregon
C03284,Christine Ward,Regular,New Gina,New York
C03285,Matthew Matthews,Regular,South Matthewchester,Illinois
C03286,Patrick Kidd,Regular,Lake Katie,Nevada
C03287,Stacie Benson,Budget,New Tara,South Dakota
C03288,Robert Bennett,Regular,New Tommybury,Arizona
C03289,Steven Murphy,Regular,Turnerchester,New York
C03290,Marc Delgado,Regular,Peterfort,Washington
C03291,David Evans,Regular,Port Tiffany,Iowa
C03292,Andrea Kelly,Budget,Port Paulhaven,Wisconsin
C03293,Steve Hall,Budget,New Anthony,Arizona
C03294,Victor Leonard,Regular,New Mary,Maryland
C03295,Maria Miller,Regular,Lake Gregory,Indiana
C03296,Shawn Williams,Budget,New Maryview,South Dakota
C03297,Sean Richard,Regular,Juliefort,Minnesota
C03298,William Stewart,Regular,New Andreaberg,Georgia
C03299,Manuel Campbell,Regular,North Anthonyfort,Wisconsin
C03300,Katherine Hall,Budget,North Michael,New York
C03301,Kevin White,Regular,Tylerport,New York
C03302,Tim Adams,Regular,Greenchester,Maryland
C03303,Eric Santana,Regular,Christopherchester,Montana
C03304,Brian Mullins,Premium,Cathymouth,Wyoming
C03305,Sara Gonzalez,Regular,Goodwinside,Texas
C03306,Timothy Cox,Regular,Lefort,Delaware
C03307,Timothy Huerta,Regular,Lake Monicashire,Illinois
C03308,Steven Brown,Regular,Moyerside,Pennsylvania
C03309,Tracey Booker,Regular,Jessicaville,Rhode Island
C03310,Dennis Lowe,Regular,West Andre,Delaware
C03311,Jeffrey Black,Budget,Christopherfurt,New Hampshire
C03312,Marilyn Davis,Regular,Mariahberg,Tennessee
C03313,Tracey Pearson,Regular,Villaport,Mississippi
C03314,Amanda Wilson,Regular,Lake Alfredchester,Alaska
C03315,Francisco Williams,Regular,Lake Nicholashaven,Georgia
C03316,Miss Melissa Vargas,Regular,South Staceyville,Nevada
C03317,William Crawford,Budget,Ryanton,Idaho
C03318,Kelly Goodwin,Regular,West Marisaview,Utah
C03319,Bryan Walker,Regular,Lake Deborah,Nevada
C03320,Ashley Cortez,Regular,Lake Corey,Georgia
C03321,Lisa Schmitt,Regular,Lake Sharonview,Wisconsin
C03322,Valerie Howard,Regular,Lake Nicholasshire,Kentucky
C03323,Tom Burke,Premium,South Kristinside,Kentucky
C03324,Wendy Wu,Regular,Smithland,North Dakota
C03325,Katherine Hernandez,Regular,West Andreaview,Illinois
C03326,Shannon Howard,Regular,Melendezburgh,Iowa
C03327,Jason Carpenter,Regular,Holdermouth,New York
C03328,Hannah Fitzgerald,Budget,East Josephmouth,Massachusetts
C03329,Alexis Brown,Regular,Bettymouth,Indiana
C03330,Michael Hill,Regular,Gordonstad,Kentucky
C03331,Diane Jordan,Budget,Waynemouth,Missouri
C03332,Justin Young,Regular,Gomezport,Nebraska
C03333,John Ruiz,Regular,North Markfort,Arizona
C03334,Brian Harrison,Budget,New Janet,New Jersey
C03335,Rhonda Sharp,Budget,Hendersonshire,Maine
C03336,Sara Mcclain,Regular,Christinaberg,North Carolina
C03337,Andrea Brown,Regular,Sotoberg,Montana
C03338,Denise Kramer,Regular,Port Jennifershire,Wyoming
C03339,Charles Becker,Budget,East Kevinmouth,Pennsylvania
C03340,Rodney Le,Regular,Sydneyborough,Alaska
C03341,Patricia Olson,Regular,Lorishire,New Mexico
C03342,Kristin Yang,Premium,Reidhaven,Connecticut
C03343,Donna Hatfield,Regular,Port Johnfort,Montana
C03344,Lisa Martinez,Regular,Susanberg,Delaware
C03345,Dr. Ian Sheppard,Budget,Port Julianside,Virginia
C03346,Dana Hammond,Budget,Laurafort,New Mexico
C03347,Donald Vargas,Regular,Russellville,North Dakota
C03348,Manuel Sosa,Regular,Anthonybury,Wisconsin
C03349,Kathryn Adams,Regular,Lake Laura,California
C03350,Nicholas Brewer,Premium,West Nicholasbury,New Jersey
C03351,Mr. Kevin Cooper DDS,Regular,Matthewchester,New Mexico
C03352,Debbie Robinson,Regular,Lake Lauren,Iowa
C03353,Stacy Kerr,Budget,Port Marvinburgh,Florida
C03354,Robert Thompson,Budget,Lake Diana,Nevada
C03355,Kristina Hull,Budget,West Tina,Oregon
C03356,Melissa May,Regular,Brownborough,Nebraska
C03357,Kirk Davis,Premium,Hoffmanfort,Tennessee
C03358,Jeffrey Hansen,Budget,West Kathryn,South Carolina
C03359,Stephen Chase,Budget,South Jason,Connecticut
C03360,Erin Smith,Premium,North Josephchester,Georgia
C03361,Amy Jones,Budget,East John,Wisconsin
C03362,Deborah Cummings,Budget,Aguilarside,Kentucky
C03363,Andrew Rosario,Regular,West Bradley,Kentucky
C03364,Drew Carlson,Regular,Margaretshire,Mississippi
C03365,Brenda Anderson,Regular,East Arthurton,New Hampshire
C03366,Craig Liu,Regular,West Bethanyberg,Florida
C03367,Douglas Hunt,Regular,North Tonya,Minnesota
C03368,Willie Medina,Regular,Emilyburgh,Montana
C03369,Brett Lopez,Regular,East Kimberly,Kansas
C03370,Maria Perez,Regular,Lewisport,Ohio
C03371,Kayla Arnold,Budget,North Jon,Utah
C03372,Mrs. Brenda Taylor,Regular,Duncanfurt,Wisconsin
C03373,Heather Lawson,Regular,Port Sabrinaport,Massachusetts
C03374,Kelly Hicks,Regular,South Karen,Illinois
C03375,Ricky Freeman,Regular,Schmidtmouth,Arizona
C03376,Brandon Alvarado,Regular,Bonnieview,South Dakota
C03377,Makayla Watkins,Regular,Reneechester,Washington
C03378,Sherry Walker,Regular,Jasmineshire,Nevada
C03379,Christopher Adkins,Budget,Esparzaborough,Montana
C03380,Susan Moreno,Regular,South Joymouth,Massachusetts
C03381,Elizabeth Roach,Regular,South Oscarmouth,Maryland
C03382,Henry Vasquez,Premium,Smithtown,Wyoming
C03383,Crystal Rivera,Regular,South Johnview,Indiana
C03384,David Meyers,Regular,West Megan,Kentucky
C03385,Lauren Shields,Premium,Dianeville,Maine
C03386,Valerie Flores,Budget,Valentineland,Indiana
C03387,Jeffrey Cole,Regular,Markbury,Mississippi
C03388,Michael Mcguire,Budget,Edwardtown,Iowa
C03389,Claire Nelson,Budget,South Josephchester,Virginia
C03390,Jennifer Washington,Regular,New Kristinaside,Mississippi
C03391,Maria Harris MD,Budget,West John,Delaware
C03392,Ashley Salazar,Regular,East Christinemouth,Utah
C03393,Joe Thomas,Regular,Reginaldshire,Oklahoma
C03394,Jonathan Sanchez,Regular,Jenkinsmouth,North Dakota
C03395,Dominique Mcdonald,Budget,Lake Mark,Tennessee
C03396,Sandra Mendoza,Regular,Kathleenmouth,Colorado
C03397,Susan Hicks,Budget,Roseville,Missouri
C03398,Nancy Miranda,Regular,West Zacharystad,Georgia
C03399,Rebecca Lindsey,Regular,East Vanessachester,New Mexico
C03400,Nicole Palmer,Regular,East Jesse,Kansas
C03401,Sandra Skinner,Regular,West Steven,Tennessee
C03402,Tara Anderson PhD,Regular,Sethchester,Utah
C03403,Christopher Peterson,Regular,South Reginaview,New Hampshire
C03404,Karen Pearson,Regular,South Rhonda,Hawaii
C03405,William Townsend,Regular,Lake Michelleside,Hawaii
C03406,Misty Buchanan,Budget,West Robert,California
C03407,David Miranda,Regular,Lancemouth,Hawaii
C03408,Lisa Hale,Regular,New Reneechester,Colorado
C03409,Nathan Hunt,Regular,Dominiquefurt,Massachusetts
C03410,Zachary Young,Regular,North Hollyberg,Vermont
C03411,Brandon Farmer,Regular,Martineztown,Nebraska
C03412,Brandon Johnson,Regular,Burkefort,Pennsylvania
C03413,Darius Lewis,Premium,Gardnerstad,North Carolina
C03414,Shannon Ellis,Regular,East Susanview,Iowa
C03415,Karen Diaz,Regular,North Reneetown,Idaho
C03416,Samuel Robertson,Premium,Kaneshire,Oregon
C03417,Luke Lee,Regular,North Laurenstad,Florida
C03418,Angela Morris,Regular,Lake Leslieview,Virginia
C03419,Kimberly Gomez,Budget,Hendrixshire,Oregon
C03420,Robert Black,Regular,West Alexis,Idaho
C03421,Steven Wagner,Premium,Port Joshua,South Carolina
C03422,Benjamin Carter,Budget,Ryanmouth,Mississippi
C03423,Danielle Smith,Regular,Wintersside,Maine
C03424,Joseph Miller,Regular,Scottstad,Connecticut
C03425,Mary Graham,Regular,Dillonport,New York
C03426,Dale Washington,Regular,Crystalmouth,Missouri
C03427,Jillian Irwin,Regular,Jonesport,Wyoming
C03428,Brian Foster,Regular,Kayleestad,Oregon
C03429,Mary Reeves,Budget,Blackburnborough,New York
C03430,Felicia Bender,Regular,Robinland,New York
C03431,Samantha Palmer,Budget,North Annette,North Dakota
C03432,Ethan Johnson,Regular,Denisehaven,Illinois
C03433,Kimberly Lopez,Regular,Port Seth,Oklahoma
C03434,Elizabeth Pace,Budget,Lawsonchester,Louisiana
C03435,Victor Wilson,Regular,Brookeborough,Wisconsin
C03436,Jay Chapman,Regular,New Shanemouth,Iowa
C03437,Eric Russell,Regular,Port Davidview,Pennsylvania
C03438,Shannon Garcia,Regular,Georgeberg,Oregon
C03439,Rachel Blankenship,Regular,Jessicamouth,Wyoming
C03440,Kimberly Mckinney,Regular,Smithbury,West Virginia
C03441,Courtney Gaines,Regular,Cristianville,Arizona
C03442,Robert Mullen,Regular,Reedburgh,Ohio
C03443,Andrew Anderson,Regular,Cookburgh,Washington
C03444,Edward Peters,Regular,East Cynthiafort,Arizona
C03445,Heather Moore,Regular,New Teresa,Texas
C03446,Raymond Shepherd,Regular,East Dylan,Georgia
C03447,Kimberly Green,Regular,South Christina,Tennessee
C03448,Russell Roman Jr.,Premium,Rhodesmouth,Michigan
C03449,Donna Kelly,Budget,Murraymouth,New Hampshire
C03450,David Deleon,Regular,New Elizabethside,Mississippi
C03451,Mario Watson,Budget,Alexanderburgh,Connecticut
C03452,Ashlee Robertson,Budget,Amyhaven,Idaho
C03453,Anthony Bryant,Regular,South John,Washington
C03454,Frank Perez,Regular,Lake William,Missouri
C03455,Elizabeth Weber,Regular,Joshuahaven,Oklahoma
C03456,Samuel Montoya,Regular,East Jimmymouth,Vermont
C03457,Nicholas Ray,Regular,North Brian,Colorado
C03458,William Williamson,Regular,Lake Michael,Kansas
C03459,Eric Lopez,Regular,East Amanda,New Jersey
C03460,Kelly Fletcher,Regular,Hoffmanview,Delaware
C03461,Deborah Davis,Regular,Angelafurt,Virginia
C03462,Richard Parker,Budget,New Elizabeth,Montana
C03463,John Harrison,Regular,Morganhaven,Nevada
C03464,Randy Joyce,Budget,East Jeffrey,Maryland
C03465,Stephen Wilson,Budget,South Deanside,Arizona
C03466,John Jimenez,Budget,South Marcia,New Jersey
C03467,Crystal Morgan,Regular,Port Veronicamouth,Alabama
C03468,Betty Shea,Regular,Sancheztown,Oklahoma
C03469,Nicholas Rowe,Regular,Pooleside,Utah
C03470,Kimberly Burch,Budget,Rebeccaton,New Mexico
C03471,Michael James,Regular,Shaunstad,Indiana
C03472,Kathryn Stone,Premium,Thorntonfurt,Vermont
C03473,Rachel Smith,Premium,Lake Matthew,Utah
C03474,Jacob Jones,Regular,New Jennifer,California
C03475,Denise Johnston,Regular,East Jamesside,South Dakota
C03476,Kim Murray,Budget,Brittanybury,Ohio
C03477,Jason Boyd,Regular,North Nicole,Georgia
C03478,Andrea Maldonado,Budget,South Coryborough,Virginia
C03479,Valerie Thomas,Regular,North Wesley,North Dakota
C03480,Michael Rios,Regular,South Melissabury,Oklahoma
C03481,Ronald Griffin,Regular,East Meganshire,Ohio
C03482,Henry Hill,Premium,Deckerhaven,New Mexico
C03483,Jessica Ward,Regular,North Alexander,Missouri
C03484,Elizabeth Delgado,Regular,Morrisonmouth,Michigan
C03485,Thomas Peters,Regular,West Johnport,California
C03486,Brianna Villa,Budget,Williamsland,Hawaii
C03487,Caitlyn Schmitt,Regular,Port John,Utah
C03488,William Rhodes,Budget,Edwardview,Oregon
C03489,Dr. Tyler Pennington,Regular,Deckershire,Utah
C03490,Joshua Chavez,Regular,Lake Kennethfort,Arkansas
C03491,Julia Thomas,Premium,Madelineton,Massachusetts
C03492,Jessica Bray,Regular,Rebeccaport,New York
C03493,Cynthia Frey MD,Regular,West Brianport,Louisiana
C03494,Rebecca Holt,Budget,Johnsonport,Maryland
C03495,Pamela Moore,Regular,Lake Richard,New Hampshire
C03496,Audrey Watts,Premium,New Bruce,Iowa
C03497,Adrian Parsons,Regular,Lake Williamport,California
C03498,Carol Navarro DDS,Regular,West Derekfurt,Indiana
C03499,Ashley Stewart,Budget,South Frank,Connecticut
C03500,Kerry Blackwell,Budget,Danieltown,Washington
C03501,Michael Elliott,Regular,West Stanley,Maine
C03502,Melinda Graves,Budget,Lake Tonyaview,Indiana
C03503,Erin Henry,Regular,Hawkinsside,West Virginia
C03504,Linda Hernandez,Regular,Lauramouth,Montana
C03505,Keith Graham,Budget,Kimberlyfurt,Delaware
C03506,Kristi Chavez,Budget,North Samantha,California
C03507,Donna Nguyen,Regular,East Charlesland,Arizona
C03508,Jessica Davis,Regular,East Michael,Colorado
C03509,Antonio Hernandez,Regular,Lake Carl,Texas
C03510,John Wright,Regular,Fisherfort,Alabama
C03511,Kevin Davis,Regular,Port Alfredburgh,Tennessee
C03512,Lawrence Taylor III,Regular,East Robertbury,Maine
C03513,Ryan Barron,Regular,Port Bethany,Oklahoma
C03514,Rebekah Cole,Budget,Whitakerfort,New Hampshire
C03515,Robert Williams,Regular,Tracyfort,Kansas
C03516,Carlos Gentry,Regular,Coreyberg,North Dakota
C03517,Jonathan Martin,Budget,New Zacharyfurt,Louisiana
C03518,Heather Miller,Premium,West Brianfort,Colorado
C03519,Natalie Key,Regular,Phyllisside,Connecticut
C03520,Andrea Clarke,Budget,Lake Patriciaton,Alaska
C03521,Katherine Hood,Regular,West Elizabeth,Alaska
C03522,Emily Duncan,Premium,Andrewside,Oklahoma
C03523,Timothy Harrison,Budget,West Kathy,West Virginia
C03524,Sean Gill,Premium,West Stephen,Maryland
C03525,Christopher Gonzalez,Budget,Daleshire,South Dakota
C03526,Gabriella James,Regular,Marquezburgh,Arizona
C03527,Allison Hart,Regular,East Sharonberg,Ohio
C03528,Bryce Gregory,Regular,Paynemouth,Alabama
C03529,Anthony Garcia,Regular,West Henryborough,Mississippi
C03530,Rodney Pierce,Regular,New Mary,Kansas
C03531,Reginald Smith,Regular,Fowlertown,Alabama
C03532,Bobby Tapia,Regular,Martinezchester,Nevada
C03533,Dan Potter,Budget,North Karen,Pennsylvania
C03534,William Miller,Regular,North Christopher,Nebraska
C03535,Jose Rose,Regular,Rebeccachester,Georgia
C03536,Isaiah Stark,Premium,Mariabury,Missouri
C03537,Christina Benitez,Regular,Ellishaven,Louisiana
C03538,Anthony Castaneda,Budget,South Dawn,Wyoming
C03539,Joshua Walsh,Budget,Chapmanside,Iowa
C03540,Amber Morales,Premium,Markton,Maryland
C03541,Steven Walker Jr.,Regular,Lake Nicholasbury,Ohio
C03542,Gabriella Clay,Regular,Lauraport,Georgia
C03543,Karen Brown,Regular,Lake Thomas,Maine
C03544,Elizabeth Brown,Premium,North Andrewburgh,Hawaii
C03545,Angela Harmon,Regular,South Elizabethshire,Rhode Island
C03546,Lisa Booker,Regular,West Lawrencebury,Vermont
C03547,Howard Davis,Regular,Joannaberg,New Mexico
C03548,Crystal Watts,Regular,Gregorystad,Connecticut
C03549,Carolyn Carter,Regular,East Nicholas,South Dakota
C03550,Danielle Jackson,Regular,North Cassandramouth,Kentucky
C03551,Gina Malone,Regular,Port Jonathan,Mississippi
C03552,Rebecca Sanchez,Regular,Vanessaville,Alaska
C03553,Erica Norris,Budget,Tinaland,North Dakota
C03554,Christine Rangel,Regular,Vasquezstad,Georgia
C03555,Elizabeth Walker,Regular,Port Tarachester,Kansas
C03556,Brian Miller,Regular,Jeffreymouth,Colorado
C03557,Eric Ware,Regular,West Seanchester,Vermont
C03558,Elijah Gutierrez,Regular,Lake Anitaberg,Georgia
C03559,Samantha Moran,Regular,Erikashire,Wisconsin
C03560,Patricia Nguyen MD,Regular,East Kathleenview,Indiana
C03561,Sara Sharp,Regular,Port Courtney,Florida
C03562,Brian Fuentes,Regular,East Leah,Kansas
C03563,Megan Bishop,Regular,New Scottland,Montana
C03564,Samantha Decker,Regular,West Joshuaview,Massachusetts
C03565,Jasmine Benson,Regular,Rebeccahaven,Arkansas
C03566,Molly Davis,Regular,East Maryshire,Massachusetts
C03567,Michael Montes,Regular,West Alexander,Maine
C03568,Timothy Buck,Budget,Hollyville,New Hampshire
C03569,Kim Johnson,Regular,South Benjaminfort,Oregon
C03570,Veronica Banks,Regular,East Natashaville,Arkansas
C03571,Jesus Hill,Budget,Christopherberg,Indiana
C03572,Thomas Rios,Regular,East Joshua,Indiana
C03573,Joseph Mcgee,Regular,Rayhaven,Arizona
C03574,Paul Haynes,Budget,Port Laurie,Florida
C03575,Michelle Gordon,Regular,Victorport,Rhode Island
C03576,Jesse Ayers,Budget,Hernandezton,Massachusetts
C03577,Jacob Davis,Regular,Juarezbury,North Carolina
C03578,Vanessa Avila,Regular,Johnsonmouth,North Dakota
C03579,Brian Thompson,Regular,South Arielstad,Michigan
C03580,Lisa Wright,Regular,Jamestown,Colorado
C03581,Maria Combs,Regular,Reyeshaven,New Hampshire
C03582,Jessica Conley,Budget,New Richardville,Maine
C03583,Chad Rubio,Regular,Dominguezland,Oregon
C03584,Eric Wilson,Regular,Port Mariastad,Iowa
C03585,Katie Watts,Budget,Huangside,Georgia
C03586,Erin Roberts,Regular,East Stephaniestad,Maine
C03587,Nathaniel Thomas,Regular,New Michelle,Florida
C03588,Julie Reid,Regular,West William,Tennessee
C03589,Ronald Miles,Regular,East Eileen,Hawaii
C03590,Makayla Mckee,Regular,Beckymouth,South Carolina
C03591,Colin Smith,Regular,Mariastad,Idaho
C03592,Stephanie Bailey,Regular,Pettybury,Minnesota
C03593,Jessica Cruz,Budget,Chavezburgh,Oregon
C03594,Timothy Weaver,Regular,Brooksview,Connecticut
C03595,Charles Mccullough,Regular,Susanhaven,North Carolina
C03596,Alexander Knox,Regular,Gibsonburgh,Kansas
C03597,Andrea Jones,Budget,East Bruce,North Dakota
C03598,Phillip Cooper,Regular,Reginaside,Tennessee
C03599,Kevin Roberts,Regular,Wilsonmouth,New Hampshire
C03600,Heather Taylor,Regular,West Shannonton,Wisconsin
C03601,Joe Mckinney,Regular,West Angelica,Arizona
C03602,Judy Baxter,Regular,East Keith,Arizona
C03603,Keith Huffman,Premium,Brownborough,Georgia
C03604,Robert Hawkins,Regular,Port Jasonburgh,Michigan
C03605,Stephanie Dunn,Regular,East Lindsayshire,Rhode Island
C03606,Mrs. Michelle Lynch,Regular,Maldonadoborough,California
C03607,Maria Henderson,Regular,North Raymondmouth,South Dakota
C03608,Eugene Castillo,Regular,New Colleen,Mississippi
C03609,Regina Martinez,Budget,North Samanthafort,Hawaii
C03610,Rachel Lewis,Regular,Sherryport,Nebraska
C03611,Barbara Noble,Regular,Lake Christinehaven,Illinois
C03612,Melanie Griffin,Regular,West Joshuamouth,South Dakota
C03613,Peggy Hobbs,Regular,Port Davidville,Oregon
C03614,Jennifer Wiley,Regular,Stephentown,New York
C03615,Brandy Nguyen,Regular,Mariamouth,Wyoming
C03616,Alan Jones,Regular,Mcclurefurt,Missouri
C03617,Christopher Schroeder,Regular,Anthonychester,Vermont
C03618,Walter Holland,Budget,New Lisaville,Kansas
C03619,Billy Prince,Budget,Castillofort,Tennessee
C03620,Malik Graham,Regular,Port Sandraville,Minnesota
C03621,Whitney Miller,Budget,Garciatown,Pennsylvania
C03622,John Floyd,Regular,Harrisshire,Idaho
C03623,Robin Acevedo,Premium,New Misty,Illinois
C03624,John Stewart,Premium,Fordview,New Mexico
C03625,Matthew Knox,Regular,Port Alanbury,Rhode Island
C03626,Laura Johnson,Regular,Brownhaven,California
C03627,Anna Pierce,Regular,West Darrellville,Georgia
C03628,Travis Bradford,Regular,Robinsontown,Nebraska
C03629,Michael Foster,Regular,New Robin,Virginia
C03630,Joe Blake,Regular,Richardport,Tennessee
C03631,Savannah Jones,Budget,Port Patrick,Massachusetts
C03632,Joshua Cook,Regular,Allenland,Arizona
C03633,Mary Robinson,Regular,Lake Michelle,Florida
C03634,Scott Schmidt,Regular,Jasonchester,New York
C03635,Victoria Vang,Regular,Louischester,Massachusetts
C03636,Sara Lewis,Regular,Andrewport,Texas
C03637,Richard Boyd,Budget,South Jennifer,Missouri
C03638,Stephanie Jimenez,Regular,Thomasmouth,Florida
C03639,Kristin Dominguez,Regular,West Krystalport,Oregon
C03640,Rebecca Reynolds,Regular,Hayesfort,Washington
C03641,Brooke Lewis,Regular,Lake Rachelburgh,New York
C03642,Danny Wiggins,Regular,Lake Davidshire,New Jersey
C03643,Courtney Warner,Regular,New Mary,Washington
C03644,Meghan Jones PhD,Budget,South Katherine,California
C03645,Derek Mann,Regular,Port Daltonbury,South Dakota
C03646,Elizabeth Owen,Regular,Muellerland,Hawaii
C03647,Abigail Hall,Budget,North Kyle,Missouri
C03648,Craig Fernandez,Regular,Whiteshire,Arkansas
C03649,Destiny Torres,Premium,Mosleytown,Massachusetts
C03650,Mathew Williams,Regular,Lake Tina,Wisconsin
C03651,William Ruiz,Regular,West Breanna,Maryland
C03652,Taylor Daniels,Regular,New Jared,Indiana
C03653,Larry Guzman,Budget,Johnland,Maine
C03654,Christine Mckee,Regular,Kimland,Colorado
C03655,Brandon Stephens,Regular,North Connie,Florida
C03656,Mary Gentry,Regular,Port Jeremy,Alabama
C03657,Jason Turner,Regular,West Gabriel,Michigan
C03658,Colton Evans,Regular,Port Jonathonburgh,Wisconsin
C03659,Mark Bruce,Regular,North Johnhaven,Washington
C03660,Christine Fuller,Regular,Port Martinborough,Missouri
C03661,Clifford Hill,Regular,Lake Coreytown,Delaware
C03662,Debra Whitaker,Budget,Marychester,Nebraska
C03663,Bailey Harris,Budget,Keithfurt,Alabama
C03664,Rebecca Russell,Budget,East Rebeccaton,Delaware
C03665,Alyssa Walls,Regular,North Edward,Texas
C03666,Scott Evans,Budget,Ellisfort,Iowa
C03667,Lisa Thompson,Regular,Bowershaven,Colorado
C03668,James Jones,Budget,East Megan,Texas
C03669,Mrs. Tamara Butler,Premium,Port Jamesport,New York
C03670,Anthony Cook,Premium,Bowmanstad,Nebraska
C03671,Maria Lutz,Regular,Mariafurt,New Hampshire
C03672,Candice Cook,Regular,South Laurenmouth,Ohio
C03673,John Acosta,Regular,Lake Craigland,Washington
C03674,Sarah Richards,Budget,Chelsealand,Kansas
C03675,Kyle Morrow,Budget,Lake Bryanburgh,Utah
C03676,Jordan Vega,Regular,Scottmouth,Minnesota
C03677,Travis Carter,Regular,Edwardmouth,Idaho
C03678,Rebekah Thomas,Regular,Estradaport,Michigan
C03679,Kathleen Giles,Regular,Jacquelinefurt,Kansas
C03680,Richard Smith,Regular,Cruzside,South Dakota
C03681,Dr. Alexander Rose MD,Premium,Johnstonburgh,Colorado
C03682,Russell Johnson,Budget,Perezstad,Virginia
C03683,William Greene,Budget,West Paulaview,Minnesota
C03684,Jorge Mitchell,Regular,Kellystad,Arkansas
C03685,Elizabeth Martin,Regular,Smithborough,New Jersey
C03686,Anna Garcia,Premium,Josephtown,Oregon
C03687,Christopher Bailey,Premium,Bowersmouth,Louisiana
C03688,Teresa Hopkins,Regular,South Sarah,Utah
C03689,Angela Arroyo,Regular,Lake Jennifer,New Jersey
C03690,Nathaniel Dickerson,Regular,Randallview,West Virginia
C03691,Jesse Flowers,Regular,South Walter,Texas
C03692,Ryan Strong,Regular,East Ronald,Kentucky
C03693,Howard Haley,Regular,Port Angelaborough,Mississippi
C03694,Nicholas Cortez,Regular,North Joshua,Montana
C03695,Linda Gomez,Regular,West Joannastad,Wisconsin
C03696,Brenda Gallagher,Budget,Jasminestad,New Hampshire
C03697,Taylor Simmons,Regular,Hancockmouth,Nevada
C03698,Charles Smith,Regular,Lake Michael,Georgia
C03699,Dakota Stewart,Regular,Jacksonhaven,Arizona
C03700,Glenn Brown,Regular,East Michellemouth,Arizona
C03701,Michael May,Regular,Steventon,Connecticut
C03702,Daniel Lawson,Regular,Mcleanhaven,Iowa
C03703,Jenny Brown,Regular,Gabrielside,Connecticut
C03704,Bruce Hernandez,Budget,Sanchezport,Missouri
C03705,Leslie Campbell,Regular,Adrianville,Tennessee
C03706,Karen Howell,Regular,Higginsmouth,Maryland
C03707,John Gomez,Regular,Webbmouth,Minnesota
C03708,Dale Turner,Regular,Moraleston,Rhode Island
C03709,Denise Poole,Regular,Ashleyville,Colorado
C03710,Nathan Parks,Regular,South Taylor,Washington
C03711,Kenneth Frey,Regular,Mendozaview,Kansas
C03712,Hannah Smith,Budget,Annafurt,Hawaii
C03713,Cody Stark,Regular,Lake Dustin,Ohio
C03714,Kimberly Briggs,Regular,West Julie,Hawaii
C03715,Cynthia Bates,Regular,South Melissa,Pennsylvania
C03716,Jessica Jones,Regular,East Emilyborough,Connecticut
C03717,Daniel Richard MD,Budget,East Jamiefort,Virginia
C03718,John Ward,Regular,Port Jeremy,Michigan
C03719,Jordan Chandler,Regular,West Sarah,Rhode Island
C03720,Kyle Kim,Budget,West Derekside,Oregon
C03721,Jordan Holloway,Budget,Phyllistown,Iowa
C03722,Robert Wells,Regular,Lake Tanyafort,Montana
C03723,Jackie Boyd,Regular,South Douglas,Oregon
C03724,Kendra Henry MD,Regular,West John,Washington
C03725,Michelle Anderson,Premium,Port Amandaton,California
C03726,Tracy Colon,Regular,Lake Brandi,Utah
C03727,Bonnie Rodriguez,Regular,West Daniel,Minnesota
C03728,Elizabeth Bennett,Premium,Bentleystad,Georgia
C03729,Vanessa Leach,Regular,New Stuart,Virginia
C03730,Kevin Morris,Regular,North Benjamin,Idaho
C03731,Joy Robinson,Regular,Freemanshire,Connecticut
C03732,John Young,Regular,Kruegerberg,New York
C03733,Victor Chen,Budget,Taylorberg,Rhode Island
C03734,Brandon Owen,Regular,Bryantview,Massachusetts
C03735,Aaron Miller,Premium,East Melissa,Colorado
C03736,Mrs. Kirsten Walker DDS,Regular,Dyerbury,Rhode Island
C03737,Thomas Smith,Regular,Jasonbury,Idaho
C03738,Christopher Rodgers,Regular,Jacquelinehaven,Virginia
C03739,Patricia Rodriguez,Regular,Bryanburgh,Colorado
C03740,Brittany Ballard,Regular,North Johnville,New York
C03741,Lisa Garcia,Premium,Janetfort,Maine
C03742,Valerie Mcgee,Regular,North Kennethburgh,Illinois
C03743,Nicholas Hooper,Regular,Jodyside,Maine
C03744,Anita Mitchell,Regular,South Robinmouth,Texas
C03745,Eric Smith,Regular,Wintersville,Arkansas
C03746,Ethan Perez,Budget,Port Patricia,Iowa
C03747,Catherine Liu,Budget,New John,Vermont
C03748,Amber Atkins,Regular,Stephaniefort,Idaho
C03749,Julie Lopez,Regular,Port Hannahmouth,Rhode Island
C03750,Marie Ramirez,Premium,Humphreyview,Arkansas
C03751,Stephanie Fernandez,Regular,Chrisland,Indiana
C03752,Nicholas Villa,Regular,Martinville,Virginia
C03753,Ryan Smith,Regular,Malloryview,Connecticut
C03754,Barbara Caldwell,Budget,Pattyport,Louisiana
C03755,Steven Ramirez,Premium,Williamshaven,New York
C03756,James Cardenas,Regular,Anthonystad,Louisiana
C03757,Brian Garcia,Regular,New Lisa,Utah
C03758,Sharon Osborn,Regular,Dylanton,Georgia
C03759,Jeffrey Sullivan,Regular,Heatherview,Georgia
C03760,Michael Lewis,Regular,Clarkborough,Indiana
C03761,Randy Rivera,Regular,Ericland,Colorado
C03762,Bryan Saunders,Budget,Lake Clifford,Colorado
C03763,Phillip Garcia,Premium,Shawhaven,Vermont
C03764,Justin Garcia,Regular,Debbiebury,Massachusetts
C03765,Joshua Boyd,Regular,North Melissachester,Virginia
C03766,Mason Meyer,Regular,Torresmouth,Virginia
C03767,Justin Richards,Regular,South Sarah,Massachusetts
C03768,Martha Dawson,Regular,South Kathy,Pennsylvania
C03769,Amber Johnson,Regular,Port Jasontown,Alabama
C03770,Shawn King,Regular,North Caleb,Alabama
C03771,Cody Nelson,Budget,Monicafurt,West Virginia
C03772,Kathleen May,Regular,Pachecofurt,Nebraska
C03773,James Mccormick,Regular,East Melanie,Nebraska
C03774,Daniel Sanders,Regular,West Williamburgh,Nebraska
C03775,Lee Bell,Regular,Andrewland,Louisiana
C03776,Holly Berry,Regular,North Jon,Arizona
C03777,Joshua Allen,Regular,North Christine,Delaware
C03778,Tiffany Wu,Regular,Lake Oliviatown,Georgia
C03779,Autumn Hoffman,Regular,West Bridget,Tennessee
C03780,Kyle Maxwell,Premium,Jamesbury,New Jersey
C03781,Anthony Baker,Regular,East Thomasport,Arizona
C03782,Chris Oliver,Budget,North Ashley,Hawaii
C03783,Rachel Fernandez,Budget,Lake Robert,Washington
C03784,Jessica Maldonado,Regular,Port Alexandershire,Michigan
C03785,Tony Zimmerman,Regular,North Lisa,Colorado
C03786,Anne Grant,Regular,Browningport,Utah
C03787,Christina Norton,Regular,Conradfurt,Ohio
C03788,Daniel Collins,Regular,Jeffreyton,Louisiana
C03789,Bonnie Tapia,Regular,North Carolineshire,Hawaii
C03790,William Johnson,Regular,South Christopherchester,Indiana
C03791,Christina Baldwin,Regular,Calhounmouth,Alabama
C03792,Jill Gates,Regular,Laurieton,Illinois
C03793,Destiny Welch,Regular,Lake Stevenbury,Minnesota
C03794,Patrick Brown,Regular,Thompsonport,Wyoming
C03795,David Ritter,Budget,Scottmouth,Maryland
C03796,Tony Sanchez,Regular,Jerryview,North Dakota
C03797,Kelly Bender,Regular,West Sherry,South Carolina
C03798,Lisa Martinez,Regular,Dalefort,South Carolina
C03799,Destiny Stone,Regular,New Connieville,Illinois
C03800,Richard Martinez,Regular,Aliciabury,New Jersey
C03801,Monique Reid,Regular,New Adrian,New Mexico
C03802,Laura Palmer,Regular,Davisside,Nevada
C03803,Lauren Houston,Regular,Michaelborough,Alabama
C03804,Kimberly Weber,Budget,East Briannatown,Illinois
C03805,Steven Nash,Budget,West Sarahborough,Texas
C03806,Lynn Hancock,Budget,Reidtown,Michigan
C03807,Julia Mclean,Regular,Williamberg,Alaska
C03808,Jordan Escobar,Regular,Amandatown,Arkansas
C03809,Christopher Aguilar,Regular,Port Luisland,Maryland
C03810,Jonathan Zimmerman,Regular,Levineshire,North Dakota
C03811,Johnny Wilson,Regular,Johnsontown,North Carolina
C03812,Amber Patterson,Regular,Hendricksside,South Carolina
C03813,Michael Raymond,Regular,Port Rogerland,Virginia
C03814,Grant Gardner,Regular,Elizabethfort,Pennsylvania
C03815,Nancy Lawrence,Regular,Evansport,Nebraska
C03816,Travis Mack,Budget,West Casey,Michigan
C03817,Taylor Caldwell,Regular,Carsonstad,Washington
C03818,David Orr,Regular,East Michael,Maine
C03819,Amanda Glenn,Premium,Snyderbury,Hawaii
C03820,Chad Bennett,Regular,Lake Carolinestad,New York
C03821,Brittany Krueger,Premium,East Jonathantown,Hawaii
C03822,Stephanie Roberts,Premium,Port Melissa,Kansas
C03823,Randy Flores,Regular,Riveramouth,Arizona
C03824,Joseph Jones,Premium,Hernandezbury,Florida
C03825,Marcus Lawrence,Regular,Rubioton,Florida
C03826,Kevin Taylor,Budget,Christinamouth,Oklahoma
C03827,Catherine Bond,Regular,East Johnborough,Texas
C03828,Michael Morales,Regular,East Lacey,Arizona
C03829,Tyler Roberson,Regular,Port Elizabethport,Missouri
C03830,Michelle Gibbs,Budget,Shanemouth,Mississippi
C03831,Stacy Obrien,Regular,Scottland,Alaska
C03832,Mario Thompson,Budget,Wilsonborough,West Virginia
C03833,Michelle Miller,Regular,Hoffmanmouth,Virginia
C03834,Anthony Davis,Regular,South Jessicafurt,Michigan
C03835,Kimberly Martin,Regular,Port Jennifermouth,Louisiana
C03836,Christopher Cobb,Regular,Shorthaven,Kentucky
C03837,Jennifer Moore,Regular,East Christopher,Wisconsin
C03838,Matthew Collins,Regular,West Cathyburgh,New York
C03839,Jason Strickland,Budget,Ericstad,Mississippi
C03840,Lacey Griffith,Regular,Brucemouth,California
C03841,Jonathan Wright,Regular,West Georgeberg,Michigan
C03842,Amanda Cooper,Premium,Georgeborough,Kentucky
C03843,Chris Snyder,Regular,South Lisa,Wyoming
C03844,Steven Leblanc,Budget,South Brad,Arizona
C03845,Peter Ali,Regular,South Samuelchester,New York
C03846,Christopher Best,Budget,Williamborough,Iowa
C03847,Cheryl Carney,Regular,West Bradleymouth,New Jersey
C03848,Monica Newton,Budget,Wendytown,Hawaii
C03849,Wyatt Lopez,Regular,East Philipfurt,North Carolina
C03850,Mike Silva,Regular,North Christine,Georgia
C03851,Kristen Abbott,Regular,South Anna,Nebraska
C03852,Joseph Nash,Regular,East Susanborough,Texas
C03853,Robin Dillon,Regular,West Kristina,Kansas
C03854,Audrey Bowen,Regular,Elizabethmouth,Maryland
C03855,Darrell Carrillo,Budget,Combshaven,Montana
C03856,Devon Valdez,Budget,Lake Lori,Rhode Island
C03857,Mindy Davis,Regular,New Sonyaport,Arizona
C03858,Rebecca Watson,Premium,Port Coryton,California
C03859,Kathy Knight,Budget,Port Shannon,Washington
C03860,Dr. Robert Phillips DVM,Regular,Port Rodney,Texas
C03861,Amy Smith,Budget,Josephmouth,Massachusetts
C03862,Megan Clark,Regular,Buckside,New Jersey
C03863,Deborah Vega,Budget,New Erin,Pennsylvania
C03864,Mark Roberts,Regular,Sweeneyton,New Hampshire
C03865,Larry Brooks,Budget,New Robertborough,Mississippi
C03866,Travis Duffy,Regular,Eugenefurt,Michigan
C03867,Joel Hughes,Regular,New Courtneyport,Delaware
C03868,Rebecca Johnston,Regular,West Zachary,Maryland
C03869,Sarah Kerr,Regular,Millermouth,Arkansas
C03870,Yvonne Hutchinson,Regular,Lake Tamara,Connecticut
C03871,Matthew Rogers,Regular,Rogersburgh,Wisconsin
C03872,Paul Waller,Budget,South Katherineview,Oklahoma
C03873,Matthew White,Regular,Antonioland,Indiana
C03874,Connor Grant,Regular,Lake Tracy,South Carolina
C03875,Kellie Hawkins,Premium,South Amandafurt,Texas
C03876,Brianna Benton,Regular,Lake Annette,Connecticut
C03877,Jonathon Robbins,Regular,Shannonton,Louisiana
C03878,Stephanie Fox,Premium,Hatfieldville,Virginia
C03879,Paula Sanders,Regular,New Jessica,Michigan
C03880,Jackson Andrade,Regular,Rebeccatown,Texas
C03881,Joseph Rios,Regular,Mcbridehaven,South Carolina
C03882,Jennifer Hall,Regular,West Derekport,California
C03883,John Wade,Regular,New Barbaraburgh,Massachusetts
C03884,Donna Lewis,Regular,New Timothymouth,Oklahoma
C03885,Jessica Garcia,Regular,Terrifurt,Missouri
C03886,Billy Henderson,Budget,South Kelly,Connecticut
C03887,Joel Webb,Regular,West Megan,Oklahoma
C03888,David Hernandez,Regular,Lake Hannahfurt,Hawaii
C03889,Michael Stevenson,Regular,East Kristenborough,South Carolina
C03890,Sarah Rosales,Regular,East Jeffery,Colorado
C03891,Lisa Ellis,Regular,Stevenshire,South Carolina
C03892,Teresa Burton,Regular,Andrewton,Iowa
C03893,Shannon Wade,Budget,South Erikastad,Utah
C03894,Justin Smith,Regular,Lake Carl,Idaho
C03895,Emily Gray,Budget,North Christopher,Pennsylvania
C03896,Sharon Frye,Regular,West Matthew,Idaho
C03897,John Brock,Regular,Lake John,Massachusetts
C03898,Evelyn Delgado,Regular,South Matthewshire,Oregon
C03899,Scott Berg,Regular,Port Teresaburgh,Hawaii
C03900,Tracy Perez,Regular,Carolyntown,Mississippi
C03901,George Jackson,Regular,Perkinsport,North Dakota
C03902,Caitlyn Larson,Regular,West Robert,Iowa
C03903,Sean Smith,Regular,Robinfurt,West Virginia
C03904,Amanda Lee,Premium,Danielchester,Tennessee
C03905,Lynn King,Regular,Lake Robertville,Arkansas
C03906,Mary Price,Regular,Toddview,Kansas
C03907,Leslie Brooks,Budget,East Kristinport,Colorado
C03908,Melissa Perez,Regular,Cannonfurt,Connecticut
C03909,Karen Andrade,Regular,New Rachaelside,Missouri
C03910,Danny Flores,Regular,Lake Paul,Oklahoma
C03911,Jeremy Clay,Budget,Port Todd,Alabama
C03912,Justin Ellis,Regular,South Robinbury,Arkansas
C03913,Caleb Martin,Budget,Stokeshaven,Illinois
C03914,Matthew Bartlett,Regular,Christinehaven,Colorado
C03915,Jason Conner,Regular,Lake Nicole,Tennessee
C03916,Tamara Moore,Regular,Erikahaven,Virginia
C03917,Jason Bryant,Regular,Bakershire,Delaware
C03918,Lisa George,Premium,Matthewberg,Virginia
C03919,Erika Mcbride,Regular,West Jacqueline,Georgia
C03920,Shannon Chung,Budget,Lake Richard,Mississippi
C03921,Brian Fischer,Regular,Hubbardside,Connecticut
C03922,John Haas,Regular,New Melissa,New York
C03923,Valerie Price,Regular,Port Brookeport,Nebraska
C03924,John Green,Budget,West Markhaven,Rhode Island
C03925,Christopher Simpson,Regular,New Levifort,Arkansas
C03926,Alyssa Foley,Regular,East Rebecca,Minnesota
C03927,Shawn Sellers,Regular,Williamshaven,Montana
C03928,Sonya Allen,Regular,South Craigville,Virginia
C03929,Patricia Phillips,Regular,West Meganmouth,Indiana
C03930,Sonia Mccormick DDS,Regular,South Tracey,Vermont
C03931,Jessica Crawford,Regular,Lake Chelseaville,North Dakota
C03932,Roy Johnson,Regular,New Cheryl,Massachusetts
C03933,Hannah Duncan,Regular,West Michelle,Ohio
C03934,Michael Scott,Premium,Carpentertown,Missouri
C03935,Steven Ortega,Regular,Bakerport,Iowa
C03936,Brandon Mathis,Regular,Lake Rhonda,Kentucky
C03937,David Bullock,Regular,Saraview,New York
C03938,Nicole Johnson,Regular,South Peterberg,Iowa
C03939,Robert White,Regular,Jenniferfort,Massachusetts
C03940,Jasmine Mcdowell,Regular,Penahaven,Missouri
C03941,Ronald Henry,Regular,West Erica,Rhode Island
C03942,Steven Byrd,Budget,South Jamesville,New York
C03943,Jessica Cooley,Regular,Samuelhaven,Missouri
C03944,Amy Hill,Regular,New Sharon,Maryland
C03945,James Johnson,Budget,Johnsonhaven,Washington
C03946,Kevin Key,Regular,Snyderchester,Utah
C03947,Marilyn Weber DDS,Regular,Lambmouth,Ohio
C03948,Charles Kaiser,Budget,Jadehaven,Iowa
C03949,Marcus Patel,Regular,Jameschester,Washington
C03950,Mary Mitchell,Regular,Barryville,Mississippi
C03951,John Small,Regular,Lake Tinahaven,Rhode Island
C03952,Ronald Bruce,Budget,Paulchester,Michigan
C03953,Ashley Padilla,Budget,New Karen,Iowa
C03954,Matthew Sloan,Regular,Michaelfurt,Delaware
C03955,Dale Perez,Regular,Melendezport,Missouri
C03956,Eric Powers,Budget,North Marymouth,Rhode Island
C03957,Beth Morgan,Budget,Valerieside,Virginia
C03958,Nathan Barnes,Budget,Port Matthewport,Wyoming
C03959,Zachary Burton DDS,Budget,Davismouth,Washington
C03960,Paula Johnson,Regular,South Laurenside,Iowa
C03961,Erik Acosta,Regular,Newmanburgh,Rhode Island
C03962,Annette Smith MD,Regular,Port Natalie,Washington
C03963,Earl Jackson,Premium,Port Latoyaburgh,Rhode Island
C03964,Toni George,Budget,Port Amychester,West Virginia
C03965,Alexandra Smith,Regular,East Jenniferberg,Alabama
C03966,Debra Vasquez,Regular,Kaitlinmouth,New York
C03967,Ariana Stevens,Regular,East Briannaport,Minnesota
C03968,Lauren Davila,Budget,New Heathershire,Arizona
C03969,William Wyatt,Budget,Rhodesmouth,Louisiana
C03970,Nicole Rice,Premium,Longton,Oregon
C03971,Vicki David,Premium,South Jeremy,Minnesota
C03972,Tanya Sanders,Regular,North Zacharyburgh,Colorado
C03973,Christian Brady,Premium,Kramerville,Mississippi
C03974,Pamela Montoya,Regular,East Christopher,Nebraska
C03975,Gary Welch,Regular,Wushire,New Jersey
C03976,Robert James,Regular,Cruzstad,Washington
C03977,David Coffey,Regular,Dakotaburgh,Oregon
C03978,Heather Harvey,Regular,Harringtonstad,New Mexico
C03979,Justin Romero,Regular,Hernandezhaven,Massachusetts
C03980,Marie Adams,Regular,East Williammouth,Iowa
C03981,Tasha Bruce,Regular,Lake Heatherchester,Delaware
C03982,Danielle Thomas,Regular,Adamstown,Mississippi
C03983,Daniel Weber,Budget,South Gregory,New Jersey
C03984,Jose Hancock,Regular,Garyhaven,New Mexico
C03985,Anthony Wagner,Regular,West Donald,Utah
C03986,David Rose,Regular,East Elizabeth,West Virginia
C03987,Wendy Schneider,Budget,East Douglasburgh,Utah
C03988,Ruth Diaz,Regular,Port Tim,Oklahoma
C03989,Megan Larson,Budget,South Sonya,Alaska
C03990,Stephanie Walters,Regular,Johnstad,Florida
C03991,Jonathan Miller,Budget,East Christopherview,Oklahoma
C03992,William Rodriguez,Budget,Jenniferton,Tennessee
C03993,Philip Olson,Regular,Ryanview,Delaware
C03994,Kimberly Wilkerson,Regular,West Johnberg,Kansas
C03995,Angela Byrd,Regular,Knappville,Washington
C03996,Gregory Garcia,Budget,Davisshire,Montana
C03997,Andrew Holland,Regular,Lake Kyleberg,Tennessee
C03998,Judy Davidson,Budget,Andrewtown,Washington
C03999,Tracy Berg DVM,Regular,Pamelaland,Massachusetts
C04000,Jake Kelley,Budget,Scottstad,Illinois
C04001,Paul Jackson,Budget,Gardnerville,Maine
C04002,Lawrence Baker,Regular,Lake Patricia,North Dakota
C04003,Angela Thomas,Regular,Alexandraport,Pennsylvania
C04004,Kayla Bailey,Regular,Sparksfurt,Alabama
C04005,Katie Thomas,Regular,West Samuelland,Pennsylvania
C04006,Michelle Young,Budget,New Dustin,Oregon
C04007,Jacob Clark,Regular,Kimberlyberg,Nevada
C04008,Denise Smith,Regular,Port Anna,California
C04009,Angela Adams,Regular,Fernandoburgh,Virginia
C04010,Mrs. Taylor Ortega,Regular,Willisview,West Virginia
C04011,Mary Taylor,Regular,South Mary,South Carolina
C04012,Manuel Beck,Regular,North Ethanbury,Oklahoma
C04013,Todd Reed,Regular,Tinaside,West Virginia
C04014,Ronald Cantu,Regular,Gabrielville,Alabama
C04015,Mary Henry,Regular,Johnsonshire,Pennsylvania
C04016,Mr. James Casey MD,Regular,Christophermouth,Virginia
C04017,Maria Powell,Budget,West Joel,Massachusetts
C04018,Michael Young,Regular,Petersonshire,Utah
C04019,Gary Williamson,Premium,South Pamelahaven,Nebraska
C04020,Mrs. Destiny Brown,Regular,East Kaitlyn,New Jersey
C04021,Tyrone Huber,Premium,Cynthiafurt,Colorado
C04022,Hannah Russo,Budget,New Dorothyville,Louisiana
C04023,Alec Fleming,Regular,East Brittneystad,Connecticut
C04024,Martha Spencer,Regular,Edwardchester,Massachusetts
C04025,Nathan Hill,Budget,South Ryan,Louisiana
C04026,Adam Jackson,Premium,Martinezshire,Vermont
C04027,Heather Martin,Budget,South Jessica,Alabama
C04028,Veronica Ray,Regular,Loriland,New Jersey
C04029,Jacqueline Paul,Regular,Watkinsside,Connecticut
C04030,Lindsey Hunt,Premium,North Alexanderville,Connecticut
C04031,Jennifer Hall,Regular,Stonefort,Ohio
C04032,Anthony Sullivan,Budget,New Daniel,Alaska
C04033,Sean Cook,Budget,West Jessicamouth,Oklahoma
C04034,Elizabeth Waters,Regular,Christophertown,Wyoming
C04035,Sandra Smith,Regular,Hinesside,Washington
C04036,Curtis Olson,Budget,Christianview,Indiana
C04037,Kathryn Walsh,Regular,Allisonland,California
C04038,Gerald Simpson,Regular,Tannerfort,Nevada
C04039,David Crawford,Premium,Port Joel,West Virginia
C04040,David Owens,Regular,South Stevenhaven,Maryland
C04041,James Lewis,Premium,Ericfort,Connecticut
C04042,Dwayne Lee,Budget,Sergioland,Arkansas
C04043,William Fletcher,Regular,Taylorstad,Georgia
C04044,Aaron Henderson,Regular,Jenniferside,Utah
C04045,Nicholas Carlson,Regular,New Amandaside,New Jersey
C04046,Matthew Mason,Regular,Selenamouth,Alaska
C04047,Joshua Miller,Regular,Owenhaven,Tennessee
C04048,Troy Church,Regular,Lake Savannahmouth,Kentucky
C04049,Brandon Foley,Regular,Ramosburgh,Montana
C04050,Crystal Graham,Regular,Thomasborough,North Dakota
C04051,Nathan Morris,Regular,Andreatown,Colorado
C04052,Chad Kim,Regular,Lake David,North Dakota
C04053,Maria Alexander,Budget,Lake Kathleen,Iowa
C04054,Timothy Anderson,Regular,Adamport,Alaska
C04055,Julie Lin,Regular,South Davidburgh,North Dakota
C04056,Scott Miller,Regular,Ochoamouth,Florida
C04057,Christopher Wright,Regular,Port Allenton,South Dakota
C04058,Chelsey Glover,Premium,Stephenshire,New Mexico
C04059,Carly Smith,Regular,Mariafurt,Pennsylvania
C04060,Robert Ball,Budget,Jodibury,Missouri
C04061,Andrew Chapman,Regular,Floresborough,South Carolina
C04062,Heather Edwards,Budget,West Margaretburgh,Vermont
C04063,Jessica Lawson,Regular,Fieldsville,Florida
C04064,Tiffany Snyder,Regular,Jonesfort,Missouri
C04065,Timothy Griffin,Regular,Masonmouth,Oklahoma
C04066,Derek Ramirez,Regular,Lake Brandon,New York
C04067,Debra Keller,Regular,South Joshuafort,Colorado
C04068,Brandon Sullivan,Premium,Duranfurt,Utah
C04069,Jason Jones,Regular,East Jeremyton,Maine
C04070,Alexander Martin MD,Regular,Lake James,Maryland
C04071,Ruth Martin,Regular,Cruzstad,New Jersey
C04072,Johnny Collins,Regular,Richardshaven,Alabama
C04073,Alexander Kim,Budget,Cortezview,Tennessee
C04074,Jody Henderson,Regular,Lake Brittany,Vermont
C04075,Karen Miller,Regular,Lake Laurieberg,Missouri
C04076,Joshua Nguyen,Budget,New Alyssa,Arizona
C04077,Angela Harrington,Budget,Thomasmouth,Colorado
C04078,Sherry Smith,Regular,Martinezland,Iowa
C04079,David Nguyen,Premium,Spencerfurt,Mississippi
C04080,Kristen Chase,Premium,New John,New Hampshire
C04081,Darrell Wolfe,Premium,Lake Donald,Florida
C04082,Jason Green,Budget,Katherineland,California
C04083,Dana Harris,Regular,Dianeborough,Vermont
C04084,Collin Kramer,Regular,Elijahfort,Arkansas
C04085,Anthony Thompson,Budget,Stoutborough,Rhode Island
C04086,Joseph Phillips,Regular,Perrybury,Delaware
C04087,Angel Odonnell,Regular,Jeffreyfort,Hawaii
C04088,Amanda Bailey,Premium,Josephburgh,Arkansas
C04089,Kristopher Monroe,Regular,South Edwardfort,Washington
C04090,Jenny Huang,Regular,Port Martinchester,Minnesota
C04091,Cheryl Smith,Regular,East Janiceland,Rhode Island
C04092,Gary Dixon,Regular,Sheilaside,Texas
C04093,Shawn Patterson,Regular,North Cristian,Tennessee
C04094,Kyle Grant,Regular,Ralphmouth,West Virginia
C04095,April Brown,Regular,North Jamesland,West Virginia
C04096,Chelsea Montoya,Regular,North Max,Oregon
C04097,Cynthia Wagner,Budget,Richardsonberg,Missouri
C04098,Mathew Williams,Regular,Davilaburgh,Maryland
C04099,Christopher Lopez,Regular,East Anthonytown,Georgia
C04100,Todd Murray,Regular,Foxfort,Wyoming
C04101,Kendra Terry,Regular,East Josephfurt,Hawaii
C04102,Frank Rivera,Regular,New Christopher,Connecticut
C04103,Samuel Walker,Regular,New Melanieborough,Tennessee
C04104,Jordan Wilson,Regular,Brentburgh,New Mexico
C04105,Adrian Richards,Regular,Summerschester,Wisconsin
C04106,William Bean,Regular,North Kevinberg,North Dakota
C04107,Roger Murphy,Regular,Franklinton,West Virginia
C04108,Michael Jones,Regular,Ashleyport,Pennsylvania
C04109,Andrew Smith,Regular,Port Jay,New Hampshire
C04110,Sabrina Keller,Regular,Stokesfurt,Hawaii
C04111,Lindsay Anderson,Budget,Hendersonhaven,New Jersey
C04112,Jesus Fitzpatrick,Regular,Priceport,North Dakota
C04113,Dawn Simmons,Budget,East Jeffreyton,Virginia
C04114,Brandi Pope,Regular,Robertport,Ohio
C04115,Brittany Jackson,Budget,North Seanmouth,Nebraska
C04116,Brittany Dixon,Regular,Javierberg,Arkansas
C04117,Michael Cunningham,Regular,East Leslieville,Missouri
C04118,Jodi Barr,Regular,Mataside,Kentucky
C04119,Tyler Maddox,Regular,New Christopher,Connecticut
C04120,Kevin Klein,Regular,Nicoleburgh,Delaware
C04121,Pam Huffman,Regular,Port Angela,Georgia
C04122,Jasmine Butler,Regular,Higginsborough,Montana
C04123,Jennifer Mcfarland,Regular,East Michaelside,Minnesota
C04124,Deborah Payne,Regular,Rogersberg,Mississippi
C04125,Ariana Fitzgerald,Regular,Sarastad,Texas
C04126,Keith Benson,Regular,North Stephaniebury,Georgia
C04127,Matthew Dennis,Regular,Smithtown,Wyoming
C04128,George Warren,Regular,Martinezville,Rhode Island
C04129,Kelsey Johnson,Regular,Markland,Illinois
C04130,Larry Lopez,Budget,South Matthew,Nebraska
C04131,Danielle Mclaughlin,Budget,Phamhaven,Missouri
C04132,Kelly Roberts,Regular,Lake Kellyport,Colorado
C04133,Krista Miller,Regular,Jerrybury,Alaska
C04134,David Meyer,Regular,South Judyfort,Maryland
C04135,Scott Mclaughlin,Regular,Michaelview,Virginia
C04136,Joseph Jenkins,Budget,New Stephanie,Illinois
C04137,Sean Weaver,Budget,Lake Scottville,Texas
C04138,Ann Mathews,Regular,Davidmouth,Connecticut
C04139,Joseph Coleman,Premium,West Benjaminport,Nevada
C04140,Dominique Wood,Regular,Stefanieland,Missouri
C04141,Joshua Bailey,Budget,South Jody,Kansas
C04142,Timothy Wilson,Regular,North David,Kansas
C04143,Christopher Fernandez,Budget,Nortonside,California
C04144,Christopher Thornton,Budget,Singletonton,Idaho
C04145,Tonya Park,Budget,Brittanyview,Iowa
C04146,Brandon Edwards,Regular,Port Jennifer,Michigan
C04147,Phillip Moore,Regular,East Katherineberg,Oregon
C04148,Patricia Murray,Regular,Jenkinsport,Wyoming
C04149,Gabrielle Wallace,Regular,South Brenda,Alabama
C04150,Dean Berg,Premium,Port Guy,New Jersey
C04151,Nancy Long,Regular,Lake Pamela,Michigan
C04152,David Sutton,Regular,Port Jeremy,Montana
C04153,Caitlyn Lee,Regular,South Tabithamouth,Oregon
C04154,Michael Weaver,Regular,Matthewburgh,Hawaii
C04155,Samantha Graham MD,Regular,New James,North Dakota
C04156,John Mcdonald,Regular,West Stephenville,Florida
C04157,Jessica Ford,Premium,Markland,Washington
C04158,Cynthia Young,Regular,Jonesside,Missouri
C04159,Alexander Smith,Regular,East Derrick,New York
C04160,Lori Rocha,Regular,Port John,Minnesota
C04161,Russell Gomez,Regular,South Heather,Delaware
C04162,Teresa Webster,Regular,East Markshire,Rhode Island
C04163,Taylor Mcdaniel,Regular,Hudsonbury,North Carolina
C04164,Sabrina Lopez,Regular,North Williamview,Michigan
C04165,Stephanie Villarreal,Premium,North Stephanie,Maine
C04166,Paul Lamb,Premium,Hillmouth,Massachusetts
C04167,Lance Medina,Regular,Luismouth,California
C04168,Michelle Williams,Regular,South Jimmybury,Washington
C04169,Robert Benjamin,Regular,Lopezmouth,Pennsylvania
C04170,Bridget Hendrix,Regular,New Nathan,Arkansas
C04171,Tracy Howard,Premium,New Joseph,Hawaii
C04172,Donald Green,Regular,Sarafort,South Dakota
C04173,Cynthia Perkins,Regular,Port Dustin,Indiana
C04174,Ruth Brock,Budget,Davilaborough,Missouri
C04175,Courtney Sullivan,Regular,Katrinaburgh,Nebraska
C04176,Ronald Baldwin,Premium,Lake Tammy,Ohio
C04177,Nicholas Russell,Premium,South Madeline,Wisconsin
C04178,Kenneth Cox MD,Regular,Jenniferland,Utah
C04179,Lisa Bishop,Regular,Taylorhaven,Ohio
C04180,Patricia Graves,Regular,North Daniellefort,Wisconsin
C04181,Ernest Myers,Regular,Port Williamville,Montana
C04182,Philip Francis,Regular,North Hannahton,Alabama
C04183,Meghan Johnston,Regular,Lake Melissatown,Virginia
C04184,Jerry Gillespie,Regular,Dillonville,Colorado
C04185,Jennifer Gutierrez,Budget,Derektown,Colorado
C04186,Mark Torres,Regular,Saundersfort,Wisconsin
C04187,Andrea Smith,Premium,Rhodesland,Kansas
C04188,Linda Craig,Regular,Murphyfort,Massachusetts
C04189,Jesse Hughes,Regular,Charlesside,Wisconsin
C04190,Brad Warren,Regular,North Gregoryberg,Oregon
C04191,Mary James,Regular,Port Williamfurt,Maryland
C04192,Jordan Cantu,Regular,West Janice,Texas
C04193,Melissa Clark,Regular,Port Justinton,South Carolina
C04194,Alexander Hill,Budget,Donaldmouth,Tennessee
C04195,Paul Frost,Regular,Cooperbury,New York
C04196,Jaclyn Spence,Regular,South Anthonyburgh,Alabama
C04197,Terrance Compton,Regular,Stephanieville,Vermont
C04198,Tara Hopkins,Budget,Davidstad,Washington
C04199,Daniel Kelly,Budget,North Ericaport,Colorado
C04200,Matthew Johnson,Regular,Cookeshire,Missouri
C04201,Christopher Rodriguez,Regular,New Morgan,Arizona
C04202,Jessica Williams,Regular,Oscarhaven,Illinois
C04203,Robert Thompson,Regular,Robertstad,Georgia
C04204,James Gonzales,Budget,Carpentermouth,New Jersey
C04205,Courtney Jackson DDS,Budget,Knappton,Florida
C04206,David Shaw,Regular,Jacksonland,Hawaii
C04207,Bradley Johnson,Premium,Shellyborough,Florida
C04208,Mr. Frederick Simpson,Regular,South Jenniferborough,Pennsylvania
C04209,Brandon Phelps,Regular,Port Joshuashire,Texas
C04210,Renee Hines,Premium,New Timothy,Illinois
C04211,Jesus Taylor,Premium,Taylorville,Vermont
C04212,Elizabeth Carrillo,Regular,North Wendybury,Rhode Island
C04213,Michael Morris,Budget,North Tyler,Nevada
C04214,Cynthia Wood,Budget,New Howard,South Dakota
C04215,Linda Vega,Regular,Hernandezside,Tennessee
C04216,Robert Cox,Premium,New Kimberg,Ohio
C04217,Catherine Hickman,Regular,North Rebeccabury,Maryland
C04218,Brian Barron,Regular,East Ashleybury,Arizona
C04219,Michael Anderson,Regular,Kentmouth,Connecticut
C04220,Robert Mclaughlin,Regular,Barnesburgh,Michigan
C04221,Scott Brewer,Regular,North Michael,New Jersey
C04222,Jenna Baker,Regular,Lake Barryfurt,North Carolina
C04223,Virginia Roy,Budget,New Jakeborough,North Dakota
C04224,Yesenia Adkins,Budget,Campbellstad,Nevada
C04225,Jonathan Sullivan,Regular,North Corybury,South Carolina
C04226,Ryan Snyder,Premium,Port Thomas,Maryland
C04227,Bethany Sims,Budget,North Triciafurt,California
C04228,Robert Johnson,Budget,Port Danielle,Louisiana
C04229,David Williams,Budget,South Justin,Alabama
C04230,Jennifer Keith,Premium,West Richard,Michigan
C04231,Steven Nicholson,Premium,Samanthamouth,Kentucky
C04232,Janet Bell,Regular,Ashleystad,Delaware
C04233,Courtney Riley,Premium,North Allisonview,Louisiana
C04234,Joseph Williams,Regular,New Nathanmouth,Washington
C04235,Ms. Cynthia Woods MD,Budget,West Jessicaberg,Ohio
C04236,William Cobb,Budget,New Markshire,Minnesota
C04237,Emily Sexton,Regular,Thorntonstad,Nebraska
C04238,Jesse Thompson,Premium,Gabrielchester,Wisconsin
C04239,Carolyn Burton,Budget,South Amandabury,Indiana
C04240,Marcia Sanchez,Regular,Port Laurie,Vermont
C04241,Samuel George,Regular,North Rebecca,Massachusetts
C04242,Zachary Brown,Budget,North Jeremytown,Minnesota
C04243,Susan Washington,Premium,South George,Colorado
C04244,Maria Brown,Budget,Nguyenshire,Georgia
C04245,Mary Mccullough,Regular,Lake Melissatown,Pennsylvania
C04246,Jeffery Jones,Regular,Martinezview,North Dakota
C04247,Willie Becker,Regular,South Marvinburgh,Nevada
C04248,Ryan Murphy,Regular,Nicholsport,North Dakota
C04249,Stacey Bright,Regular,Lake Meganmouth,Utah
C04250,Kevin Lopez,Regular,Tylerport,South Dakota
C04251,Kelly Ward,Regular,North Williamberg,Rhode Island
C04252,Angel Nichols,Budget,Jessicachester,Oregon
C04253,Ronald Sparks,Regular,Baileychester,Arkansas
C04254,Evan Shelton,Regular,South Olivia,Illinois
C04255,Edward Wright,Regular,South Hannahfort,Connecticut
C04256,Jonathan Gallagher,Regular,East Mallory,Oklahoma
C04257,Sheena Freeman,Regular,Port Crystal,Arizona
C04258,Dale Washington,Regular,Lake Douglasborough,New Mexico
C04259,David Perry,Regular,North Gilberthaven,Florida
C04260,Jesus Irwin,Regular,Granthaven,Indiana
C04261,Aaron Evans,Regular,Chandlerberg,Wisconsin
C04262,Ashley Ruiz,Regular,East Nathan,Arizona
C04263,Norma Hall,Regular,Yvetteside,Oregon
C04264,Brittany Williams,Premium,Lake Erictown,South Carolina
C04265,Geoffrey Rodriguez,Premium,Lake Susanfurt,Virginia
C04266,Maria Rodgers,Regular,Lake Kevinfort,New Mexico
C04267,Anita Johnson,Premium,Dianamouth,Connecticut
C04268,Renee Johnson,Regular,Brookeland,Massachusetts
C04269,Jeffery Thompson,Premium,Cherylberg,Texas
C04270,Susan Powell,Regular,North Caitlin,Louisiana
C04271,Joshua Mills,Regular,South Rodneyfurt,Colorado
C04272,Amanda Baker,Regular,Oneilltown,Nevada
C04273,Nathaniel Burke,Regular,Smithview,Tennessee
C04274,Lauren Hawkins,Regular,New Jesseborough,South Carolina
C04275,Jonathan Ray,Regular,East Sandrahaven,New York
C04276,Jose Jarvis,Regular,Cassidyfurt,Connecticut
C04277,Christina Evans,Budget,South Christopher,Michigan
C04278,Alexandra Lawrence,Budget,Marktown,Vermont
C04279,Lisa Buck,Premium,East Davidberg,Tennessee
C04280,Stephanie Haney,Regular,Port Andrewton,Maine
C04281,Vanessa Reed,Regular,Smithview,Ohio
C04282,Karen Guzman,Regular,Davishaven,Idaho
C04283,Jerome Wright,Regular,Erinmouth,Ohio
C04284,Jason Taylor,Regular,Port Jonathan,Kansas
C04285,David Jefferson,Regular,Wilsontown,Wisconsin
C04286,Sarah Hansen,Regular,Stevenburgh,Alabama
C04287,Audrey Villegas,Regular,Lake Jillian,Vermont
C04288,David Harvey,Budget,Lake Dustin,South Dakota
C04289,Tiffany Meyers,Regular,East Ryan,Massachusetts
C04290,Jennifer Gomez,Regular,East Sheilabury,Pennsylvania
C04291,Rhonda Jones,Regular,North Margaretmouth,Florida
C04292,Jamie Gilmore,Regular,Lake Gina,Maryland
C04293,Marisa Smith,Regular,Braunchester,Pennsylvania
C04294,Christopher Strong,Regular,Faulknerburgh,Vermont
C04295,Howard Rowe,Regular,Heatherton,Wyoming
C04296,Daniel Lopez,Regular,Tylerview,Vermont
C04297,Joshua Peterson,Regular,Eugeneland,Oklahoma
C04298,Kimberly Mccoy,Regular,South Bryanland,Rhode Island
C04299,Jason Schroeder,Regular,Jonathanstad,New York
C04300,Louis Pace,Regular,West Kathrynborough,Kentucky
C04301,Joseph Marshall,Budget,Kaylafurt,New Hampshire
C04302,Colleen Briggs,Budget,Smithfurt,California
C04303,Miranda Phillips,Regular,South Cynthiamouth,Florida
C04304,Jason Young,Regular,Murphyborough,North Dakota
C04305,Matthew Bailey,Regular,North Aprilbury,Rhode Island
C04306,Brandon Robbins,Budget,Lake Breannabury,Virginia
C04307,Mitchell Campbell,Regular,Henryland,Rhode Island
C04308,Willie Lee,Budget,Tonyastad,Pennsylvania
C04309,Brian West,Regular,Emilyton,Massachusetts
C04310,Shelley Nguyen,Regular,West Teresastad,Kansas
C04311,Dr. Nancy Freeman,Regular,Laurenburgh,Hawaii
C04312,Andrew Simmons,Regular,Brownside,Alabama
C04313,Daniel Nunez,Premium,Henrymouth,North Carolina
C04314,Debra Smith,Regular,Clarkville,Utah
C04315,Victoria Hamilton,Budget,Maryshire,Alaska
C04316,James Hayes,Regular,Josephton,Vermont
C04317,Brett Rice,Premium,South Andrewland,Oregon
C04318,Eric Perez,Regular,Carterberg,Alaska
C04319,John Hayes,Regular,Garciaberg,Tennessee
C04320,Patrick Arnold,Regular,West Monicaborough,Texas
C04321,Russell Joseph,Premium,Port Jessestad,Arkansas
C04322,Rebecca Bradshaw,Regular,Rachelborough,Illinois
C04323,Megan Marquez,Regular,North Lindaport,Wisconsin
C04324,Jerry Harris,Regular,Mcmahonfort,Vermont
C04325,Kimberly Hoffman,Regular,Goodwinstad,Indiana
C04326,Mrs. Anne Dougherty,Regular,New Raymondport,New Mexico
C04327,Charles Hoffman,Regular,Lake Matthew,Maine
C04328,Ashley Cross,Regular,Johnchester,Delaware
C04329,Wendy Grant,Premium,North Courtney,Minnesota
C04330,Susan Robertson,Regular,West Christophershire,Georgia
C04331,Jeffrey Hensley,Regular,East Lisa,Virginia
C04332,Jessica Smith,Regular,New Frankchester,Illinois
C04333,Eric Holt,Regular,South Tricialand,Connecticut
C04334,Douglas Chen,Regular,Woodwardburgh,Rhode Island
C04335,William Stone,Budget,Wilsonport,West Virginia
C04336,James Ramos,Budget,Davidshire,Iowa
C04337,Jennifer Stone,Regular,Patrickstad,Maine
C04338,Thomas Bush,Budget,Stephanieside,Texas
C04339,Carl Hull,Regular,New Ian,Alabama
C04340,Donald Steele,Budget,New Anthony,Michigan
C04341,Miguel Green,Budget,Lisachester,Wyoming
C04342,Allison Hardin,Regular,Courtneybury,Illinois
C04343,Alexandra Williams,Regular,East Timothy,Colorado
C04344,Jasmine Harrell DDS,Premium,Nicoletown,New Hampshire
C04345,Chelsea Beck,Regular,Port Allison,Idaho
C04346,Laurie Brown,Budget,Normanborough,Mississippi
C04347,Ann Smith,Premium,New Joshuamouth,Washington
C04348,Andrew Harper,Regular,West Denise,Maine
C04349,Brianna Barajas,Regular,East Amberport,Nebraska
C04350,Crystal Fields,Regular,Teresahaven,Colorado
C04351,Victoria Foster,Premium,North William,Louisiana
C04352,John Haney,Budget,Jonathonbury,Louisiana
C04353,Elizabeth Smith,Regular,Lake Taylor,Massachusetts
C04354,Elizabeth Kim,Regular,Port Andre,South Dakota
C04355,Shelley Mclean,Regular,Garciatown,Virginia
C04356,Edward Hernandez,Regular,North Jonathanstad,Massachusetts
C04357,Jessica Brooks,Budget,Cookview,Kentucky
C04358,Corey Carter,Regular,Port Lynnview,Missouri
C04359,Ronald House,Regular,East Ryanfurt,Massachusetts
C04360,Jennifer Mccormick,Premium,East Scott,Iowa
C04361,Andrea Mcdonald,Regular,Perezstad,Pennsylvania
C04362,Edward Thomas,Regular,Paulchester,Tennessee
C04363,Angela Scott,Regular,South Diane,West Virginia
C04364,Matthew Rivera,Regular,New Lori,Ohio
C04365,Michelle Williams,Regular,Dannytown,South Carolina
C04366,Jimmy Benson,Regular,Cherylborough,North Dakota
C04367,Dr. Sherry Esparza,Budget,Lake Anna,Vermont
C04368,Paul Galvan,Regular,Hollandview,Oregon
C04369,Walter Walsh,Regular,East Natashaville,South Carolina
C04370,Megan Mitchell,Regular,Port Luke,Vermont
C04371,Misty Dalton,Regular,Lake Derrick,Idaho
C04372,Gina Francis,Regular,Danielleside,Pennsylvania
C04373,Jorge Salazar,Regular,South Carlos,Maine
C04374,Anthony Kelly,Regular,West John,Delaware
C04375,Mrs. Patricia Little MD,Premium,Lewisfurt,California
C04376,Jamie Garcia,Regular,New Tinafurt,Alaska
C04377,Jamie Johnson,Regular,Pricestad,Illinois
C04378,Cynthia Fisher,Regular,Jenniferport,Kansas
C04379,Jennifer Parrish,Regular,Millerbury,Minnesota
C04380,James Ruiz,Regular,Marshallland,Alabama
C04381,Ryan Simmons,Regular,Castilloberg,Hawaii
C04382,Melissa Patterson,Regular,Cynthiaborough,New Mexico
C04383,Danny Wells,Regular,North Tyrone,Mississippi
C04384,Barbara Booth,Regular,New Matthew,Arkansas
C04385,Veronica Hess,Regular,Aguirrechester,Nebraska
C04386,Susan Elliott,Regular,Frankstad,Rhode Island
C04387,Kathleen Castillo,Regular,Jessicachester,South Dakota
C04388,Holly Smith,Regular,North Robert,Texas
C04389,Susan Santana,Regular,Port Ashley,Florida
C04390,Tiffany Lee,Premium,Silvafurt,North Carolina
C04391,Wendy Mcdaniel PhD,Regular,New Kyleville,Minnesota
C04392,Pamela Acosta,Regular,Michellemouth,Montana
C04393,Dr. Jonathan Lee PhD,Regular,Port Christine,Wyoming
C04394,Russell Stevenson,Budget,North Shaunland,Mississippi
C04395,Jodi Smith,Regular,East Nathanport,South Dakota
C04396,Jose Newton,Regular,Lake Michaelside,Idaho
C04397,Cesar Daniels,Regular,Michaelbury,Arkansas
C04398,Mikayla Thomas,Regular,North Shannon,Georgia
C04399,Melinda Spence,Regular,North Garyberg,Montana
C04400,Nicholas Harper,Regular,North Jamesside,Connecticut
C04401,Teresa Mercer,Premium,New Sabrinaville,Arizona
C04402,Jennifer Adams,Budget,Johnmouth,South Dakota
C04403,Brian Griffin,Regular,Newmanville,Illinois
C04404,Joel Rogers,Regular,East April,Louisiana
C04405,Daniel Foley,Regular,Crawfordport,South Carolina
C04406,Joseph Johns,Regular,Webbfort,New Jersey
C04407,Janice Santiago,Premium,Carrieton,Hawaii
C04408,Connor Smith,Regular,West Johntown,Ohio
C04409,Mary Valdez,Regular,Kingmouth,Iowa
C04410,Richard Parker,Budget,Williamsville,Wisconsin
C04411,Connie Morris,Regular,Port Tracy,Maine
C04412,Jennifer Stone,Regular,Wellsside,Idaho
C04413,Jackie Reyes,Regular,New Dawn,Delaware
C04414,Willie Cooper,Budget,East Susanstad,California
C04415,Brent Chen,Regular,Port Sean,Wyoming
C04416,Kevin Cunningham,Regular,Harrisshire,Georgia
C04417,Miranda Hernandez,Regular,Port Wendymouth,Ohio
C04418,Kevin Deleon,Regular,East Julianmouth,South Carolina
C04419,Karen Johnson,Regular,Baileyfurt,Arkansas
C04420,Gene Williams,Budget,Christinaview,Kentucky
C04421,Benjamin Clark,Regular,Johnsonview,Nevada
C04422,Erica Gonzales,Budget,South Angelaburgh,Wisconsin
C04423,Lee Bryant,Regular,Richardsmouth,Colorado
C04424,Nicholas Webb,Premium,Port Phillipville,Indiana
C04425,Donald Evans,Regular,Kelleyburgh,Idaho
C04426,Terri Brown,Premium,West Ashley,New Jersey
C04427,Kimberly Johnson,Regular,South Christopherside,New Mexico
C04428,Claire Johnson,Premium,Trevinoshire,Vermont
C04429,Leslie Conway,Premium,Ashleychester,Vermont
C04430,Kim Fuller,Budget,Port Shannon,New Mexico
C04431,Erika Colon,Regular,Thomasport,New Mexico
C04432,Johnny Jennings,Regular,Murrayshire,New Jersey
C04433,Deborah Marsh,Regular,Simpsontown,Ohio
C04434,Sarah Walker,Regular,West Davidfurt,South Dakota
C04435,Dennis Schneider,Budget,North Jordan,Iowa
C04436,Kathleen Sparks,Regular,Tracyhaven,Oregon
C04437,Robin Shelton,Regular,East Jasminemouth,Georgia
C04438,Michael Sanders,Budget,Port Amandamouth,Massachusetts
C04439,Susan Barton,Regular,Lake Terryton,Nevada
C04440,Mary Green MD,Budget,Leroymouth,Massachusetts
C04441,Travis Vega,Budget,West Stephanie,Pennsylvania
C04442,Christina Gutierrez,Regular,East Zacharyhaven,Oklahoma
C04443,Jason Thompson,Regular,Port Jennatown,Mississippi
C04444,Mrs. Holly Campbell,Budget,Smithmouth,South Carolina
C04445,Melissa Sanchez,Regular,North Tracyhaven,Kentucky
C04446,Joseph Black,Regular,Ashleymouth,Maine
C04447,Rebecca Clark,Regular,Lauramouth,West Virginia
C04448,Lauren Nichols,Premium,Lake Daniellemouth,Vermont
C04449,Joanna Martinez,Regular,Brownport,Wyoming
C04450,Heidi Gardner,Premium,South Omar,Oregon
C04451,Rhonda Wright,Budget,Hamptonhaven,New Hampshire
C04452,Sherry Miller,Regular,Samanthaborough,North Dakota
C04453,Bianca Knight,Regular,Danielsfort,Idaho
C04454,Mark Soto,Premium,New Kyle,Ohio
C04455,Nicole Wilson,Budget,North Tracy,South Carolina
C04456,William Ramirez,Regular,Karenmouth,Missouri
C04457,Michael Manning,Regular,North David,Idaho
C04458,Robert Wade,Regular,Garyfurt,Michigan
C04459,Barry Gillespie,Regular,Port Michael,Georgia
C04460,Jessica Miller,Budget,Jenniferborough,Tennessee
C04461,Susan Jones,Regular,New Devin,Connecticut
C04462,Dana Parker,Regular,Mcintyremouth,Utah
C04463,Alex Peterson,Premium,Frederickton,Vermont
C04464,David Gray,Regular,Adamchester,Utah
C04465,Jennifer Baker,Premium,Port Jose,Arizona
C04466,Zoe Velasquez,Regular,Timothymouth,Pennsylvania
C04467,Kristi Torres,Regular,Mayerborough,Oklahoma
C04468,Gregory Brown,Regular,North Melissa,Minnesota
C04469,Ronald Moore,Premium,Websterburgh,Oklahoma
C04470,Jill Franklin,Budget,Darrellhaven,North Dakota
C04471,David Little,Regular,Port Charles,Colorado
C04472,Leah Carpenter,Regular,New Francisco,Nebraska
C04473,Catherine Austin,Regular,South Michaelchester,Nevada
C04474,Ashley Navarro,Budget,Sotoside,Vermont
C04475,Katie Walter,Regular,Francofurt,Washington
C04476,Jill Brown,Budget,Jamesfurt,Pennsylvania
C04477,James Farley,Regular,New Alexis,Rhode Island
C04478,Mary Miller,Regular,Zunigashire,Hawaii
C04479,Manuel Benton,Budget,Andreastad,Nebraska
C04480,Andre Garcia,Regular,Parkermouth,Wyoming
C04481,Damon Munoz,Regular,Lake Monica,Tennessee
C04482,Peter Scott,Regular,Davidmouth,Ohio
C04483,Trevor Perry,Regular,Alexandrafurt,Georgia
C04484,Kyle Collins,Regular,Ronaldside,Nebraska
C04485,Brittany Rose,Regular,Robinshire,New York
C04486,Susan Dixon,Regular,Simmonsmouth,Florida
C04487,Pamela Edwards,Regular,Ruizstad,Washington
C04488,Bobby Nunez,Regular,Shellyview,Rhode Island
C04489,Kathleen Gomez,Regular,Cooleyshire,Missouri
C04490,Tracey Williamson,Regular,South Mariaborough,Maine
C04491,Faith Anderson,Premium,Port Andrewshire,Montana
C04492,Gerald Mccoy,Regular,Cynthiahaven,Arkansas
C04493,Cheryl Chavez,Regular,South Johnberg,Utah
C04494,Michael King,Budget,Lanemouth,Wyoming
C04495,Ashley Carey,Regular,West Steveborough,Kansas
C04496,Justin Gates,Regular,Port Troy,Michigan
C04497,Robert Simmons,Budget,West Katie,New Mexico
C04498,Ricardo Harper,Budget,Masonside,Ohio
C04499,Rachel Brown,Budget,West Robert,Georgia
C04500,Lisa Miller,Regular,Lake Angela,Idaho
C04501,Brianna Quinn,Regular,Staceyfurt,North Carolina
C04502,Todd Bush,Regular,West Maria,Alaska
C04503,Mrs. Susan Floyd,Regular,East Marie,Missouri
C04504,Troy Evans,Budget,North Monicaville,Oregon
C04505,Donna Horne,Regular,South Kathyview,Massachusetts
C04506,Kristi Jackson,Budget,South Michaelchester,Vermont
C04507,Colin Melton,Budget,Andrewburgh,Iowa
C04508,Susan Guzman,Regular,New Nicholasborough,Maine
C04509,Joanna Lee,Budget,Shelleymouth,Missouri
C04510,Monica Johnson,Premium,West Kaitlin,Wyoming
C04511,John Reynolds,Budget,West Michaelburgh,Ohio
C04512,Kathleen Snyder,Regular,South Christopher,Wisconsin
C04513,Crystal Evans,Regular,Lake Tammymouth,Connecticut
C04514,Christopher Marquez,Regular,Sophiaview,Washington
C04515,Amanda Norman,Regular,Harmonland,Arizona
C04516,Kyle Weaver,Regular,Christopherstad,Connecticut
C04517,Dalton Davis,Premium,Gomeztown,Massachusetts
C04518,Ryan Long,Regular,Wattstown,Kentucky
C04519,Michael Riley,Regular,Annetteside,Missouri
C04520,Zachary Miller,Regular,South Gregory,Nebraska
C04521,Stephanie Clark,Premium,Janetburgh,Virginia
C04522,Todd Rodriguez,Regular,North Ericton,Connecticut
C04523,Jessica Barker,Premium,Lake Lorishire,Montana
C04524,Michelle Turner,Budget,Banksmouth,Missouri
C04525,Sherry Villegas,Regular,Robertland,Vermont
C04526,Barbara Young,Regular,Deanshire,Virginia
C04527,David Edwards,Budget,Lake Garyton,Nebraska
C04528,Kristi Morrow,Budget,Mcdonaldhaven,North Dakota
C04529,Linda Charles,Regular,Stevensport,South Carolina
C04530,Jonathan Benitez,Regular,East Scottborough,Tennessee
C04531,Barbara Adams,Regular,South Richardhaven,Iowa
C04532,Brent Vaughn,Regular,New Jason,Oklahoma
C04533,Bernard Leon,Regular,Perezchester,Idaho
C04534,Sean Ramirez,Budget,West Jasminehaven,Illinois
C04535,Lisa Conrad,Regular,East Felicia,Wisconsin
C04536,Adriana Patel,Regular,New Danielleburgh,Colorado
C04537,Allen Bennett,Regular,West Jonathan,South Carolina
C04538,Christopher Khan,Budget,North Maryport,North Dakota
C04539,Daniel Lambert,Budget,North Andre,Missouri
C04540,Kathryn Noble,Regular,New Bryan,Utah
C04541,Lauren Medina,Regular,Mendozaport,Arizona
C04542,Patrick Jackson,Regular,Port Josemouth,North Carolina
C04543,Maria Davis,Regular,East Robertland,Wyoming
C04544,Annette Braun DVM,Regular,Ericview,Hawaii
C04545,Sarah Black,Regular,West Alexisshire,Mississippi
C04546,Paul Matthews,Premium,Campbellside,Oregon
C04547,Amy Pacheco,Regular,Andreamouth,Wisconsin
C04548,Andrew Gilbert,Regular,Martinezview,Montana
C04549,Jessica Rice,Regular,Davidhaven,New Jersey
C04550,Benjamin Becker,Regular,Simmonsberg,Delaware
C04551,Ryan French,Regular,Tylerbury,Utah
C04552,David Barry,Regular,Cookchester,Maryland
C04553,Megan Key,Regular,Charlesside,Kansas
C04554,Jessica Gilbert,Regular,Charlestown,Kansas
C04555,Brittany Crawford,Regular,New Pamela,North Dakota
C04556,James Martin,Regular,Hayesbury,New York
C04557,Madison Harris,Regular,New Lisaborough,Vermont
C04558,Tyler Jones,Regular,West Karen,Maryland
C04559,Chris Reyes,Regular,Amandafort,Arkansas
C04560,Heidi Potts,Premium,South Jamesmouth,Colorado
C04561,Kenneth Miller,Premium,South Jamesmouth,Connecticut
C04562,Gina Wallace,Budget,East Deannaside,Vermont
C04563,Rachel Miller,Regular,Lake Susan,Illinois
C04564,Scott Delgado,Regular,Victoriastad,New Hampshire
C04565,Felicia Brown,Regular,Port Michelle,Missouri
C04566,Chelsey Woods,Regular,East Angela,Vermont
C04567,Sandra Wilson,Budget,Harrisonshire,Illinois
C04568,Timothy Gonzalez,Regular,Brettside,Mississippi
C04569,William Stevens,Regular,Port Michelle,Arkansas
C04570,Karen Wilson,Regular,Hayeston,Kansas
C04571,Sara Long,Regular,New David,Illinois
C04572,Matthew Hopkins,Premium,Morganberg,Massachusetts
C04573,Danielle Cox,Regular,Khanton,Louisiana
C04574,David Russell,Regular,Timothyshire,Ohio
C04575,Nicholas Arnold,Budget,Ramosside,Vermont
C04576,Derek Taylor,Premium,Brownview,Virginia
C04577,Collin Wilson,Regular,Luceroville,Tennessee
C04578,Ricardo Delgado,Regular,Richardsonhaven,New Hampshire
C04579,Hannah Shaw,Regular,Lewisburgh,South Carolina
C04580,Tyler Williamson,Regular,Rothport,Minnesota
C04581,Jason Johnson,Budget,Whiteport,Delaware
C04582,Laura Smith,Regular,Wallacefurt,Wyoming
C04583,Cheryl Hawkins,Regular,South Kristimouth,Rhode Island
C04584,Cheryl Morgan,Regular,Lake Justin,Pennsylvania
C04585,Judy Fuentes,Premium,Williamsonfort,Wisconsin
C04586,Nicole Brown,Regular,Huffview,Idaho
C04587,Joel Scott,Premium,Moonfort,Louisiana
C04588,Steven Rodriguez,Regular,West Joseph,Texas
C04589,Justin Tate,Regular,Hallbury,New Hampshire
C04590,Matthew Phillips,Budget,Port Adrianabury,South Carolina
C04591,Christy Lee,Budget,Rowestad,Oklahoma
C04592,Anita Shea,Regular,Port Joseph,Utah
C04593,Kelly Benitez,Regular,New William,Maine
C04594,Brian Bowman,Budget,Jessicahaven,Colorado
C04595,Linda Graham,Regular,North Brittney,New York
C04596,Tara Dominguez,Budget,Francisbury,Kansas
C04597,Kristen Roberts,Budget,Laurashire,Maine
C04598,Mary Wallace,Regular,West Miguel,Alaska
C04599,Sharon Singh,Premium,North Alexis,North Carolina
C04600,Robin Brown,Budget,New Seanborough,Nebraska
C04601,Rachael Evans,Regular,Summersmouth,Maryland
C04602,Michelle Perry,Regular,Lake Karen,Oklahoma
C04603,Joan Douglas,Regular,North Matthewton,Washington
C04604,Alicia Jones,Budget,North Christine,Pennsylvania
C04605,Margaret Vasquez,Regular,Lake Sherryborough,New Hampshire
C04606,Bethany Thomas,Regular,Briggsberg,West Virginia
C04607,Dawn Gill,Regular,Jacksonburgh,Iowa
C04608,Tiffany Sanders,Budget,Armstrongside,Arkansas
C04609,Pedro Coleman,Regular,New Waltermouth,New Jersey
C04610,Mark Brown,Regular,Lake George,Virginia
C04611,Tricia Hernandez,Regular,East Heidiside,Connecticut
C04612,Megan Hernandez,Regular,New Lori,North Carolina
C04613,Robert Jones,Regular,Craighaven,Kansas
C04614,Daniel Calderon,Regular,Nelsonland,California
C04615,Carolyn Jenkins,Premium,West Jenniferport,Virginia
C04616,Paul Gray,Premium,Mcclainport,California
C04617,Kayla Tate,Regular,New Jonathonshire,Montana
C04618,Courtney Glover,Budget,Lake Michellefurt,Indiana
C04619,Sylvia Brown,Regular,Tannerchester,Minnesota
C04620,William Chan,Regular,Brownview,Maine
C04621,Thomas Harper,Premium,Alexahaven,Washington
C04622,Joanna Turner,Regular,West Sheilaville,Hawaii
C04623,Alan Glass,Regular,Wongside,Minnesota
C04624,Donald Murphy,Regular,Howardview,New Jersey
C04625,Amber Santos,Regular,Reynoldsside,Montana
C04626,Christine Curtis MD,Budget,Lake Williamfort,Kentucky
C04627,James Massey,Regular,New Anthony,California
C04628,Tiffany Cunningham,Regular,Martinburgh,Colorado
C04629,Jason Romero,Regular,Valerietown,Iowa
C04630,Kerry Davis,Regular,West Coreytown,Georgia
C04631,Lori Howard,Regular,Jonesview,North Dakota
C04632,Valerie Rosario,Regular,Jacobfurt,New Jersey
C04633,Amanda Stephens,Budget,Port Courtneyfurt,Arkansas
C04634,Eric Myers,Budget,South Thomaston,Indiana
C04635,Austin Chen,Regular,North Emilymouth,Maryland
C04636,Daniel Peterson,Premium,New Kim,Pennsylvania
C04637,Matthew Graves,Budget,Griffithton,Michigan
C04638,Chelsea Davis,Regular,Brookston,Mississippi
C04639,Andrew Jackson,Regular,Underwoodshire,Alabama
C04640,Clifford Lindsey,Regular,East Holly,Utah
C04641,Cynthia Hansen,Premium,Joshuaborough,North Dakota
C04642,David Cervantes,Budget,Meganport,Kentucky
C04643,Margaret Abbott,Regular,West Alexandertown,Maine
C04644,Emily Myers,Regular,Lake Michaelview,Missouri
C04645,Mackenzie Blair,Regular,Bennettberg,Virginia
C04646,Emily Bartlett,Regular,East Heathermouth,Pennsylvania
C04647,Stephen Price,Budget,South Kyle,Virginia
C04648,Kaitlin Palmer,Regular,Brownhaven,West Virginia
C04649,Andrea Conway,Regular,Haysport,North Dakota
C04650,Joseph Love,Regular,Port Nicoleberg,Arizona
C04651,David Anderson,Regular,New Melissahaven,Rhode Island
C04652,Richard Riggs,Regular,Jeffreyborough,New York
C04653,Allison Morris,Regular,Lake Alan,Michigan
C04654,Karen Bennett,Regular,Thompsonville,Michigan
C04655,Laura Mata,Budget,Richardfort,Ohio
C04656,Deborah Smith,Regular,Lindseyfort,Maine
C04657,Angela Blake,Premium,Ramosborough,Montana
C04658,Katie Black,Regular,West Cindyland,New York
C04659,David Johnson,Regular,Diaztown,Ohio
C04660,Jessica Lowe,Regular,West Michael,Minnesota
C04661,Joseph Orr,Regular,North Sandra,Idaho
C04662,Anthony Wallace,Regular,West Cynthia,Alabama
C04663,Sharon Maxwell,Regular,New Ericmouth,Alabama
C04664,Michael Branch,Regular,East Holly,New Jersey
C04665,Russell Garcia,Budget,South Vanessa,Illinois
C04666,Daniel Davis,Regular,Christineside,Connecticut
C04667,Jean Davis,Budget,West Deborah,Minnesota
C04668,Dr. Elizabeth Cortez,Budget,Lake Michaeltown,Arkansas
C04669,Sara Brown,Regular,Port Zachary,Georgia
C04670,Jesse Hall,Regular,Nelsonmouth,Oklahoma
C04671,Sonya Howard,Regular,South Elizabethtown,California
C04672,Patrick Rivas,Regular,North Jeremytown,North Carolina
C04673,Sierra Beck,Budget,Atkinsonburgh,New Hampshire
C04674,Sarah Liu,Regular,Kimberlyland,Ohio
C04675,Russell Graham,Regular,Loganberg,Hawaii
C04676,Tara Miller,Budget,Robertstad,Oregon
C04677,Claudia Martin,Regular,East Dominic,Arizona
C04678,Alexandra Klein,Regular,East Joshua,Missouri
C04679,Roy Castro,Regular,Kellerside,New Hampshire
C04680,Margaret Jackson,Regular,Johnsonmouth,Alaska
C04681,Nicole Johnson,Regular,Lake Robert,Wisconsin
C04682,Emily Cox,Regular,South Elizabeth,Wyoming
C04683,Robert Griffin,Budget,Davisshire,Rhode Island
C04684,Thomas Higgins,Regular,Port Harry,New York
C04685,Michael Newton,Regular,Dillonburgh,Oklahoma
C04686,Travis Thomas,Regular,Davidville,Virginia
C04687,Angela Hernandez,Regular,South Charlestown,Florida
C04688,Michael Gomez,Premium,Maryburgh,Colorado
C04689,Kelsey Taylor,Regular,East Anthony,West Virginia
C04690,Sue Woods,Premium,Wagnerfort,Minnesota
C04691,Emily Barker,Regular,New Lisamouth,Nebraska
C04692,Caroline Barton,Premium,East Melissa,Michigan
C04693,Anna Johnson,Regular,West Rebeccamouth,Kansas
C04694,Christine Bennett,Regular,Lake John,Colorado
C04695,James Johnson,Regular,Reginabury,Kentucky
C04696,Sara Castro,Budget,South Laceyside,Hawaii
C04697,Richard Williams,Regular,West Shane,West Virginia
C04698,Dana Hunt,Regular,Averyburgh,Kansas
C04699,Richard Flores,Budget,South Christopherberg,Wyoming
C04700,Wanda Blackburn,Budget,South Michaeltown,Kansas
C04701,Kevin Brown,Regular,South Amyshire,Arkansas
C04702,Megan Macdonald,Regular,South Laurenside,New York
C04703,Amy Lee,Budget,North Holly,Indiana
C04704,Michelle Davidson,Premium,West Nicholas,New York
C04705,Andrea Cole,Regular,South Chadmouth,Kansas
C04706,Michelle Lester,Regular,Port Jason,Wyoming
C04707,Robert Newman,Regular,East Crystalton,Montana
C04708,Angela Allen,Regular,Dylanmouth,Wyoming
C04709,Alan Ellis,Regular,Swansonburgh,New Jersey
C04710,Katherine Casey MD,Regular,Lake Jameschester,Vermont
C04711,Arthur Hughes,Regular,Garciaberg,New Jersey
C04712,John Robinson,Regular,Brianahaven,West Virginia
C04713,Christina Johnson,Regular,Beardberg,Missouri
C04714,Tanya Collins,Premium,North Chad,Hawaii
C04715,Drew Horn,Regular,East Kennethton,Washington
C04716,Melissa Hall,Regular,South Karinafort,Indiana
C04717,Mrs. Ebony Dorsey,Regular,Romerohaven,Ohio
C04718,Bonnie Richardson,Budget,New Bradley,Virginia
C04719,Charles Turner,Regular,North Robert,Wisconsin
C04720,Cheryl Manning,Regular,Dillonland,North Dakota
C04721,Antonio Marquez,Regular,West Maryside,Mississippi
C04722,Robert Harris,Premium,Geraldview,Alabama
C04723,Christopher Foster,Regular,West Tracytown,South Dakota
C04724,Edward Smith,Regular,Lake Michael,New Hampshire
C04725,Alyssa Tate,Budget,New Matthew,Alabama
C04726,Jean Torres,Regular,Lake Christopherside,Wyoming
C04727,Richard Chen,Regular,North Justin,California
C04728,Garrett Stevens,Regular,Josephmouth,Washington
C04729,Debra Osborn,Regular,Lake Kellyburgh,Wisconsin
C04730,Frank Sanchez,Regular,New James,Indiana
C04731,Tony Villanueva,Budget,Riveraberg,North Dakota
C04732,Jeffrey Turner,Budget,Moonmouth,Rhode Island
C04733,Jennifer Campbell,Premium,Kristenville,Florida
C04734,Kevin Harris,Regular,Osbornechester,Pennsylvania
C04735,Judith Matthews,Regular,West Sean,Wisconsin
C04736,Paula Owens,Regular,Foxberg,Alabama
C04737,Vanessa Miller,Regular,South Mary,Texas
C04738,Traci Webb,Regular,West Randyville,Montana
C04739,Bobby Johnson,Budget,Jonesshire,Arizona
C04740,Jonathan Kelly,Regular,West Sarahtown,New Hampshire
C04741,Ashley Martinez,Regular,East Hannah,Colorado
C04742,Jessica Alexander,Regular,Port Beckybury,Virginia
C04743,Keith Jennings,Regular,Gutierrezside,Colorado
C04744,George Reyes,Premium,Lake Jessicabury,Mississippi
C04745,Natalie Miller,Premium,Maciasburgh,Maryland
C04746,Kelly Summers,Regular,Ianfurt,New York
C04747,John Simpson,Budget,East Kimberly,Arizona
C04748,Jennifer Jackson,Premium,Thomashaven,Nevada
C04749,Dawn Johnson,Regular,East Nicole,Indiana
C04750,Rhonda Flores,Regular,Alanton,Missouri
C04751,Sarah Cole,Regular,Morgantown,Iowa
C04752,Gabriela Morales,Regular,West Cameron,North Dakota
C04753,Miguel Henson,Budget,Whiteborough,North Dakota
C04754,Catherine Alvarez,Regular,New Monicaburgh,Michigan
C04755,Harold Rose,Regular,East Brittanyport,Mississippi
C04756,Tiffany Leonard,Regular,Smithport,Virginia
C04757,Felicia Garcia,Budget,Sarahside,Tennessee
C04758,Courtney Myers,Regular,North Charles,Alabama
C04759,Kimberly Woodard,Regular,Lawrenceville,Wyoming
C04760,Stacey Cervantes,Regular,West Christinetown,Indiana
C04761,Paul Hicks,Regular,New Emilyton,California
C04762,Kimberly Mccormick,Regular,Lake Joseph,Montana
C04763,Cynthia Woods,Regular,Danielberg,Alabama
C04764,Katrina Welch,Regular,North Sherrymouth,Wyoming
C04765,Jared Mitchell,Regular,Port Jeffville,Nevada
C04766,Katrina Maldonado,Regular,Schmidtshire,New Jersey
C04767,William White,Budget,Lake Mary,Massachusetts
C04768,Joanna Rodriguez MD,Regular,Caitlinborough,Minnesota
C04769,Julie Trujillo,Regular,East Christopher,Wyoming
C04770,Anthony Washington,Regular,Lake Andreaberg,Ohio
C04771,John Martinez,Regular,Harristown,Utah
C04772,Robin Mcclure,Budget,Smithfurt,Wyoming
C04773,Mr. Samuel Chan PhD,Regular,Lake Christina,Idaho
C04774,James Peterson,Regular,Port Carriemouth,Arkansas
C04775,Amy Parker MD,Regular,Stonehaven,Utah
C04776,Mike Johnson,Regular,New Cheyennetown,Nevada
C04777,Sonya Clayton,Regular,Baileyland,Indiana
C04778,Isaac Simpson,Regular,Lake Sylvia,Oregon
C04779,David Chase,Regular,Jessicaberg,Kentucky
C04780,Roger Jones,Regular,West Garymouth,Arkansas
C04781,Kelsey Berg,Premium,North Christopher,Pennsylvania
C04782,Sheri Kim,Regular,New Yvonne,Georgia
C04783,Jose Mccall,Premium,Davistown,Vermont
C04784,Krystal Zimmerman,Regular,East Trevorfort,Oklahoma
C04785,Daniel Gonzalez,Regular,Lorimouth,Illinois
C04786,Robert Myers,Premium,Rachelstad,Kentucky
C04787,George Young,Regular,North Malik,South Carolina
C04788,Gloria Hoover,Regular,Sullivanfort,Tennessee
C04789,Jenna White,Budget,West Jenniferton,Nebraska
C04790,Bradley Palmer,Budget,East Jennifer,Wisconsin
C04791,Dr. William Fry,Regular,Port Matthewberg,California
C04792,Rachel Reed,Regular,North Zachary,Nevada
C04793,David Fox,Regular,South Henryview,Delaware
C04794,Darius Butler,Budget,Jessicashire,South Carolina
C04795,Bonnie Smith DDS,Regular,Port Sallyfort,Wisconsin
C04796,Christopher Lyons,Regular,Juarezmouth,Minnesota
C04797,James Mckee,Regular,New Hannah,Wisconsin
C04798,Emily Morrison,Budget,Lake Jasminemouth,Vermont
C04799,Malik Moran,Regular,Williamfurt,Indiana
C04800,Maria Mann,Regular,Robertview,New Mexico
C04801,Maria Hall,Regular,Port Brianberg,New York
C04802,James Hanson,Regular,Port Amy,Mississippi
C04803,Gary Jones,Regular,North Michael,Nebraska
C04804,Jacob Odom,Regular,West Robert,Illinois
C04805,Hannah Olson,Regular,New Nancy,Rhode Island
C04806,Sharon Campbell,Premium,Youngbury,Wyoming
C04807,Ricky Acosta,Regular,West April,Illinois
C04808,Paul Smith,Regular,Port Rose,Indiana
C04809,Daniel Tucker,Regular,Navarrofurt,New York
C04810,Cindy Mckee,Regular,Wellsmouth,Iowa
C04811,Rachel Gordon,Regular,Cameronshire,New Jersey
C04812,Johnny Hill,Budget,North Lucas,Texas
C04813,Brian Robbins,Regular,Port Anthony,Maine
C04814,Jose Ford,Regular,Jacksonland,Connecticut
C04815,Kimberly Rush,Regular,New Allenfurt,Oregon
C04816,Jacqueline James,Regular,Jacksonberg,Wyoming
C04817,James Hawkins,Budget,New Samantha,Virginia
C04818,Karen Moore,Regular,Robinsonton,Oklahoma
C04819,Christopher Crawford,Premium,South Ashley,South Carolina
C04820,Adam Rosales,Regular,Rosehaven,New Jersey
C04821,Stephanie Hill,Premium,Natashabury,Arizona
C04822,Carolyn Gomez,Premium,North Melaniehaven,Rhode Island
C04823,Laura Dean,Regular,Costamouth,Iowa
C04824,Robert Rios,Regular,Bakerview,New Hampshire
C04825,Timothy Valentine,Regular,South Travisview,New Mexico
C04826,Kimberly Watts,Regular,Emilychester,Vermont
C04827,Miss Stephanie Torres DDS,Regular,Lake Amyside,South Dakota
C04828,Melinda Romero,Regular,Port Sharon,Nevada
C04829,Janet Stokes,Regular,Lake Brittanyland,Massachusetts
C04830,Alejandro Shelton,Premium,Wallacemouth,Virginia
C04831,Courtney Coleman,Regular,South Mark,Nevada
C04832,Brenda Hogan,Regular,North Samuelfurt,Arkansas
C04833,Steven Miller,Regular,North James,Virginia
C04834,Virginia Benjamin,Regular,Brownton,Alaska
C04835,Charles Mack,Premium,Gloverland,South Dakota
C04836,Dylan Kelly,Regular,Gonzalezmouth,West Virginia
C04837,Susan Baker,Budget,South James,Kentucky
C04838,Christopher Wagner,Regular,North Steven,Hawaii
C04839,Michelle Ellis,Regular,Wesleyville,Maryland
C04840,Pamela Gibson,Regular,New Tonymouth,Hawaii
C04841,Julia Hunter,Regular,Mirandatown,Virginia
C04842,Beverly Weaver,Budget,Wilsonville,Colorado
C04843,Karen Rangel,Regular,Lake Ebonyberg,Oklahoma
C04844,Harold Wu,Budget,Lake Austin,Missouri
C04845,Danny Brown,Regular,West Lauren,Nevada
C04846,Stanley Moreno,Regular,Port James,South Carolina
C04847,Anna Hall,Budget,Conleyview,Washington
C04848,Tammy Burns,Budget,South Michelle,Mississippi
C04849,Susan Kennedy,Premium,Port Susan,Montana
C04850,Samantha Taylor,Regular,South David,Utah
C04851,Rebecca Norton,Regular,New Latasha,Utah
C04852,Matthew Wilkinson,Regular,East James,Kansas
C04853,Heidi Moore,Regular,East Michael,Iowa
C04854,Joseph Mendez,Regular,Justinbury,Florida
C04855,Tiffany Andrews,Regular,Richardmouth,Hawaii
C04856,Daniel Harrison,Regular,Onealport,Indiana
C04857,Victor Parker,Budget,New Amy,Vermont
C04858,Mr. Matthew Roberson DDS,Regular,Jimmytown,Montana
C04859,Bryan Hicks,Budget,North Alicia,Virginia
C04860,Benjamin Smith,Premium,New Melissa,Wisconsin
C04861,Kristin Cunningham,Regular,Hurstborough,Iowa
C04862,Jeffrey Acosta,Regular,Dawnfort,Mississippi
C04863,James Nelson,Budget,Jasonburgh,Wyoming
C04864,Jeffrey Miles,Regular,Lake Ashley,New Mexico
C04865,Kelsey White,Budget,North Adam,West Virginia
C04866,Anthony Castillo,Budget,Mitchellberg,West Virginia
C04867,Patricia Valdez,Premium,Port Luke,Massachusetts
C04868,Tiffany Bowman,Regular,South Taylorhaven,Indiana
C04869,Ashley Vazquez,Regular,Spencerfort,Arizona
C04870,Natalie Mcmillan,Premium,East Michaelburgh,Pennsylvania
C04871,Ronnie Stephens,Regular,Jessicaberg,Michigan
C04872,Melissa Gallagher,Regular,Fletchertown,Montana
C04873,William Gutierrez,Regular,Gregorybury,Maryland
C04874,Katrina Green,Regular,Masonport,Kansas
C04875,Christopher Lane,Premium,Birdville,South Dakota
C04876,Ronald Castillo,Regular,Veronicachester,Alaska
C04877,Matthew Mitchell,Regular,Pruittstad,Indiana
C04878,Dawn Walker,Regular,Raymondside,Kentucky
C04879,Brittany Walls,Budget,Greenshire,New Hampshire
C04880,Carolyn Hoffman,Regular,East Christopher,Nebraska
C04881,Cynthia Carter,Regular,Nataliebury,Hawaii
C04882,Kristen Spencer,Premium,East Angelashire,Delaware
C04883,Kimberly Myers,Regular,Douglasburgh,Maryland
C04884,Karen Adams,Regular,Elizabethland,California
C04885,Raven Brown,Regular,North Benjaminbury,Alabama
C04886,Laura Cooper,Regular,Sarahfort,California
C04887,Tammy Anderson,Regular,Carrborough,North Carolina
C04888,Terri Hawkins,Premium,South Austin,Vermont
C04889,Thomas Black,Regular,Port Scottside,Indiana
C04890,Holly Baker,Premium,North Melissa,Kentucky
C04891,Erika Jones,Budget,Stewartton,California
C04892,Lawrence Pierce,Regular,Mirandastad,Pennsylvania
C04893,Ryan Hahn,Budget,North Joseshire,Ohio
C04894,Paul Evans,Regular,Espinozatown,South Carolina
C04895,Amy Casey,Budget,Port Deanna,Nebraska
C04896,Kathy Ayala,Regular,West Andreaview,Indiana
C04897,Christina Murray,Budget,Tracyton,North Dakota
C04898,Paula Randolph,Regular,Ortizhaven,Ohio
C04899,Lisa Marshall,Regular,East Mariahborough,Wyoming
C04900,Christopher Hunter,Regular,Mollyhaven,Georgia
C04901,Janet Vega,Regular,South Isaiah,Nevada
C04902,James Duke,Regular,Garciachester,Massachusetts
C04903,Gina Dominguez DDS,Regular,Susanside,Massachusetts
C04904,Jamie Henderson,Regular,West Thomaschester,Florida
C04905,Joel Torres,Regular,Monicaborough,Washington
C04906,Bradley Mccann,Budget,Gibsonburgh,Louisiana
C04907,Michael Hall,Premium,Port Laceyport,Hawaii
C04908,Charles Foster,Regular,East Phillipport,Oklahoma
C04909,David Williams,Regular,South Donald,Vermont
C04910,Ian Fox,Premium,Port Danielbury,Vermont
C04911,Yvonne Roy,Budget,East Whitney,Nebraska
C04912,Kathryn Jackson,Budget,Lake Amberville,Michigan
C04913,Erin Smith,Regular,Haneybury,Arkansas
C04914,Brian Lopez,Budget,South Kristinborough,Kansas
C04915,Ryan Jones,Regular,Lawsonport,Vermont
C04916,Danielle Lopez,Budget,Lake Marymouth,Rhode Island
C04917,Kaitlyn Garner,Regular,Shawnfort,New York
C04918,Jessica Nguyen,Budget,Susanstad,Vermont
C04919,Janet Medina,Regular,Osbornechester,Delaware
C04920,Pamela Garcia,Regular,North Barbara,Iowa
C04921,Ashley Davis,Regular,East Luke,Louisiana
C04922,Alex Vasquez,Regular,Lake Nancy,Nebraska
C04923,John Kim,Regular,East Ashley,South Dakota
C04924,Robert Mccormick,Regular,Monicaland,Louisiana
C04925,David Santiago,Regular,Brownside,Alaska
C04926,Adam Clark,Regular,Sanchezton,Iowa
C04927,Christine Barnes,Regular,Grossberg,Arizona
C04928,Jessica Carr,Regular,South Tara,Wisconsin
C04929,Mary Coleman,Regular,Harperburgh,Iowa
C04930,Ashley Miles,Regular,Kyleport,New Mexico
C04931,Ebony Hammond,Regular,North Daniel,Washington
C04932,Stephen Chavez,Regular,Hendricksstad,Rhode Island
C04933,Michael Patterson,Regular,Port Martinburgh,Michigan
C04934,Brenda Leon,Regular,Nunezfurt,Montana
C04935,Jessica Henry,Budget,Rebekahville,Nevada
C04936,Kevin Erickson IV,Budget,West Kimberlystad,Hawaii
C04937,Ashley Miller,Regular,South Erin,Nevada
C04938,Derek Stephens,Regular,North Marychester,New Jersey
C04939,Beth Walker,Budget,Arthurview,South Dakota
C04940,Melissa Alvarez,Premium,East Brandonport,Utah
C04941,Luis Gallagher,Regular,New Veronica,Connecticut
C04942,Cristian Long,Regular,Brandonview,New Jersey
C04943,Angela Hayes,Premium,South Sarah,Alaska
C04944,Kerri Mcconnell,Regular,Patriciaside,Colorado
C04945,Mr. Nicholas Jenkins,Regular,North Katherineborough,Idaho
C04946,Anthony Bonilla,Regular,Jennifermouth,Pennsylvania
C04947,Dawn Pineda,Regular,Perezberg,Hawaii
C04948,Tara Evans,Regular,South Michele,Connecticut
C04949,Hannah Tate,Regular,East John,Utah
C04950,Stephanie Marsh,Regular,New Laurieshire,Nebraska
C04951,Meredith Perez,Regular,West Sarah,Utah
C04952,Elizabeth Harding,Premium,Port Julie,California
C04953,Lindsey Boyd,Regular,Lawrencechester,Virginia
C04954,Matthew Reeves,Regular,North Michael,New York
C04955,Edward Barr,Regular,Susanview,Arizona
C04956,Judy Bailey,Budget,Lake Teresaburgh,Iowa
C04957,Michael Snow,Regular,Chanstad,Florida
C04958,Jesus Vincent,Regular,Harringtonshire,North Dakota
C04959,Debra Holloway,Premium,East Jamesstad,Iowa
C04960,Patty Garcia,Regular,Port Michaelport,New Jersey
C04961,Robert Bowman,Budget,South Erikafort,Nevada
C04962,Kathleen James,Regular,Lake Matthewbury,Colorado
C04963,Joan Glover MD,Regular,New Jessicahaven,California
C04964,Katherine Simpson,Regular,Brookeville,Arizona
C04965,Marilyn Rollins,Budget,West Michelle,Missouri
C04966,Charles Leonard,Regular,Port Johnville,Nevada
C04967,Karla Gomez,Regular,New Jessicaland,Missouri
C04968,Elizabeth Murphy,Regular,Lake Debbiechester,Colorado
C04969,Jennifer Stewart,Regular,North Darren,Florida
C04970,Thomas Gibson,Regular,Henrymouth,Florida
C04971,Dustin Flores,Regular,Sethfurt,Arizona
C04972,Joanne Green,Regular,Kathrynfurt,Connecticut
C04973,Kyle Travis,Regular,West Brandontown,Virginia
C04974,Candace Alvarez,Regular,West Melissafort,Alabama
C04975,Michael Leonard,Regular,Port Anaport,Colorado
C04976,Vanessa Flores,Regular,Port Cynthiamouth,Utah
C04977,Nathan Jacobs,Regular,West Rebecca,Colorado
C04978,Michael Beck,Regular,East Jenny,Minnesota
C04979,Frank Walker,Regular,Crosschester,Nebraska
C04980,Crystal Mills,Regular,Nicholsborough,Tennessee
C04981,Rebecca Rosario,Regular,South Michael,Nevada
C04982,Patricia Tapia,Budget,Edwardmouth,Rhode Island
C04983,Monica Wolf,Regular,Ronaldland,Kentucky
C04984,Cody Schaefer,Regular,East Diane,North Dakota
C04985,Anthony Valentine,Regular,Allenmouth,Kentucky
C04986,Ronald Burns,Regular,South Teresabury,New York
C04987,Brianna Carter,Regular,North Deannahaven,North Carolina
C04988,Dana Barry,Regular,Bonnieborough,South Dakota
C04989,Chelsea Cherry,Regular,East Eileen,New York
C04990,Todd Lambert,Regular,South Blakestad,New Mexico
C04991,Julie Stevens,Premium,Roweville,Wisconsin
C04992,Jared Brown,Regular,South Heatherburgh,Wyoming
C04993,Chad Diaz,Regular,Blevinsville,Missouri
C04994,Sara Flores,Regular,New Jimmyberg,Massachusetts
C04995,Paige Duarte,Regular,Matthewside,North Dakota
C04996,Mrs. Sierra Perez MD,Budget,Lake Jordanview,Texas
C04997,Caitlyn Carroll,Regular,Duncanhaven,Hawaii
C04998,Dr. Ian Luna Jr.,Regular,Stevenburgh,Nevada
C04999,John Pena,Regular,South Josebury,Connecticut
C05000,Michael Richards,Regular,Williamsmouth,Louisiana
