store_id,product_id,inventory_qty
S001,P0001,291
S001,P0002,140
S001,P0003,207
S001,P0004,358
S001,P0005,472
S001,P0006,121
S001,P0007,445
S001,P0008,377
S001,P0009,360
S001,P0010,309
S001,P0011,56
S001,P0012,344
S001,P0013,148
S001,P0014,172
S001,P0015,118
S001,P0016,214
S001,P0017,354
S001,P0018,244
S001,P0019,435
S001,P0020,335
S001,P0021,431
S001,P0022,149
S001,P0023,112
S001,P0024,355
S001,P0025,63
S001,P0026,390
S001,P0027,194
S001,P0028,272
S001,P0029,416
S001,P0030,145
S001,P0031,289
S001,P0032,326
S001,P0033,180
S001,P0034,455
S001,P0035,189
S001,P0036,76
S001,P0037,495
S001,P0038,335
S001,P0039,225
S001,P0040,100
S001,P0041,191
S001,P0042,405
S001,P0043,145
S001,P0044,79
S001,P0045,269
S001,P0046,207
S001,P0047,358
S001,P0048,365
S001,P0049,63
S001,P0050,83
S001,P0051,297
S001,P0052,399
S001,P0053,470
S001,P0054,55
S001,P0055,465
S001,P0056,308
S001,P0057,422
S001,P0058,300
S001,P0059,120
S001,P0060,109
S001,P0061,107
S001,P0062,114
S001,P0063,337
S001,P0064,336
S001,P0065,356
S001,P0066,279
S001,P0067,160
S001,P0068,174
S001,P0069,298
S001,P0070,129
S001,P0071,481
S001,P0072,222
S001,P0073,117
S001,P0074,93
S001,P0075,257
S001,P0076,196
S001,P0077,102
S001,P0078,219
S001,P0079,375
S001,P0080,148
S001,P0081,118
S001,P0082,260
S001,P0083,403
S001,P0084,373
S001,P0085,100
S001,P0086,110
S001,P0087,314
S001,P0088,401
S001,P0089,226
S001,P0090,87
S001,P0091,87
S001,P0092,117
S001,P0093,225
S001,P0094,434
S001,P0095,272
S001,P0096,109
S001,P0097,487
S001,P0098,210
S001,P0099,465
S001,P0100,331
S001,P0101,152
S001,P0102,220
S001,P0103,405
S001,P0104,182
S001,P0105,192
S001,P0106,226
S001,P0107,406
S001,P0108,359
S001,P0109,268
S001,P0110,384
S001,P0111,434
S001,P0112,147
S001,P0113,336
S001,P0114,63
S001,P0115,153
S001,P0116,107
S001,P0117,160
S001,P0118,495
S001,P0119,390
S001,P0120,269
S001,P0121,364
S001,P0122,318
S001,P0123,395
S001,P0124,65
S001,P0125,250
S001,P0126,297
S001,P0127,191
S001,P0128,241
S001,P0129,460
S001,P0130,350
S001,P0131,256
S001,P0132,79
S001,P0133,80
S001,P0134,384
S001,P0135,81
S001,P0136,251
S001,P0137,298
S001,P0138,474
S001,P0139,418
S001,P0140,273
S001,P0141,317
S001,P0142,478
S001,P0143,211
S001,P0144,260
S001,P0145,256
S001,P0146,84
S001,P0147,95
S001,P0148,174
S001,P0149,385
S001,P0150,350
S001,P0151,383
S001,P0152,155
S001,P0153,407
S001,P0154,66
S001,P0155,101
S001,P0156,138
S001,P0157,451
S001,P0158,342
S001,P0159,490
S001,P0160,130
S001,P0161,234
S001,P0162,102
S001,P0163,84
S001,P0164,421
S001,P0165,371
S001,P0166,346
S001,P0167,395
S001,P0168,102
S001,P0169,70
S001,P0170,209
S001,P0171,477
S001,P0172,57
S001,P0173,198
S001,P0174,495
S001,P0175,447
S001,P0176,478
S001,P0177,448
S001,P0178,152
S001,P0179,62
S001,P0180,344
S001,P0181,93
S001,P0182,343
S001,P0183,114
S001,P0184,236
S001,P0185,293
S001,P0186,286
S001,P0187,458
S001,P0188,363
S001,P0189,201
S001,P0190,206
S001,P0191,326
S001,P0192,75
S001,P0193,163
S001,P0194,351
S001,P0195,468
S001,P0196,335
S001,P0197,307
S001,P0198,431
S001,P0199,338
S001,P0200,230
S001,P0201,59
S001,P0202,133
S001,P0203,175
S001,P0204,364
S001,P0205,407
S001,P0206,370
S001,P0207,341
S001,P0208,132
S001,P0209,491
S001,P0210,184
S001,P0211,201
S001,P0212,79
S001,P0213,337
S001,P0214,291
S001,P0215,120
S001,P0216,71
S001,P0217,211
S001,P0218,265
S001,P0219,64
S001,P0220,427
S001,P0221,348
S001,P0222,216
S001,P0223,204
S001,P0224,92
S001,P0225,405
S001,P0226,477
S001,P0227,465
S001,P0228,394
S001,P0229,241
S001,P0230,469
S001,P0231,395
S001,P0232,408
S001,P0233,465
S001,P0234,110
S001,P0235,277
S001,P0236,485
S001,P0237,383
S001,P0238,353
S001,P0239,203
S001,P0240,210
S001,P0241,360
S001,P0242,348
S001,P0243,262
S001,P0244,212
S001,P0245,341
S001,P0246,159
S001,P0247,425
S001,P0248,154
S001,P0249,81
S001,P0250,264
S001,P0251,228
S001,P0252,117
S001,P0253,222
S001,P0254,254
S001,P0255,457
S001,P0256,191
S001,P0257,357
S001,P0258,142
S001,P0259,332
S001,P0260,478
S001,P0261,470
S001,P0262,112
S001,P0263,129
S001,P0264,292
S001,P0265,258
S001,P0266,236
S001,P0267,467
S001,P0268,133
S001,P0269,205
S001,P0270,337
S001,P0271,152
S001,P0272,329
S001,P0273,444
S001,P0274,197
S001,P0275,392
S001,P0276,262
S001,P0277,385
S001,P0278,183
S001,P0279,292
S001,P0280,438
S001,P0281,269
S001,P0282,441
S001,P0283,130
S001,P0284,76
S001,P0285,181
S001,P0286,305
S001,P0287,276
S001,P0288,108
S001,P0289,102
S001,P0290,413
S001,P0291,204
S001,P0292,108
S001,P0293,128
S001,P0294,219
S001,P0295,320
S001,P0296,499
S001,P0297,154
S001,P0298,60
S001,P0299,202
S001,P0300,100
S001,P0301,390
S001,P0302,486
S001,P0303,114
S001,P0304,493
S001,P0305,391
S001,P0306,454
S001,P0307,417
S001,P0308,232
S001,P0309,168
S001,P0310,135
S001,P0311,251
S001,P0312,72
S001,P0313,172
S001,P0314,362
S001,P0315,197
S001,P0316,235
S001,P0317,398
S001,P0318,399
S001,P0319,236
S001,P0320,152
S001,P0321,378
S001,P0322,254
S001,P0323,430
S001,P0324,58
S001,P0325,470
S001,P0326,364
S001,P0327,73
S001,P0328,258
S001,P0329,157
S001,P0330,296
S001,P0331,345
S001,P0332,103
S001,P0333,476
S001,P0334,383
S001,P0335,123
S001,P0336,112
S001,P0337,147
S001,P0338,405
S001,P0339,130
S001,P0340,468
S001,P0341,143
S001,P0342,179
S001,P0343,143
S001,P0344,55
S001,P0345,387
S001,P0346,374
S001,P0347,471
S001,P0348,102
S001,P0349,321
S001,P0350,108
S001,P0351,147
S001,P0352,414
S001,P0353,182
S001,P0354,438
S001,P0355,269
S001,P0356,353
S001,P0357,306
S001,P0358,318
S001,P0359,499
S001,P0360,324
S001,P0361,334
S001,P0362,459
S001,P0363,65
S001,P0364,192
S001,P0365,368
S001,P0366,160
S001,P0367,482
S001,P0368,231
S001,P0369,53
S001,P0370,52
S001,P0371,361
S001,P0372,352
S001,P0373,203
S001,P0374,282
S001,P0375,75
S001,P0376,460
S001,P0377,497
S001,P0378,413
S001,P0379,94
S001,P0380,303
S001,P0381,116
S001,P0382,500
S001,P0383,86
S001,P0384,219
S001,P0385,118
S001,P0386,314
S001,P0387,491
S001,P0388,172
S001,P0389,323
S001,P0390,271
S001,P0391,209
S001,P0392,240
S001,P0393,447
S001,P0394,261
S001,P0395,280
S001,P0396,153
S001,P0397,173
S001,P0398,110
S001,P0399,232
S001,P0400,440
S001,P0401,60
S001,P0402,455
S001,P0403,143
S001,P0404,162
S001,P0405,153
S001,P0406,103
S001,P0407,90
S001,P0408,394
S001,P0409,115
S001,P0410,305
S001,P0411,486
S001,P0412,186
S001,P0413,54
S001,P0414,434
S001,P0415,498
S001,P0416,381
S001,P0417,454
S001,P0418,96
S001,P0419,238
S001,P0420,460
S001,P0421,415
S001,P0422,406
S001,P0423,239
S001,P0424,295
S001,P0425,111
S001,P0426,156
S001,P0427,368
S001,P0428,208
S001,P0429,116
S001,P0430,341
S001,P0431,484
S001,P0432,233
S001,P0433,220
S001,P0434,346
S001,P0435,146
S001,P0436,266
S001,P0437,166
S001,P0438,296
S001,P0439,136
S001,P0440,135
S001,P0441,153
S001,P0442,253
S001,P0443,391
S001,P0444,144
S001,P0445,441
S001,P0446,264
S001,P0447,182
S001,P0448,185
S001,P0449,479
S001,P0450,431
S001,P0451,188
S001,P0452,301
S001,P0453,57
S001,P0454,319
S001,P0455,135
S001,P0456,454
S001,P0457,238
S001,P0458,266
S001,P0459,264
S001,P0460,172
S001,P0461,198
S001,P0462,245
S001,P0463,322
S001,P0464,320
S001,P0465,429
S001,P0466,256
S001,P0467,110
S001,P0468,89
S001,P0469,207
S001,P0470,132
S001,P0471,484
S001,P0472,419
S001,P0473,464
S001,P0474,235
S001,P0475,365
S001,P0476,331
S001,P0477,246
S001,P0478,278
S001,P0479,408
S001,P0480,55
S001,P0481,260
S001,P0482,232
S001,P0483,498
S001,P0484,282
S001,P0485,471
S001,P0486,251
S001,P0487,189
S001,P0488,472
S001,P0489,468
S001,P0490,235
S001,P0491,470
S001,P0492,242
S001,P0493,418
S001,P0494,124
S001,P0495,159
S001,P0496,208
S001,P0497,441
S001,P0498,357
S001,P0499,83
S001,P0500,440
S002,P0001,271
S002,P0002,424
S002,P0003,354
S002,P0004,296
S002,P0005,237
S002,P0006,87
S002,P0007,71
S002,P0008,352
S002,P0009,52
S002,P0010,319
S002,P0011,328
S002,P0012,67
S002,P0013,408
S002,P0014,385
S002,P0015,222
S002,P0016,481
S002,P0017,328
S002,P0018,140
S002,P0019,299
S002,P0020,443
S002,P0021,209
S002,P0022,74
S002,P0023,418
S002,P0024,70
S002,P0025,184
S002,P0026,332
S002,P0027,401
S002,P0028,168
S002,P0029,309
S002,P0030,444
S002,P0031,196
S002,P0032,405
S002,P0033,134
S002,P0034,203
S002,P0035,390
S002,P0036,195
S002,P0037,404
S002,P0038,246
S002,P0039,488
S002,P0040,123
S002,P0041,489
S002,P0042,250
S002,P0043,436
S002,P0044,178
S002,P0045,291
S002,P0046,392
S002,P0047,354
S002,P0048,71
S002,P0049,389
S002,P0050,213
S002,P0051,391
S002,P0052,353
S002,P0053,389
S002,P0054,138
S002,P0055,130
S002,P0056,151
S002,P0057,294
S002,P0058,254
S002,P0059,237
S002,P0060,256
S002,P0061,390
S002,P0062,104
S002,P0063,176
S002,P0064,277
S002,P0065,448
S002,P0066,104
S002,P0067,166
S002,P0068,148
S002,P0069,270
S002,P0070,316
S002,P0071,388
S002,P0072,189
S002,P0073,344
S002,P0074,147
S002,P0075,393
S002,P0076,149
S002,P0077,285
S002,P0078,364
S002,P0079,68
S002,P0080,409
S002,P0081,324
S002,P0082,249
S002,P0083,406
S002,P0084,113
S002,P0085,371
S002,P0086,412
S002,P0087,338
S002,P0088,351
S002,P0089,103
S002,P0090,50
S002,P0091,262
S002,P0092,188
S002,P0093,75
S002,P0094,150
S002,P0095,180
S002,P0096,177
S002,P0097,144
S002,P0098,329
S002,P0099,117
S002,P0100,141
S002,P0101,85
S002,P0102,110
S002,P0103,304
S002,P0104,405
S002,P0105,303
S002,P0106,87
S002,P0107,496
S002,P0108,226
S002,P0109,403
S002,P0110,163
S002,P0111,429
S002,P0112,109
S002,P0113,363
S002,P0114,475
S002,P0115,177
S002,P0116,218
S002,P0117,422
S002,P0118,213
S002,P0119,51
S002,P0120,218
S002,P0121,248
S002,P0122,246
S002,P0123,189
S002,P0124,209
S002,P0125,69
S002,P0126,307
S002,P0127,351
S002,P0128,171
S002,P0129,123
S002,P0130,58
S002,P0131,452
S002,P0132,210
S002,P0133,381
S002,P0134,355
S002,P0135,231
S002,P0136,443
S002,P0137,289
S002,P0138,378
S002,P0139,366
S002,P0140,226
S002,P0141,391
S002,P0142,365
S002,P0143,413
S002,P0144,456
S002,P0145,59
S002,P0146,419
S002,P0147,436
S002,P0148,143
S002,P0149,125
S002,P0150,349
S002,P0151,395
S002,P0152,79
S002,P0153,145
S002,P0154,52
S002,P0155,283
S002,P0156,227
S002,P0157,155
S002,P0158,350
S002,P0159,402
S002,P0160,148
S002,P0161,487
S002,P0162,220
S002,P0163,147
S002,P0164,358
S002,P0165,356
S002,P0166,341
S002,P0167,373
S002,P0168,317
S002,P0169,69
S002,P0170,181
S002,P0171,422
S002,P0172,132
S002,P0173,208
S002,P0174,387
S002,P0175,237
S002,P0176,459
S002,P0177,230
S002,P0178,297
S002,P0179,182
S002,P0180,162
S002,P0181,456
S002,P0182,136
S002,P0183,362
S002,P0184,392
S002,P0185,371
S002,P0186,473
S002,P0187,235
S002,P0188,81
S002,P0189,362
S002,P0190,474
S002,P0191,215
S002,P0192,235
S002,P0193,157
S002,P0194,281
S002,P0195,102
S002,P0196,199
S002,P0197,211
S002,P0198,393
S002,P0199,231
S002,P0200,228
S002,P0201,288
S002,P0202,234
S002,P0203,258
S002,P0204,190
S002,P0205,340
S002,P0206,157
S002,P0207,484
S002,P0208,485
S002,P0209,172
S002,P0210,73
S002,P0211,133
S002,P0212,321
S002,P0213,355
S002,P0214,225
S002,P0215,133
S002,P0216,305
S002,P0217,355
S002,P0218,291
S002,P0219,299
S002,P0220,73
S002,P0221,70
S002,P0222,478
S002,P0223,222
S002,P0224,94
S002,P0225,317
S002,P0226,401
S002,P0227,176
S002,P0228,337
S002,P0229,150
S002,P0230,135
S002,P0231,97
S002,P0232,302
S002,P0233,405
S002,P0234,417
S002,P0235,266
S002,P0236,240
S002,P0237,114
S002,P0238,200
S002,P0239,404
S002,P0240,199
S002,P0241,248
S002,P0242,95
S002,P0243,351
S002,P0244,140
S002,P0245,390
S002,P0246,277
S002,P0247,161
S002,P0248,135
S002,P0249,362
S002,P0250,310
S002,P0251,331
S002,P0252,314
S002,P0253,113
S002,P0254,149
S002,P0255,147
S002,P0256,425
S002,P0257,148
S002,P0258,64
S002,P0259,358
S002,P0260,78
S002,P0261,404
S002,P0262,96
S002,P0263,359
S002,P0264,465
S002,P0265,324
S002,P0266,420
S002,P0267,230
S002,P0268,306
S002,P0269,400
S002,P0270,246
S002,P0271,164
S002,P0272,373
S002,P0273,95
S002,P0274,271
S002,P0275,263
S002,P0276,267
S002,P0277,445
S002,P0278,57
S002,P0279,438
S002,P0280,311
S002,P0281,86
S002,P0282,305
S002,P0283,188
S002,P0284,375
S002,P0285,486
S002,P0286,477
S002,P0287,324
S002,P0288,313
S002,P0289,70
S002,P0290,82
S002,P0291,200
S002,P0292,366
S002,P0293,499
S002,P0294,468
S002,P0295,158
S002,P0296,444
S002,P0297,156
S002,P0298,369
S002,P0299,261
S002,P0300,201
S002,P0301,452
S002,P0302,193
S002,P0303,52
S002,P0304,230
S002,P0305,172
S002,P0306,444
S002,P0307,373
S002,P0308,374
S002,P0309,357
S002,P0310,174
S002,P0311,206
S002,P0312,184
S002,P0313,258
S002,P0314,147
S002,P0315,305
S002,P0316,409
S002,P0317,153
S002,P0318,263
S002,P0319,352
S002,P0320,224
S002,P0321,99
S002,P0322,174
S002,P0323,453
S002,P0324,312
S002,P0325,385
S002,P0326,144
S002,P0327,394
S002,P0328,465
S002,P0329,358
S002,P0330,132
S002,P0331,217
S002,P0332,173
S002,P0333,357
S002,P0334,426
S002,P0335,120
S002,P0336,433
S002,P0337,74
S002,P0338,229
S002,P0339,455
S002,P0340,306
S002,P0341,311
S002,P0342,210
S002,P0343,460
S002,P0344,288
S002,P0345,336
S002,P0346,52
S002,P0347,162
S002,P0348,109
S002,P0349,133
S002,P0350,93
S002,P0351,435
S002,P0352,196
S002,P0353,181
S002,P0354,146
S002,P0355,194
S002,P0356,182
S002,P0357,238
S002,P0358,448
S002,P0359,77
S002,P0360,54
S002,P0361,366
S002,P0362,143
S002,P0363,218
S002,P0364,416
S002,P0365,377
S002,P0366,97
S002,P0367,209
S002,P0368,369
S002,P0369,417
S002,P0370,194
S002,P0371,86
S002,P0372,60
S002,P0373,392
S002,P0374,373
S002,P0375,427
S002,P0376,201
S002,P0377,390
S002,P0378,336
S002,P0379,290
S002,P0380,290
S002,P0381,249
S002,P0382,296
S002,P0383,155
S002,P0384,168
S002,P0385,310
S002,P0386,352
S002,P0387,439
S002,P0388,171
S002,P0389,201
S002,P0390,327
S002,P0391,269
S002,P0392,267
S002,P0393,73
S002,P0394,365
S002,P0395,296
S002,P0396,326
S002,P0397,471
S002,P0398,266
S002,P0399,154
S002,P0400,126
S002,P0401,438
S002,P0402,243
S002,P0403,419
S002,P0404,158
S002,P0405,152
S002,P0406,469
S002,P0407,460
S002,P0408,264
S002,P0409,342
S002,P0410,160
S002,P0411,312
S002,P0412,89
S002,P0413,469
S002,P0414,499
S002,P0415,318
S002,P0416,183
S002,P0417,177
S002,P0418,378
S002,P0419,351
S002,P0420,494
S002,P0421,447
S002,P0422,165
S002,P0423,433
S002,P0424,488
S002,P0425,109
S002,P0426,259
S002,P0427,253
S002,P0428,266
S002,P0429,268
S002,P0430,136
S002,P0431,302
S002,P0432,337
S002,P0433,414
S002,P0434,222
S002,P0435,89
S002,P0436,390
S002,P0437,54
S002,P0438,260
S002,P0439,486
S002,P0440,340
S002,P0441,258
S002,P0442,490
S002,P0443,162
S002,P0444,264
S002,P0445,393
S002,P0446,169
S002,P0447,377
S002,P0448,417
S002,P0449,388
S002,P0450,127
S002,P0451,257
S002,P0452,302
S002,P0453,102
S002,P0454,364
S002,P0455,158
S002,P0456,447
S002,P0457,153
S002,P0458,163
S002,P0459,463
S002,P0460,493
S002,P0461,97
S002,P0462,441
S002,P0463,60
S002,P0464,402
S002,P0465,237
S002,P0466,311
S002,P0467,485
S002,P0468,225
S002,P0469,436
S002,P0470,239
S002,P0471,231
S002,P0472,298
S002,P0473,103
S002,P0474,314
S002,P0475,50
S002,P0476,434
S002,P0477,181
S002,P0478,421
S002,P0479,307
S002,P0480,82
S002,P0481,390
S002,P0482,134
S002,P0483,458
S002,P0484,313
S002,P0485,122
S002,P0486,364
S002,P0487,305
S002,P0488,460
S002,P0489,126
S002,P0490,219
S002,P0491,294
S002,P0492,465
S002,P0493,306
S002,P0494,99
S002,P0495,435
S002,P0496,452
S002,P0497,180
S002,P0498,486
S002,P0499,106
S002,P0500,237
S003,P0001,236
S003,P0002,178
S003,P0003,342
S003,P0004,254
S003,P0005,491
S003,P0006,105
S003,P0007,247
S003,P0008,393
S003,P0009,442
S003,P0010,51
S003,P0011,474
S003,P0012,392
S003,P0013,232
S003,P0014,398
S003,P0015,177
S003,P0016,51
S003,P0017,79
S003,P0018,485
S003,P0019,90
S003,P0020,209
S003,P0021,282
S003,P0022,247
S003,P0023,479
S003,P0024,138
S003,P0025,80
S003,P0026,258
S003,P0027,66
S003,P0028,272
S003,P0029,414
S003,P0030,221
S003,P0031,145
S003,P0032,263
S003,P0033,413
S003,P0034,71
S003,P0035,362
S003,P0036,354
S003,P0037,159
S003,P0038,350
S003,P0039,461
S003,P0040,289
S003,P0041,199
S003,P0042,151
S003,P0043,134
S003,P0044,84
S003,P0045,414
S003,P0046,326
S003,P0047,260
S003,P0048,438
S003,P0049,57
S003,P0050,88
S003,P0051,419
S003,P0052,447
S003,P0053,383
S003,P0054,403
S003,P0055,134
S003,P0056,294
S003,P0057,302
S003,P0058,338
S003,P0059,472
S003,P0060,280
S003,P0061,220
S003,P0062,315
S003,P0063,135
S003,P0064,130
S003,P0065,481
S003,P0066,56
S003,P0067,172
S003,P0068,437
S003,P0069,386
S003,P0070,294
S003,P0071,124
S003,P0072,243
S003,P0073,263
S003,P0074,138
S003,P0075,113
S003,P0076,300
S003,P0077,377
S003,P0078,330
S003,P0079,308
S003,P0080,220
S003,P0081,133
S003,P0082,434
S003,P0083,491
S003,P0084,203
S003,P0085,312
S003,P0086,491
S003,P0087,300
S003,P0088,458
S003,P0089,59
S003,P0090,56
S003,P0091,477
S003,P0092,124
S003,P0093,159
S003,P0094,179
S003,P0095,285
S003,P0096,436
S003,P0097,152
S003,P0098,146
S003,P0099,224
S003,P0100,236
S003,P0101,97
S003,P0102,481
S003,P0103,349
S003,P0104,431
S003,P0105,347
S003,P0106,480
S003,P0107,490
S003,P0108,203
S003,P0109,130
S003,P0110,424
S003,P0111,159
S003,P0112,334
S003,P0113,79
S003,P0114,310
S003,P0115,115
S003,P0116,327
S003,P0117,211
S003,P0118,189
S003,P0119,403
S003,P0120,212
S003,P0121,472
S003,P0122,166
S003,P0123,152
S003,P0124,91
S003,P0125,77
S003,P0126,466
S003,P0127,495
S003,P0128,85
S003,P0129,180
S003,P0130,320
S003,P0131,378
S003,P0132,328
S003,P0133,471
S003,P0134,120
S003,P0135,307
S003,P0136,269
S003,P0137,193
S003,P0138,165
S003,P0139,108
S003,P0140,130
S003,P0141,289
S003,P0142,285
S003,P0143,292
S003,P0144,58
S003,P0145,424
S003,P0146,360
S003,P0147,227
S003,P0148,447
S003,P0149,399
S003,P0150,492
S003,P0151,172
S003,P0152,469
S003,P0153,89
S003,P0154,109
S003,P0155,185
S003,P0156,457
S003,P0157,428
S003,P0158,262
S003,P0159,344
S003,P0160,474
S003,P0161,470
S003,P0162,331
S003,P0163,232
S003,P0164,194
S003,P0165,208
S003,P0166,462
S003,P0167,410
S003,P0168,480
S003,P0169,62
S003,P0170,425
S003,P0171,262
S003,P0172,396
S003,P0173,199
S003,P0174,179
S003,P0175,371
S003,P0176,103
S003,P0177,124
S003,P0178,356
S003,P0179,79
S003,P0180,82
S003,P0181,365
S003,P0182,136
S003,P0183,380
S003,P0184,282
S003,P0185,256
S003,P0186,212
S003,P0187,62
S003,P0188,122
S003,P0189,268
S003,P0190,350
S003,P0191,300
S003,P0192,372
S003,P0193,98
S003,P0194,487
S003,P0195,182
S003,P0196,357
S003,P0197,63
S003,P0198,445
S003,P0199,270
S003,P0200,294
S003,P0201,130
S003,P0202,378
S003,P0203,233
S003,P0204,489
S003,P0205,325
S003,P0206,129
S003,P0207,492
S003,P0208,401
S003,P0209,284
S003,P0210,412
S003,P0211,413
S003,P0212,435
S003,P0213,386
S003,P0214,296
S003,P0215,80
S003,P0216,88
S003,P0217,399
S003,P0218,301
S003,P0219,486
S003,P0220,61
S003,P0221,86
S003,P0222,116
S003,P0223,380
S003,P0224,389
S003,P0225,318
S003,P0226,500
S003,P0227,62
S003,P0228,489
S003,P0229,258
S003,P0230,234
S003,P0231,499
S003,P0232,467
S003,P0233,481
S003,P0234,266
S003,P0235,450
S003,P0236,395
S003,P0237,283
S003,P0238,141
S003,P0239,379
S003,P0240,64
S003,P0241,178
S003,P0242,291
S003,P0243,238
S003,P0244,228
S003,P0245,117
S003,P0246,365
S003,P0247,369
S003,P0248,459
S003,P0249,86
S003,P0250,116
S003,P0251,408
S003,P0252,55
S003,P0253,362
S003,P0254,375
S003,P0255,382
S003,P0256,379
S003,P0257,182
S003,P0258,373
S003,P0259,483
S003,P0260,71
S003,P0261,206
S003,P0262,175
S003,P0263,499
S003,P0264,189
S003,P0265,428
S003,P0266,270
S003,P0267,206
S003,P0268,203
S003,P0269,393
S003,P0270,228
S003,P0271,380
S003,P0272,110
S003,P0273,336
S003,P0274,50
S003,P0275,147
S003,P0276,120
S003,P0277,86
S003,P0278,190
S003,P0279,421
S003,P0280,279
S003,P0281,232
S003,P0282,319
S003,P0283,167
S003,P0284,306
S003,P0285,83
S003,P0286,267
S003,P0287,293
S003,P0288,191
S003,P0289,78
S003,P0290,444
S003,P0291,314
S003,P0292,469
S003,P0293,293
S003,P0294,367
S003,P0295,340
S003,P0296,190
S003,P0297,157
S003,P0298,414
S003,P0299,150
S003,P0300,247
S003,P0301,282
S003,P0302,291
S003,P0303,448
S003,P0304,277
S003,P0305,230
S003,P0306,77
S003,P0307,50
S003,P0308,118
S003,P0309,256
S003,P0310,388
S003,P0311,162
S003,P0312,438
S003,P0313,125
S003,P0314,250
S003,P0315,216
S003,P0316,368
S003,P0317,479
S003,P0318,233
S003,P0319,222
S003,P0320,304
S003,P0321,134
S003,P0322,201
S003,P0323,280
S003,P0324,140
S003,P0325,372
S003,P0326,53
S003,P0327,188
S003,P0328,116
S003,P0329,352
S003,P0330,196
S003,P0331,463
S003,P0332,279
S003,P0333,379
S003,P0334,431
S003,P0335,330
S003,P0336,422
S003,P0337,98
S003,P0338,291
S003,P0339,245
S003,P0340,358
S003,P0341,428
S003,P0342,378
S003,P0343,224
S003,P0344,496
S003,P0345,435
S003,P0346,300
S003,P0347,319
S003,P0348,130
S003,P0349,359
S003,P0350,174
S003,P0351,392
S003,P0352,99
S003,P0353,420
S003,P0354,298
S003,P0355,159
S003,P0356,357
S003,P0357,229
S003,P0358,76
S003,P0359,374
S003,P0360,136
S003,P0361,80
S003,P0362,309
S003,P0363,375
S003,P0364,482
S003,P0365,369
S003,P0366,237
S003,P0367,70
S003,P0368,275
S003,P0369,190
S003,P0370,432
S003,P0371,304
S003,P0372,422
S003,P0373,396
S003,P0374,233
S003,P0375,115
S003,P0376,466
S003,P0377,310
S003,P0378,281
S003,P0379,274
S003,P0380,454
S003,P0381,402
S003,P0382,51
S003,P0383,451
S003,P0384,266
S003,P0385,147
S003,P0386,213
S003,P0387,71
S003,P0388,345
S003,P0389,307
S003,P0390,234
S003,P0391,221
S003,P0392,89
S003,P0393,99
S003,P0394,246
S003,P0395,186
S003,P0396,296
S003,P0397,360
S003,P0398,264
S003,P0399,405
S003,P0400,439
S003,P0401,227
S003,P0402,71
S003,P0403,293
S003,P0404,52
S003,P0405,228
S003,P0406,179
S003,P0407,63
S003,P0408,282
S003,P0409,430
S003,P0410,224
S003,P0411,372
S003,P0412,460
S003,P0413,226
S003,P0414,231
S003,P0415,315
S003,P0416,101
S003,P0417,197
S003,P0418,319
S003,P0419,201
S003,P0420,428
S003,P0421,425
S003,P0422,316
S003,P0423,251
S003,P0424,215
S003,P0425,467
S003,P0426,62
S003,P0427,478
S003,P0428,114
S003,P0429,229
S003,P0430,143
S003,P0431,114
S003,P0432,62
S003,P0433,283
S003,P0434,344
S003,P0435,477
S003,P0436,178
S003,P0437,53
S003,P0438,381
S003,P0439,345
S003,P0440,222
S003,P0441,216
S003,P0442,239
S003,P0443,465
S003,P0444,424
S003,P0445,64
S003,P0446,427
S003,P0447,55
S003,P0448,455
S003,P0449,98
S003,P0450,205
S003,P0451,305
S003,P0452,427
S003,P0453,424
S003,P0454,108
S003,P0455,127
S003,P0456,107
S003,P0457,389
S003,P0458,208
S003,P0459,211
S003,P0460,260
S003,P0461,101
S003,P0462,409
S003,P0463,131
S003,P0464,357
S003,P0465,223
S003,P0466,198
S003,P0467,209
S003,P0468,451
S003,P0469,280
S003,P0470,210
S003,P0471,156
S003,P0472,443
S003,P0473,101
S003,P0474,179
S003,P0475,465
S003,P0476,183
S003,P0477,353
S003,P0478,459
S003,P0479,316
S003,P0480,478
S003,P0481,450
S003,P0482,399
S003,P0483,408
S003,P0484,144
S003,P0485,360
S003,P0486,410
S003,P0487,145
S003,P0488,80
S003,P0489,261
S003,P0490,473
S003,P0491,384
S003,P0492,104
S003,P0493,494
S003,P0494,437
S003,P0495,266
S003,P0496,259
S003,P0497,131
S003,P0498,418
S003,P0499,289
S003,P0500,297
S004,P0001,383
S004,P0002,499
S004,P0003,242
S004,P0004,319
S004,P0005,310
S004,P0006,249
S004,P0007,119
S004,P0008,347
S004,P0009,422
S004,P0010,268
S004,P0011,417
S004,P0012,482
S004,P0013,172
S004,P0014,92
S004,P0015,300
S004,P0016,95
S004,P0017,289
S004,P0018,382
S004,P0019,417
S004,P0020,280
S004,P0021,394
S004,P0022,112
S004,P0023,60
S004,P0024,362
S004,P0025,325
S004,P0026,387
S004,P0027,135
S004,P0028,326
S004,P0029,169
S004,P0030,348
S004,P0031,179
S004,P0032,373
S004,P0033,140
S004,P0034,383
S004,P0035,262
S004,P0036,452
S004,P0037,382
S004,P0038,286
S004,P0039,246
S004,P0040,203
S004,P0041,186
S004,P0042,244
S004,P0043,429
S004,P0044,226
S004,P0045,159
S004,P0046,120
S004,P0047,203
S004,P0048,231
S004,P0049,204
S004,P0050,62
S004,P0051,447
S004,P0052,258
S004,P0053,194
S004,P0054,468
S004,P0055,350
S004,P0056,67
S004,P0057,79
S004,P0058,213
S004,P0059,498
S004,P0060,92
S004,P0061,95
S004,P0062,289
S004,P0063,138
S004,P0064,392
S004,P0065,451
S004,P0066,333
S004,P0067,265
S004,P0068,278
S004,P0069,347
S004,P0070,391
S004,P0071,345
S004,P0072,324
S004,P0073,433
S004,P0074,450
S004,P0075,421
S004,P0076,337
S004,P0077,476
S004,P0078,369
S004,P0079,259
S004,P0080,204
S004,P0081,85
S004,P0082,407
S004,P0083,286
S004,P0084,244
S004,P0085,129
S004,P0086,325
S004,P0087,330
S004,P0088,366
S004,P0089,341
S004,P0090,372
S004,P0091,249
S004,P0092,449
S004,P0093,199
S004,P0094,377
S004,P0095,114
S004,P0096,433
S004,P0097,342
S004,P0098,380
S004,P0099,244
S004,P0100,259
S004,P0101,436
S004,P0102,334
S004,P0103,421
S004,P0104,301
S004,P0105,361
S004,P0106,284
S004,P0107,124
S004,P0108,492
S004,P0109,204
S004,P0110,414
S004,P0111,418
S004,P0112,437
S004,P0113,416
S004,P0114,498
S004,P0115,127
S004,P0116,466
S004,P0117,110
S004,P0118,344
S004,P0119,86
S004,P0120,74
S004,P0121,249
S004,P0122,498
S004,P0123,384
S004,P0124,236
S004,P0125,287
S004,P0126,74
S004,P0127,163
S004,P0128,322
S004,P0129,358
S004,P0130,61
S004,P0131,120
S004,P0132,230
S004,P0133,310
S004,P0134,477
S004,P0135,203
S004,P0136,203
S004,P0137,473
S004,P0138,116
S004,P0139,451
S004,P0140,395
S004,P0141,135
S004,P0142,489
S004,P0143,159
S004,P0144,304
S004,P0145,223
S004,P0146,281
S004,P0147,460
S004,P0148,295
S004,P0149,60
S004,P0150,268
S004,P0151,432
S004,P0152,350
S004,P0153,395
S004,P0154,90
S004,P0155,251
S004,P0156,154
S004,P0157,359
S004,P0158,201
S004,P0159,475
S004,P0160,381
S004,P0161,99
S004,P0162,341
S004,P0163,276
S004,P0164,246
S004,P0165,297
S004,P0166,173
S004,P0167,388
S004,P0168,234
S004,P0169,216
S004,P0170,201
S004,P0171,241
S004,P0172,240
S004,P0173,232
S004,P0174,159
S004,P0175,54
S004,P0176,95
S004,P0177,369
S004,P0178,286
S004,P0179,382
S004,P0180,381
S004,P0181,244
S004,P0182,215
S004,P0183,55
S004,P0184,112
S004,P0185,125
S004,P0186,93
S004,P0187,493
S004,P0188,240
S004,P0189,267
S004,P0190,333
S004,P0191,245
S004,P0192,249
S004,P0193,121
S004,P0194,298
S004,P0195,155
S004,P0196,382
S004,P0197,425
S004,P0198,230
S004,P0199,152
S004,P0200,420
S004,P0201,126
S004,P0202,85
S004,P0203,359
S004,P0204,120
S004,P0205,336
S004,P0206,132
S004,P0207,168
S004,P0208,469
S004,P0209,62
S004,P0210,110
S004,P0211,288
S004,P0212,70
S004,P0213,97
S004,P0214,55
S004,P0215,338
S004,P0216,289
S004,P0217,400
S004,P0218,425
S004,P0219,447
S004,P0220,272
S004,P0221,320
S004,P0222,93
S004,P0223,166
S004,P0224,425
S004,P0225,306
S004,P0226,355
S004,P0227,475
S004,P0228,150
S004,P0229,352
S004,P0230,149
S004,P0231,210
S004,P0232,428
S004,P0233,117
S004,P0234,162
S004,P0235,204
S004,P0236,297
S004,P0237,56
S004,P0238,82
S004,P0239,202
S004,P0240,454
S004,P0241,295
S004,P0242,76
S004,P0243,440
S004,P0244,486
S004,P0245,258
S004,P0246,366
S004,P0247,123
S004,P0248,493
S004,P0249,335
S004,P0250,261
S004,P0251,102
S004,P0252,78
S004,P0253,306
S004,P0254,321
S004,P0255,346
S004,P0256,100
S004,P0257,175
S004,P0258,441
S004,P0259,366
S004,P0260,58
S004,P0261,194
S004,P0262,498
S004,P0263,77
S004,P0264,81
S004,P0265,475
S004,P0266,284
S004,P0267,247
S004,P0268,293
S004,P0269,385
S004,P0270,123
S004,P0271,215
S004,P0272,412
S004,P0273,199
S004,P0274,106
S004,P0275,450
S004,P0276,61
S004,P0277,135
S004,P0278,466
S004,P0279,499
S004,P0280,355
S004,P0281,324
S004,P0282,172
S004,P0283,261
S004,P0284,79
S004,P0285,401
S004,P0286,252
S004,P0287,333
S004,P0288,430
S004,P0289,327
S004,P0290,267
S004,P0291,292
S004,P0292,240
S004,P0293,406
S004,P0294,300
S004,P0295,232
S004,P0296,387
S004,P0297,73
S004,P0298,439
S004,P0299,176
S004,P0300,97
S004,P0301,191
S004,P0302,294
S004,P0303,439
S004,P0304,282
S004,P0305,444
S004,P0306,136
S004,P0307,266
S004,P0308,224
S004,P0309,67
S004,P0310,176
S004,P0311,178
S004,P0312,407
S004,P0313,209
S004,P0314,301
S004,P0315,164
S004,P0316,334
S004,P0317,242
S004,P0318,121
S004,P0319,233
S004,P0320,63
S004,P0321,321
S004,P0322,331
S004,P0323,264
S004,P0324,443
S004,P0325,211
S004,P0326,363
S004,P0327,443
S004,P0328,251
S004,P0329,168
S004,P0330,216
S004,P0331,68
S004,P0332,301
S004,P0333,260
S004,P0334,165
S004,P0335,141
S004,P0336,254
S004,P0337,418
S004,P0338,99
S004,P0339,248
S004,P0340,202
S004,P0341,311
S004,P0342,465
S004,P0343,91
S004,P0344,375
S004,P0345,458
S004,P0346,302
S004,P0347,124
S004,P0348,471
S004,P0349,267
S004,P0350,253
S004,P0351,431
S004,P0352,297
S004,P0353,395
S004,P0354,202
S004,P0355,307
S004,P0356,127
S004,P0357,246
S004,P0358,378
S004,P0359,247
S004,P0360,434
S004,P0361,427
S004,P0362,262
S004,P0363,189
S004,P0364,69
S004,P0365,392
S004,P0366,113
S004,P0367,169
S004,P0368,344
S004,P0369,285
S004,P0370,329
S004,P0371,282
S004,P0372,100
S004,P0373,273
S004,P0374,272
S004,P0375,145
S004,P0376,334
S004,P0377,380
S004,P0378,462
S004,P0379,406
S004,P0380,126
S004,P0381,326
S004,P0382,287
S004,P0383,366
S004,P0384,424
S004,P0385,268
S004,P0386,252
S004,P0387,61
S004,P0388,328
S004,P0389,237
S004,P0390,404
S004,P0391,481
S004,P0392,237
S004,P0393,413
S004,P0394,314
S004,P0395,243
S004,P0396,94
S004,P0397,104
S004,P0398,363
S004,P0399,89
S004,P0400,434
S004,P0401,190
S004,P0402,461
S004,P0403,350
S004,P0404,236
S004,P0405,312
S004,P0406,397
S004,P0407,355
S004,P0408,375
S004,P0409,176
S004,P0410,76
S004,P0411,283
S004,P0412,378
S004,P0413,469
S004,P0414,216
S004,P0415,497
S004,P0416,169
S004,P0417,183
S004,P0418,139
S004,P0419,450
S004,P0420,345
S004,P0421,301
S004,P0422,398
S004,P0423,250
S004,P0424,460
S004,P0425,51
S004,P0426,440
S004,P0427,335
S004,P0428,462
S004,P0429,490
S004,P0430,76
S004,P0431,91
S004,P0432,316
S004,P0433,225
S004,P0434,340
S004,P0435,96
S004,P0436,268
S004,P0437,351
S004,P0438,432
S004,P0439,385
S004,P0440,59
S004,P0441,175
S004,P0442,400
S004,P0443,228
S004,P0444,58
S004,P0445,435
S004,P0446,144
S004,P0447,341
S004,P0448,85
S004,P0449,72
S004,P0450,220
S004,P0451,129
S004,P0452,83
S004,P0453,62
S004,P0454,452
S004,P0455,263
S004,P0456,171
S004,P0457,67
S004,P0458,287
S004,P0459,87
S004,P0460,350
S004,P0461,65
S004,P0462,63
S004,P0463,325
S004,P0464,74
S004,P0465,338
S004,P0466,420
S004,P0467,406
S004,P0468,479
S004,P0469,415
S004,P0470,136
S004,P0471,174
S004,P0472,247
S004,P0473,487
S004,P0474,492
S004,P0475,311
S004,P0476,55
S004,P0477,207
S004,P0478,138
S004,P0479,404
S004,P0480,170
S004,P0481,347
S004,P0482,496
S004,P0483,460
S004,P0484,285
S004,P0485,497
S004,P0486,318
S004,P0487,481
S004,P0488,441
S004,P0489,244
S004,P0490,292
S004,P0491,285
S004,P0492,158
S004,P0493,391
S004,P0494,324
S004,P0495,125
S004,P0496,84
S004,P0497,378
S004,P0498,220
S004,P0499,179
S004,P0500,90
S005,P0001,91
S005,P0002,286
S005,P0003,101
S005,P0004,269
S005,P0005,422
S005,P0006,254
S005,P0007,70
S005,P0008,419
S005,P0009,260
S005,P0010,81
S005,P0011,342
S005,P0012,169
S005,P0013,202
S005,P0014,280
S005,P0015,85
S005,P0016,209
S005,P0017,455
S005,P0018,286
S005,P0019,488
S005,P0020,170
S005,P0021,148
S005,P0022,453
S005,P0023,62
S005,P0024,187
S005,P0025,444
S005,P0026,328
S005,P0027,264
S005,P0028,159
S005,P0029,99
S005,P0030,470
S005,P0031,215
S005,P0032,494
S005,P0033,287
S005,P0034,83
S005,P0035,426
S005,P0036,251
S005,P0037,176
S005,P0038,149
S005,P0039,241
S005,P0040,480
S005,P0041,378
S005,P0042,183
S005,P0043,108
S005,P0044,205
S005,P0045,335
S005,P0046,218
S005,P0047,425
S005,P0048,300
S005,P0049,491
S005,P0050,212
S005,P0051,165
S005,P0052,185
S005,P0053,445
S005,P0054,125
S005,P0055,228
S005,P0056,207
S005,P0057,456
S005,P0058,471
S005,P0059,98
S005,P0060,341
S005,P0061,495
S005,P0062,487
S005,P0063,214
S005,P0064,477
S005,P0065,465
S005,P0066,451
S005,P0067,138
S005,P0068,201
S005,P0069,411
S005,P0070,120
S005,P0071,254
S005,P0072,442
S005,P0073,296
S005,P0074,400
S005,P0075,113
S005,P0076,234
S005,P0077,403
S005,P0078,296
S005,P0079,247
S005,P0080,176
S005,P0081,363
S005,P0082,160
S005,P0083,363
S005,P0084,385
S005,P0085,337
S005,P0086,478
S005,P0087,472
S005,P0088,375
S005,P0089,462
S005,P0090,362
S005,P0091,476
S005,P0092,150
S005,P0093,498
S005,P0094,281
S005,P0095,81
S005,P0096,139
S005,P0097,192
S005,P0098,377
S005,P0099,176
S005,P0100,173
S005,P0101,478
S005,P0102,99
S005,P0103,186
S005,P0104,453
S005,P0105,320
S005,P0106,62
S005,P0107,495
S005,P0108,499
S005,P0109,68
S005,P0110,242
S005,P0111,59
S005,P0112,382
S005,P0113,445
S005,P0114,269
S005,P0115,61
S005,P0116,66
S005,P0117,358
S005,P0118,264
S005,P0119,281
S005,P0120,177
S005,P0121,451
S005,P0122,124
S005,P0123,397
S005,P0124,403
S005,P0125,137
S005,P0126,416
S005,P0127,450
S005,P0128,377
S005,P0129,73
S005,P0130,399
S005,P0131,111
S005,P0132,98
S005,P0133,145
S005,P0134,358
S005,P0135,292
S005,P0136,478
S005,P0137,434
S005,P0138,173
S005,P0139,208
S005,P0140,150
S005,P0141,213
S005,P0142,95
S005,P0143,296
S005,P0144,486
S005,P0145,457
S005,P0146,148
S005,P0147,61
S005,P0148,183
S005,P0149,400
S005,P0150,389
S005,P0151,293
S005,P0152,359
S005,P0153,144
S005,P0154,117
S005,P0155,132
S005,P0156,282
S005,P0157,151
S005,P0158,122
S005,P0159,307
S005,P0160,74
S005,P0161,122
S005,P0162,240
S005,P0163,255
S005,P0164,157
S005,P0165,481
S005,P0166,389
S005,P0167,331
S005,P0168,199
S005,P0169,323
S005,P0170,257
S005,P0171,128
S005,P0172,409
S005,P0173,374
S005,P0174,250
S005,P0175,473
S005,P0176,216
S005,P0177,444
S005,P0178,171
S005,P0179,248
S005,P0180,147
S005,P0181,458
S005,P0182,316
S005,P0183,193
S005,P0184,329
S005,P0185,242
S005,P0186,272
S005,P0187,360
S005,P0188,60
S005,P0189,283
S005,P0190,164
S005,P0191,435
S005,P0192,51
S005,P0193,428
S005,P0194,123
S005,P0195,359
S005,P0196,445
S005,P0197,307
S005,P0198,183
S005,P0199,383
S005,P0200,156
S005,P0201,487
S005,P0202,167
S005,P0203,199
S005,P0204,239
S005,P0205,311
S005,P0206,302
S005,P0207,181
S005,P0208,52
S005,P0209,60
S005,P0210,159
S005,P0211,109
S005,P0212,359
S005,P0213,441
S005,P0214,377
S005,P0215,76
S005,P0216,188
S005,P0217,459
S005,P0218,86
S005,P0219,311
S005,P0220,122
S005,P0221,351
S005,P0222,186
S005,P0223,274
S005,P0224,377
S005,P0225,262
S005,P0226,389
S005,P0227,152
S005,P0228,97
S005,P0229,349
S005,P0230,296
S005,P0231,187
S005,P0232,158
S005,P0233,338
S005,P0234,230
S005,P0235,436
S005,P0236,432
S005,P0237,67
S005,P0238,374
S005,P0239,232
S005,P0240,92
S005,P0241,316
S005,P0242,457
S005,P0243,291
S005,P0244,401
S005,P0245,473
S005,P0246,301
S005,P0247,208
S005,P0248,468
S005,P0249,146
S005,P0250,77
S005,P0251,315
S005,P0252,257
S005,P0253,260
S005,P0254,53
S005,P0255,301
S005,P0256,293
S005,P0257,454
S005,P0258,458
S005,P0259,260
S005,P0260,431
S005,P0261,86
S005,P0262,429
S005,P0263,130
S005,P0264,101
S005,P0265,307
S005,P0266,259
S005,P0267,387
S005,P0268,234
S005,P0269,78
S005,P0270,261
S005,P0271,389
S005,P0272,331
S005,P0273,409
S005,P0274,380
S005,P0275,475
S005,P0276,268
S005,P0277,385
S005,P0278,224
S005,P0279,231
S005,P0280,376
S005,P0281,87
S005,P0282,447
S005,P0283,223
S005,P0284,84
S005,P0285,430
S005,P0286,138
S005,P0287,84
S005,P0288,401
S005,P0289,319
S005,P0290,147
S005,P0291,403
S005,P0292,424
S005,P0293,258
S005,P0294,134
S005,P0295,95
S005,P0296,300
S005,P0297,415
S005,P0298,207
S005,P0299,373
S005,P0300,153
S005,P0301,433
S005,P0302,226
S005,P0303,302
S005,P0304,356
S005,P0305,110
S005,P0306,344
S005,P0307,349
S005,P0308,352
S005,P0309,448
S005,P0310,479
S005,P0311,421
S005,P0312,103
S005,P0313,299
S005,P0314,287
S005,P0315,130
S005,P0316,493
S005,P0317,278
S005,P0318,468
S005,P0319,263
S005,P0320,237
S005,P0321,292
S005,P0322,109
S005,P0323,125
S005,P0324,114
S005,P0325,303
S005,P0326,299
S005,P0327,335
S005,P0328,357
S005,P0329,99
S005,P0330,336
S005,P0331,72
S005,P0332,98
S005,P0333,340
S005,P0334,136
S005,P0335,242
S005,P0336,377
S005,P0337,182
S005,P0338,227
S005,P0339,442
S005,P0340,94
S005,P0341,227
S005,P0342,313
S005,P0343,362
S005,P0344,354
S005,P0345,59
S005,P0346,300
S005,P0347,211
S005,P0348,287
S005,P0349,392
S005,P0350,233
S005,P0351,339
S005,P0352,123
S005,P0353,187
S005,P0354,99
S005,P0355,470
S005,P0356,411
S005,P0357,68
S005,P0358,420
S005,P0359,51
S005,P0360,64
S005,P0361,480
S005,P0362,489
S005,P0363,169
S005,P0364,467
S005,P0365,81
S005,P0366,79
S005,P0367,430
S005,P0368,242
S005,P0369,187
S005,P0370,91
S005,P0371,207
S005,P0372,92
S005,P0373,52
S005,P0374,94
S005,P0375,491
S005,P0376,446
S005,P0377,288
S005,P0378,477
S005,P0379,458
S005,P0380,417
S005,P0381,347
S005,P0382,375
S005,P0383,434
S005,P0384,241
S005,P0385,400
S005,P0386,207
S005,P0387,148
S005,P0388,280
S005,P0389,283
S005,P0390,428
S005,P0391,83
S005,P0392,330
S005,P0393,87
S005,P0394,212
S005,P0395,223
S005,P0396,486
S005,P0397,373
S005,P0398,438
S005,P0399,104
S005,P0400,235
S005,P0401,125
S005,P0402,94
S005,P0403,127
S005,P0404,302
S005,P0405,327
S005,P0406,325
S005,P0407,136
S005,P0408,206
S005,P0409,114
S005,P0410,464
S005,P0411,160
S005,P0412,440
S005,P0413,479
S005,P0414,490
S005,P0415,52
S005,P0416,155
S005,P0417,400
S005,P0418,82
S005,P0419,267
S005,P0420,324
S005,P0421,89
S005,P0422,120
S005,P0423,159
S005,P0424,341
S005,P0425,218
S005,P0426,377
S005,P0427,362
S005,P0428,118
S005,P0429,479
S005,P0430,88
S005,P0431,196
S005,P0432,76
S005,P0433,323
S005,P0434,318
S005,P0435,462
S005,P0436,477
S005,P0437,100
S005,P0438,229
S005,P0439,154
S005,P0440,439
S005,P0441,434
S005,P0442,163
S005,P0443,176
S005,P0444,321
S005,P0445,202
S005,P0446,173
S005,P0447,51
S005,P0448,486
S005,P0449,278
S005,P0450,337
S005,P0451,499
S005,P0452,288
S005,P0453,243
S005,P0454,148
S005,P0455,113
S005,P0456,236
S005,P0457,169
S005,P0458,111
S005,P0459,245
S005,P0460,257
S005,P0461,280
S005,P0462,250
S005,P0463,166
S005,P0464,293
S005,P0465,340
S005,P0466,343
S005,P0467,424
S005,P0468,383
S005,P0469,481
S005,P0470,166
S005,P0471,404
S005,P0472,87
S005,P0473,161
S005,P0474,405
S005,P0475,59
S005,P0476,308
S005,P0477,235
S005,P0478,160
S005,P0479,164
S005,P0480,207
S005,P0481,399
S005,P0482,395
S005,P0483,224
S005,P0484,239
S005,P0485,329
S005,P0486,251
S005,P0487,121
S005,P0488,251
S005,P0489,412
S005,P0490,427
S005,P0491,432
S005,P0492,121
S005,P0493,88
S005,P0494,479
S005,P0495,390
S005,P0496,360
S005,P0497,411
S005,P0498,111
S005,P0499,231
S005,P0500,80
S006,P0001,344
S006,P0002,500
S006,P0003,365
S006,P0004,409
S006,P0005,155
S006,P0006,377
S006,P0007,64
S006,P0008,186
S006,P0009,66
S006,P0010,393
S006,P0011,360
S006,P0012,423
S006,P0013,183
S006,P0014,130
S006,P0015,174
S006,P0016,343
S006,P0017,59
S006,P0018,89
S006,P0019,119
S006,P0020,244
S006,P0021,228
S006,P0022,285
S006,P0023,266
S006,P0024,459
S006,P0025,127
S006,P0026,398
S006,P0027,409
S006,P0028,137
S006,P0029,221
S006,P0030,279
S006,P0031,309
S006,P0032,260
S006,P0033,157
S006,P0034,457
S006,P0035,121
S006,P0036,212
S006,P0037,354
S006,P0038,71
S006,P0039,310
S006,P0040,499
S006,P0041,422
S006,P0042,178
S006,P0043,474
S006,P0044,181
S006,P0045,136
S006,P0046,427
S006,P0047,292
S006,P0048,446
S006,P0049,482
S006,P0050,404
S006,P0051,135
S006,P0052,55
S006,P0053,348
S006,P0054,135
S006,P0055,269
S006,P0056,72
S006,P0057,435
S006,P0058,339
S006,P0059,279
S006,P0060,293
S006,P0061,151
S006,P0062,432
S006,P0063,255
S006,P0064,135
S006,P0065,294
S006,P0066,359
S006,P0067,448
S006,P0068,164
S006,P0069,268
S006,P0070,434
S006,P0071,437
S006,P0072,207
S006,P0073,214
S006,P0074,453
S006,P0075,292
S006,P0076,342
S006,P0077,168
S006,P0078,217
S006,P0079,275
S006,P0080,319
S006,P0081,202
S006,P0082,268
S006,P0083,58
S006,P0084,273
S006,P0085,434
S006,P0086,323
S006,P0087,137
S006,P0088,208
S006,P0089,96
S006,P0090,149
S006,P0091,290
S006,P0092,493
S006,P0093,181
S006,P0094,311
S006,P0095,490
S006,P0096,376
S006,P0097,71
S006,P0098,68
S006,P0099,257
S006,P0100,74
S006,P0101,383
S006,P0102,491
S006,P0103,354
S006,P0104,440
S006,P0105,205
S006,P0106,319
S006,P0107,381
S006,P0108,194
S006,P0109,345
S006,P0110,369
S006,P0111,303
S006,P0112,271
S006,P0113,324
S006,P0114,353
S006,P0115,339
S006,P0116,298
S006,P0117,364
S006,P0118,469
S006,P0119,330
S006,P0120,483
S006,P0121,381
S006,P0122,353
S006,P0123,237
S006,P0124,197
S006,P0125,152
S006,P0126,241
S006,P0127,288
S006,P0128,195
S006,P0129,225
S006,P0130,183
S006,P0131,357
S006,P0132,488
S006,P0133,250
S006,P0134,440
S006,P0135,471
S006,P0136,104
S006,P0137,294
S006,P0138,322
S006,P0139,73
S006,P0140,441
S006,P0141,376
S006,P0142,305
S006,P0143,256
S006,P0144,454
S006,P0145,405
S006,P0146,393
S006,P0147,285
S006,P0148,176
S006,P0149,157
S006,P0150,264
S006,P0151,58
S006,P0152,478
S006,P0153,413
S006,P0154,59
S006,P0155,459
S006,P0156,344
S006,P0157,259
S006,P0158,177
S006,P0159,132
S006,P0160,374
S006,P0161,76
S006,P0162,282
S006,P0163,194
S006,P0164,119
S006,P0165,59
S006,P0166,444
S006,P0167,133
S006,P0168,164
S006,P0169,215
S006,P0170,345
S006,P0171,126
S006,P0172,309
S006,P0173,144
S006,P0174,269
S006,P0175,93
S006,P0176,269
S006,P0177,343
S006,P0178,91
S006,P0179,79
S006,P0180,83
S006,P0181,226
S006,P0182,355
S006,P0183,365
S006,P0184,216
S006,P0185,180
S006,P0186,357
S006,P0187,333
S006,P0188,169
S006,P0189,470
S006,P0190,192
S006,P0191,294
S006,P0192,290
S006,P0193,479
S006,P0194,194
S006,P0195,175
S006,P0196,420
S006,P0197,115
S006,P0198,83
S006,P0199,52
S006,P0200,324
S006,P0201,251
S006,P0202,463
S006,P0203,309
S006,P0204,332
S006,P0205,160
S006,P0206,461
S006,P0207,110
S006,P0208,411
S006,P0209,305
S006,P0210,173
S006,P0211,119
S006,P0212,495
S006,P0213,442
S006,P0214,328
S006,P0215,158
S006,P0216,325
S006,P0217,334
S006,P0218,320
S006,P0219,203
S006,P0220,169
S006,P0221,109
S006,P0222,469
S006,P0223,108
S006,P0224,52
S006,P0225,169
S006,P0226,50
S006,P0227,129
S006,P0228,444
S006,P0229,192
S006,P0230,319
S006,P0231,332
S006,P0232,479
S006,P0233,226
S006,P0234,418
S006,P0235,461
S006,P0236,475
S006,P0237,85
S006,P0238,308
S006,P0239,299
S006,P0240,214
S006,P0241,464
S006,P0242,330
S006,P0243,143
S006,P0244,99
S006,P0245,432
S006,P0246,242
S006,P0247,83
S006,P0248,444
S006,P0249,152
S006,P0250,454
S006,P0251,495
S006,P0252,112
S006,P0253,106
S006,P0254,282
S006,P0255,322
S006,P0256,190
S006,P0257,238
S006,P0258,113
S006,P0259,84
S006,P0260,335
S006,P0261,200
S006,P0262,425
S006,P0263,251
S006,P0264,173
S006,P0265,109
S006,P0266,304
S006,P0267,470
S006,P0268,370
S006,P0269,208
S006,P0270,274
S006,P0271,70
S006,P0272,282
S006,P0273,460
S006,P0274,216
S006,P0275,280
S006,P0276,85
S006,P0277,198
S006,P0278,167
S006,P0279,405
S006,P0280,339
S006,P0281,489
S006,P0282,300
S006,P0283,69
S006,P0284,269
S006,P0285,383
S006,P0286,65
S006,P0287,93
S006,P0288,469
S006,P0289,179
S006,P0290,284
S006,P0291,101
S006,P0292,396
S006,P0293,420
S006,P0294,198
S006,P0295,264
S006,P0296,298
S006,P0297,196
S006,P0298,79
S006,P0299,431
S006,P0300,359
S006,P0301,251
S006,P0302,446
S006,P0303,64
S006,P0304,373
S006,P0305,241
S006,P0306,496
S006,P0307,318
S006,P0308,389
S006,P0309,250
S006,P0310,375
S006,P0311,359
S006,P0312,414
S006,P0313,416
S006,P0314,187
S006,P0315,492
S006,P0316,400
S006,P0317,420
S006,P0318,127
S006,P0319,499
S006,P0320,249
S006,P0321,231
S006,P0322,304
S006,P0323,335
S006,P0324,439
S006,P0325,455
S006,P0326,311
S006,P0327,173
S006,P0328,95
S006,P0329,141
S006,P0330,65
S006,P0331,405
S006,P0332,316
S006,P0333,162
S006,P0334,82
S006,P0335,146
S006,P0336,55
S006,P0337,289
S006,P0338,365
S006,P0339,251
S006,P0340,361
S006,P0341,250
S006,P0342,367
S006,P0343,155
S006,P0344,409
S006,P0345,104
S006,P0346,77
S006,P0347,147
S006,P0348,412
S006,P0349,229
S006,P0350,347
S006,P0351,458
S006,P0352,193
S006,P0353,157
S006,P0354,458
S006,P0355,330
S006,P0356,242
S006,P0357,79
S006,P0358,348
S006,P0359,494
S006,P0360,317
S006,P0361,100
S006,P0362,232
S006,P0363,323
S006,P0364,255
S006,P0365,489
S006,P0366,446
S006,P0367,287
S006,P0368,463
S006,P0369,121
S006,P0370,424
S006,P0371,284
S006,P0372,461
S006,P0373,339
S006,P0374,302
S006,P0375,101
S006,P0376,311
S006,P0377,166
S006,P0378,287
S006,P0379,334
S006,P0380,51
S006,P0381,171
S006,P0382,419
S006,P0383,105
S006,P0384,485
S006,P0385,499
S006,P0386,113
S006,P0387,83
S006,P0388,257
S006,P0389,314
S006,P0390,454
S006,P0391,104
S006,P0392,500
S006,P0393,112
S006,P0394,441
S006,P0395,368
S006,P0396,83
S006,P0397,230
S006,P0398,314
S006,P0399,174
S006,P0400,471
S006,P0401,347
S006,P0402,497
S006,P0403,236
S006,P0404,437
S006,P0405,237
S006,P0406,204
S006,P0407,362
S006,P0408,437
S006,P0409,497
S006,P0410,412
S006,P0411,320
S006,P0412,385
S006,P0413,242
S006,P0414,128
S006,P0415,248
S006,P0416,87
S006,P0417,167
S006,P0418,218
S006,P0419,349
S006,P0420,495
S006,P0421,493
S006,P0422,231
S006,P0423,82
S006,P0424,396
S006,P0425,169
S006,P0426,366
S006,P0427,304
S006,P0428,421
S006,P0429,410
S006,P0430,330
S006,P0431,103
S006,P0432,274
S006,P0433,141
S006,P0434,483
S006,P0435,114
S006,P0436,363
S006,P0437,309
S006,P0438,204
S006,P0439,404
S006,P0440,299
S006,P0441,258
S006,P0442,477
S006,P0443,293
S006,P0444,387
S006,P0445,414
S006,P0446,209
S006,P0447,433
S006,P0448,481
S006,P0449,301
S006,P0450,447
S006,P0451,347
S006,P0452,139
S006,P0453,192
S006,P0454,70
S006,P0455,477
S006,P0456,302
S006,P0457,146
S006,P0458,403
S006,P0459,334
S006,P0460,59
S006,P0461,188
S006,P0462,262
S006,P0463,483
S006,P0464,285
S006,P0465,479
S006,P0466,359
S006,P0467,280
S006,P0468,394
S006,P0469,121
S006,P0470,426
S006,P0471,319
S006,P0472,166
S006,P0473,469
S006,P0474,162
S006,P0475,403
S006,P0476,227
S006,P0477,93
S006,P0478,367
S006,P0479,137
S006,P0480,394
S006,P0481,226
S006,P0482,309
S006,P0483,229
S006,P0484,310
S006,P0485,83
S006,P0486,274
S006,P0487,365
S006,P0488,350
S006,P0489,138
S006,P0490,59
S006,P0491,71
S006,P0492,330
S006,P0493,144
S006,P0494,478
S006,P0495,488
S006,P0496,72
S006,P0497,282
S006,P0498,248
S006,P0499,457
S006,P0500,54
S007,P0001,114
S007,P0002,59
S007,P0003,371
S007,P0004,89
S007,P0005,445
S007,P0006,453
S007,P0007,132
S007,P0008,485
S007,P0009,292
S007,P0010,213
S007,P0011,202
S007,P0012,330
S007,P0013,69
S007,P0014,324
S007,P0015,285
S007,P0016,125
S007,P0017,208
S007,P0018,379
S007,P0019,485
S007,P0020,64
S007,P0021,371
S007,P0022,371
S007,P0023,491
S007,P0024,479
S007,P0025,115
S007,P0026,287
S007,P0027,170
S007,P0028,220
S007,P0029,157
S007,P0030,83
S007,P0031,399
S007,P0032,422
S007,P0033,347
S007,P0034,103
S007,P0035,116
S007,P0036,404
S007,P0037,275
S007,P0038,318
S007,P0039,156
S007,P0040,478
S007,P0041,290
S007,P0042,268
S007,P0043,284
S007,P0044,118
S007,P0045,91
S007,P0046,226
S007,P0047,213
S007,P0048,463
S007,P0049,305
S007,P0050,64
S007,P0051,385
S007,P0052,275
S007,P0053,308
S007,P0054,413
S007,P0055,284
S007,P0056,396
S007,P0057,482
S007,P0058,210
S007,P0059,215
S007,P0060,297
S007,P0061,427
S007,P0062,292
S007,P0063,185
S007,P0064,406
S007,P0065,260
S007,P0066,143
S007,P0067,490
S007,P0068,194
S007,P0069,477
S007,P0070,74
S007,P0071,258
S007,P0072,354
S007,P0073,113
S007,P0074,496
S007,P0075,204
S007,P0076,449
S007,P0077,181
S007,P0078,428
S007,P0079,64
S007,P0080,220
S007,P0081,193
S007,P0082,305
S007,P0083,328
S007,P0084,99
S007,P0085,435
S007,P0086,442
S007,P0087,247
S007,P0088,75
S007,P0089,332
S007,P0090,500
S007,P0091,59
S007,P0092,378
S007,P0093,323
S007,P0094,344
S007,P0095,250
S007,P0096,234
S007,P0097,413
S007,P0098,311
S007,P0099,278
S007,P0100,165
S007,P0101,310
S007,P0102,485
S007,P0103,332
S007,P0104,56
S007,P0105,462
S007,P0106,248
S007,P0107,61
S007,P0108,239
S007,P0109,210
S007,P0110,322
S007,P0111,82
S007,P0112,442
S007,P0113,204
S007,P0114,476
S007,P0115,485
S007,P0116,419
S007,P0117,181
S007,P0118,460
S007,P0119,185
S007,P0120,485
S007,P0121,155
S007,P0122,265
S007,P0123,169
S007,P0124,94
S007,P0125,365
S007,P0126,156
S007,P0127,143
S007,P0128,254
S007,P0129,265
S007,P0130,258
S007,P0131,332
S007,P0132,410
S007,P0133,320
S007,P0134,250
S007,P0135,302
S007,P0136,66
S007,P0137,337
S007,P0138,156
S007,P0139,133
S007,P0140,307
S007,P0141,289
S007,P0142,395
S007,P0143,206
S007,P0144,146
S007,P0145,423
S007,P0146,73
S007,P0147,265
S007,P0148,344
S007,P0149,408
S007,P0150,391
S007,P0151,444
S007,P0152,179
S007,P0153,209
S007,P0154,177
S007,P0155,315
S007,P0156,437
S007,P0157,193
S007,P0158,440
S007,P0159,205
S007,P0160,480
S007,P0161,229
S007,P0162,182
S007,P0163,405
S007,P0164,97
S007,P0165,462
S007,P0166,458
S007,P0167,276
S007,P0168,390
S007,P0169,399
S007,P0170,279
S007,P0171,252
S007,P0172,348
S007,P0173,408
S007,P0174,446
S007,P0175,313
S007,P0176,229
S007,P0177,239
S007,P0178,308
S007,P0179,341
S007,P0180,364
S007,P0181,73
S007,P0182,172
S007,P0183,380
S007,P0184,333
S007,P0185,357
S007,P0186,237
S007,P0187,340
S007,P0188,431
S007,P0189,216
S007,P0190,306
S007,P0191,289
S007,P0192,52
S007,P0193,295
S007,P0194,456
S007,P0195,311
S007,P0196,142
S007,P0197,170
S007,P0198,456
S007,P0199,170
S007,P0200,161
S007,P0201,278
S007,P0202,272
S007,P0203,184
S007,P0204,387
S007,P0205,419
S007,P0206,271
S007,P0207,303
S007,P0208,493
S007,P0209,72
S007,P0210,453
S007,P0211,177
S007,P0212,62
S007,P0213,223
S007,P0214,202
S007,P0215,473
S007,P0216,448
S007,P0217,101
S007,P0218,200
S007,P0219,228
S007,P0220,153
S007,P0221,63
S007,P0222,353
S007,P0223,254
S007,P0224,463
S007,P0225,231
S007,P0226,217
S007,P0227,152
S007,P0228,56
S007,P0229,60
S007,P0230,316
S007,P0231,381
S007,P0232,359
S007,P0233,281
S007,P0234,108
S007,P0235,379
S007,P0236,106
S007,P0237,351
S007,P0238,414
S007,P0239,493
S007,P0240,294
S007,P0241,261
S007,P0242,210
S007,P0243,66
S007,P0244,371
S007,P0245,53
S007,P0246,226
S007,P0247,94
S007,P0248,455
S007,P0249,415
S007,P0250,204
S007,P0251,380
S007,P0252,108
S007,P0253,301
S007,P0254,134
S007,P0255,438
S007,P0256,270
S007,P0257,405
S007,P0258,456
S007,P0259,172
S007,P0260,321
S007,P0261,360
S007,P0262,195
S007,P0263,385
S007,P0264,487
S007,P0265,166
S007,P0266,100
S007,P0267,99
S007,P0268,72
S007,P0269,86
S007,P0270,490
S007,P0271,387
S007,P0272,408
S007,P0273,219
S007,P0274,495
S007,P0275,410
S007,P0276,110
S007,P0277,327
S007,P0278,332
S007,P0279,291
S007,P0280,79
S007,P0281,180
S007,P0282,293
S007,P0283,194
S007,P0284,114
S007,P0285,318
S007,P0286,201
S007,P0287,331
S007,P0288,148
S007,P0289,275
S007,P0290,187
S007,P0291,154
S007,P0292,200
S007,P0293,51
S007,P0294,309
S007,P0295,470
S007,P0296,266
S007,P0297,408
S007,P0298,442
S007,P0299,477
S007,P0300,51
S007,P0301,260
S007,P0302,427
S007,P0303,300
S007,P0304,84
S007,P0305,204
S007,P0306,487
S007,P0307,335
S007,P0308,456
S007,P0309,206
S007,P0310,303
S007,P0311,251
S007,P0312,208
S007,P0313,394
S007,P0314,283
S007,P0315,421
S007,P0316,249
S007,P0317,355
S007,P0318,257
S007,P0319,320
S007,P0320,89
S007,P0321,470
S007,P0322,208
S007,P0323,90
S007,P0324,56
S007,P0325,229
S007,P0326,453
S007,P0327,352
S007,P0328,373
S007,P0329,211
S007,P0330,139
S007,P0331,80
S007,P0332,108
S007,P0333,222
S007,P0334,92
S007,P0335,82
S007,P0336,304
S007,P0337,302
S007,P0338,433
S007,P0339,110
S007,P0340,305
S007,P0341,474
S007,P0342,182
S007,P0343,481
S007,P0344,475
S007,P0345,117
S007,P0346,462
S007,P0347,369
S007,P0348,281
S007,P0349,400
S007,P0350,374
S007,P0351,391
S007,P0352,315
S007,P0353,171
S007,P0354,396
S007,P0355,71
S007,P0356,337
S007,P0357,277
S007,P0358,86
S007,P0359,80
S007,P0360,460
S007,P0361,124
S007,P0362,471
S007,P0363,436
S007,P0364,150
S007,P0365,406
S007,P0366,247
S007,P0367,229
S007,P0368,106
S007,P0369,338
S007,P0370,475
S007,P0371,299
S007,P0372,402
S007,P0373,299
S007,P0374,145
S007,P0375,337
S007,P0376,364
S007,P0377,219
S007,P0378,56
S007,P0379,413
S007,P0380,227
S007,P0381,301
S007,P0382,184
S007,P0383,382
S007,P0384,190
S007,P0385,469
S007,P0386,427
S007,P0387,176
S007,P0388,457
S007,P0389,61
S007,P0390,430
S007,P0391,367
S007,P0392,273
S007,P0393,341
S007,P0394,205
S007,P0395,453
S007,P0396,86
S007,P0397,136
S007,P0398,313
S007,P0399,307
S007,P0400,88
S007,P0401,226
S007,P0402,312
S007,P0403,140
S007,P0404,339
S007,P0405,394
S007,P0406,95
S007,P0407,231
S007,P0408,332
S007,P0409,411
S007,P0410,90
S007,P0411,130
S007,P0412,332
S007,P0413,410
S007,P0414,224
S007,P0415,137
S007,P0416,403
S007,P0417,146
S007,P0418,241
S007,P0419,334
S007,P0420,114
S007,P0421,152
S007,P0422,173
S007,P0423,298
S007,P0424,116
S007,P0425,286
S007,P0426,126
S007,P0427,336
S007,P0428,300
S007,P0429,103
S007,P0430,229
S007,P0431,124
S007,P0432,209
S007,P0433,330
S007,P0434,71
S007,P0435,449
S007,P0436,466
S007,P0437,291
S007,P0438,444
S007,P0439,302
S007,P0440,93
S007,P0441,266
S007,P0442,302
S007,P0443,152
S007,P0444,124
S007,P0445,263
S007,P0446,174
S007,P0447,351
S007,P0448,87
S007,P0449,78
S007,P0450,479
S007,P0451,434
S007,P0452,52
S007,P0453,163
S007,P0454,414
S007,P0455,219
S007,P0456,383
S007,P0457,221
S007,P0458,128
S007,P0459,307
S007,P0460,162
S007,P0461,495
S007,P0462,429
S007,P0463,212
S007,P0464,81
S007,P0465,73
S007,P0466,93
S007,P0467,207
S007,P0468,345
S007,P0469,233
S007,P0470,126
S007,P0471,126
S007,P0472,225
S007,P0473,76
S007,P0474,158
S007,P0475,183
S007,P0476,483
S007,P0477,325
S007,P0478,378
S007,P0479,282
S007,P0480,190
S007,P0481,317
S007,P0482,214
S007,P0483,99
S007,P0484,249
S007,P0485,317
S007,P0486,184
S007,P0487,387
S007,P0488,247
S007,P0489,384
S007,P0490,204
S007,P0491,311
S007,P0492,213
S007,P0493,181
S007,P0494,263
S007,P0495,480
S007,P0496,185
S007,P0497,440
S007,P0498,164
S007,P0499,198
S007,P0500,429
S008,P0001,255
S008,P0002,414
S008,P0003,95
S008,P0004,467
S008,P0005,113
S008,P0006,124
S008,P0007,279
S008,P0008,364
S008,P0009,212
S008,P0010,242
S008,P0011,135
S008,P0012,158
S008,P0013,220
S008,P0014,283
S008,P0015,201
S008,P0016,444
S008,P0017,498
S008,P0018,341
S008,P0019,352
S008,P0020,388
S008,P0021,223
S008,P0022,475
S008,P0023,262
S008,P0024,389
S008,P0025,317
S008,P0026,220
S008,P0027,83
S008,P0028,431
S008,P0029,141
S008,P0030,112
S008,P0031,182
S008,P0032,370
S008,P0033,117
S008,P0034,255
S008,P0035,219
S008,P0036,398
S008,P0037,434
S008,P0038,445
S008,P0039,244
S008,P0040,110
S008,P0041,423
S008,P0042,492
S008,P0043,151
S008,P0044,54
S008,P0045,406
S008,P0046,374
S008,P0047,132
S008,P0048,391
S008,P0049,92
S008,P0050,377
S008,P0051,142
S008,P0052,434
S008,P0053,291
S008,P0054,67
S008,P0055,430
S008,P0056,278
S008,P0057,138
S008,P0058,409
S008,P0059,490
S008,P0060,263
S008,P0061,85
S008,P0062,309
S008,P0063,295
S008,P0064,219
S008,P0065,140
S008,P0066,256
S008,P0067,294
S008,P0068,323
S008,P0069,336
S008,P0070,441
S008,P0071,329
S008,P0072,260
S008,P0073,409
S008,P0074,448
S008,P0075,467
S008,P0076,316
S008,P0077,389
S008,P0078,67
S008,P0079,73
S008,P0080,71
S008,P0081,235
S008,P0082,152
S008,P0083,239
S008,P0084,206
S008,P0085,258
S008,P0086,275
S008,P0087,148
S008,P0088,138
S008,P0089,290
S008,P0090,325
S008,P0091,398
S008,P0092,225
S008,P0093,71
S008,P0094,81
S008,P0095,122
S008,P0096,185
S008,P0097,486
S008,P0098,71
S008,P0099,181
S008,P0100,241
S008,P0101,388
S008,P0102,358
S008,P0103,284
S008,P0104,252
S008,P0105,127
S008,P0106,153
S008,P0107,419
S008,P0108,246
S008,P0109,323
S008,P0110,92
S008,P0111,206
S008,P0112,386
S008,P0113,265
S008,P0114,335
S008,P0115,76
S008,P0116,257
S008,P0117,245
S008,P0118,51
S008,P0119,350
S008,P0120,239
S008,P0121,170
S008,P0122,108
S008,P0123,493
S008,P0124,57
S008,P0125,185
S008,P0126,272
S008,P0127,497
S008,P0128,55
S008,P0129,140
S008,P0130,250
S008,P0131,350
S008,P0132,333
S008,P0133,158
S008,P0134,460
S008,P0135,61
S008,P0136,492
S008,P0137,103
S008,P0138,355
S008,P0139,474
S008,P0140,339
S008,P0141,479
S008,P0142,130
S008,P0143,265
S008,P0144,387
S008,P0145,220
S008,P0146,366
S008,P0147,384
S008,P0148,339
S008,P0149,316
S008,P0150,173
S008,P0151,370
S008,P0152,346
S008,P0153,150
S008,P0154,482
S008,P0155,430
S008,P0156,51
S008,P0157,142
S008,P0158,96
S008,P0159,474
S008,P0160,490
S008,P0161,378
S008,P0162,407
S008,P0163,411
S008,P0164,373
S008,P0165,206
S008,P0166,446
S008,P0167,83
S008,P0168,449
S008,P0169,382
S008,P0170,119
S008,P0171,393
S008,P0172,404
S008,P0173,451
S008,P0174,135
S008,P0175,265
S008,P0176,251
S008,P0177,479
S008,P0178,100
S008,P0179,493
S008,P0180,300
S008,P0181,439
S008,P0182,55
S008,P0183,406
S008,P0184,78
S008,P0185,87
S008,P0186,230
S008,P0187,228
S008,P0188,165
S008,P0189,366
S008,P0190,300
S008,P0191,140
S008,P0192,398
S008,P0193,479
S008,P0194,190
S008,P0195,334
S008,P0196,117
S008,P0197,195
S008,P0198,449
S008,P0199,114
S008,P0200,276
S008,P0201,423
S008,P0202,50
S008,P0203,370
S008,P0204,350
S008,P0205,285
S008,P0206,310
S008,P0207,374
S008,P0208,425
S008,P0209,294
S008,P0210,312
S008,P0211,270
S008,P0212,258
S008,P0213,256
S008,P0214,381
S008,P0215,91
S008,P0216,306
S008,P0217,359
S008,P0218,216
S008,P0219,315
S008,P0220,344
S008,P0221,407
S008,P0222,420
S008,P0223,451
S008,P0224,302
S008,P0225,154
S008,P0226,145
S008,P0227,68
S008,P0228,265
S008,P0229,298
S008,P0230,198
S008,P0231,106
S008,P0232,55
S008,P0233,144
S008,P0234,211
S008,P0235,491
S008,P0236,139
S008,P0237,353
S008,P0238,467
S008,P0239,306
S008,P0240,305
S008,P0241,298
S008,P0242,300
S008,P0243,401
S008,P0244,480
S008,P0245,478
S008,P0246,488
S008,P0247,495
S008,P0248,339
S008,P0249,161
S008,P0250,335
S008,P0251,50
S008,P0252,454
S008,P0253,230
S008,P0254,246
S008,P0255,142
S008,P0256,148
S008,P0257,229
S008,P0258,320
S008,P0259,361
S008,P0260,366
S008,P0261,158
S008,P0262,279
S008,P0263,491
S008,P0264,258
S008,P0265,124
S008,P0266,76
S008,P0267,445
S008,P0268,252
S008,P0269,175
S008,P0270,455
S008,P0271,413
S008,P0272,146
S008,P0273,265
S008,P0274,221
S008,P0275,78
S008,P0276,59
S008,P0277,244
S008,P0278,91
S008,P0279,218
S008,P0280,493
S008,P0281,161
S008,P0282,254
S008,P0283,132
S008,P0284,415
S008,P0285,238
S008,P0286,301
S008,P0287,196
S008,P0288,376
S008,P0289,362
S008,P0290,463
S008,P0291,271
S008,P0292,119
S008,P0293,289
S008,P0294,232
S008,P0295,448
S008,P0296,143
S008,P0297,353
S008,P0298,52
S008,P0299,201
S008,P0300,366
S008,P0301,107
S008,P0302,282
S008,P0303,402
S008,P0304,93
S008,P0305,73
S008,P0306,485
S008,P0307,236
S008,P0308,376
S008,P0309,85
S008,P0310,340
S008,P0311,410
S008,P0312,350
S008,P0313,473
S008,P0314,109
S008,P0315,238
S008,P0316,75
S008,P0317,394
S008,P0318,98
S008,P0319,271
S008,P0320,498
S008,P0321,130
S008,P0322,368
S008,P0323,404
S008,P0324,281
S008,P0325,217
S008,P0326,51
S008,P0327,164
S008,P0328,439
S008,P0329,422
S008,P0330,376
S008,P0331,268
S008,P0332,297
S008,P0333,460
S008,P0334,53
S008,P0335,76
S008,P0336,131
S008,P0337,348
S008,P0338,284
S008,P0339,432
S008,P0340,136
S008,P0341,134
S008,P0342,135
S008,P0343,86
S008,P0344,86
S008,P0345,328
S008,P0346,443
S008,P0347,446
S008,P0348,74
S008,P0349,69
S008,P0350,235
S008,P0351,234
S008,P0352,287
S008,P0353,225
S008,P0354,286
S008,P0355,59
S008,P0356,132
S008,P0357,199
S008,P0358,482
S008,P0359,490
S008,P0360,224
S008,P0361,158
S008,P0362,466
S008,P0363,108
S008,P0364,237
S008,P0365,258
S008,P0366,410
S008,P0367,208
S008,P0368,315
S008,P0369,495
S008,P0370,423
S008,P0371,279
S008,P0372,241
S008,P0373,160
S008,P0374,229
S008,P0375,266
S008,P0376,157
S008,P0377,347
S008,P0378,329
S008,P0379,190
S008,P0380,317
S008,P0381,434
S008,P0382,362
S008,P0383,110
S008,P0384,252
S008,P0385,51
S008,P0386,304
S008,P0387,432
S008,P0388,290
S008,P0389,138
S008,P0390,89
S008,P0391,294
S008,P0392,365
S008,P0393,100
S008,P0394,362
S008,P0395,137
S008,P0396,377
S008,P0397,199
S008,P0398,433
S008,P0399,329
S008,P0400,491
S008,P0401,450
S008,P0402,128
S008,P0403,227
S008,P0404,110
S008,P0405,449
S008,P0406,392
S008,P0407,370
S008,P0408,159
S008,P0409,443
S008,P0410,294
S008,P0411,63
S008,P0412,143
S008,P0413,312
S008,P0414,318
S008,P0415,160
S008,P0416,121
S008,P0417,409
S008,P0418,223
S008,P0419,269
S008,P0420,207
S008,P0421,500
S008,P0422,54
S008,P0423,452
S008,P0424,181
S008,P0425,424
S008,P0426,351
S008,P0427,470
S008,P0428,216
S008,P0429,181
S008,P0430,217
S008,P0431,295
S008,P0432,299
S008,P0433,123
S008,P0434,174
S008,P0435,431
S008,P0436,109
S008,P0437,467
S008,P0438,486
S008,P0439,323
S008,P0440,489
S008,P0441,239
S008,P0442,419
S008,P0443,478
S008,P0444,55
S008,P0445,304
S008,P0446,323
S008,P0447,332
S008,P0448,441
S008,P0449,426
S008,P0450,487
S008,P0451,234
S008,P0452,196
S008,P0453,222
S008,P0454,150
S008,P0455,457
S008,P0456,174
S008,P0457,350
S008,P0458,187
S008,P0459,90
S008,P0460,487
S008,P0461,103
S008,P0462,181
S008,P0463,446
S008,P0464,436
S008,P0465,313
S008,P0466,108
S008,P0467,381
S008,P0468,79
S008,P0469,423
S008,P0470,306
S008,P0471,436
S008,P0472,138
S008,P0473,86
S008,P0474,62
S008,P0475,435
S008,P0476,63
S008,P0477,378
S008,P0478,122
S008,P0479,439
S008,P0480,121
S008,P0481,327
S008,P0482,329
S008,P0483,115
S008,P0484,83
S008,P0485,164
S008,P0486,353
S008,P0487,106
S008,P0488,222
S008,P0489,197
S008,P0490,163
S008,P0491,57
S008,P0492,167
S008,P0493,114
S008,P0494,380
S008,P0495,360
S008,P0496,226
S008,P0497,379
S008,P0498,118
S008,P0499,232
S008,P0500,479
S009,P0001,96
S009,P0002,211
S009,P0003,151
S009,P0004,488
S009,P0005,298
S009,P0006,312
S009,P0007,121
S009,P0008,74
S009,P0009,90
S009,P0010,71
S009,P0011,390
S009,P0012,410
S009,P0013,193
S009,P0014,86
S009,P0015,52
S009,P0016,363
S009,P0017,474
S009,P0018,66
S009,P0019,468
S009,P0020,174
S009,P0021,428
S009,P0022,51
S009,P0023,268
S009,P0024,351
S009,P0025,73
S009,P0026,265
S009,P0027,172
S009,P0028,119
S009,P0029,268
S009,P0030,110
S009,P0031,109
S009,P0032,398
S009,P0033,50
S009,P0034,209
S009,P0035,472
S009,P0036,59
S009,P0037,397
S009,P0038,80
S009,P0039,472
S009,P0040,130
S009,P0041,491
S009,P0042,417
S009,P0043,341
S009,P0044,451
S009,P0045,232
S009,P0046,209
S009,P0047,389
S009,P0048,362
S009,P0049,174
S009,P0050,217
S009,P0051,406
S009,P0052,214
S009,P0053,304
S009,P0054,299
S009,P0055,304
S009,P0056,423
S009,P0057,328
S009,P0058,139
S009,P0059,239
S009,P0060,325
S009,P0061,454
S009,P0062,329
S009,P0063,138
S009,P0064,492
S009,P0065,237
S009,P0066,123
S009,P0067,486
S009,P0068,252
S009,P0069,83
S009,P0070,293
S009,P0071,189
S009,P0072,296
S009,P0073,189
S009,P0074,146
S009,P0075,262
S009,P0076,255
S009,P0077,191
S009,P0078,186
S009,P0079,363
S009,P0080,398
S009,P0081,346
S009,P0082,86
S009,P0083,245
S009,P0084,450
S009,P0085,308
S009,P0086,486
S009,P0087,273
S009,P0088,466
S009,P0089,182
S009,P0090,243
S009,P0091,429
S009,P0092,168
S009,P0093,349
S009,P0094,334
S009,P0095,194
S009,P0096,300
S009,P0097,471
S009,P0098,420
S009,P0099,290
S009,P0100,250
S009,P0101,111
S009,P0102,395
S009,P0103,59
S009,P0104,272
S009,P0105,73
S009,P0106,181
S009,P0107,310
S009,P0108,404
S009,P0109,173
S009,P0110,246
S009,P0111,364
S009,P0112,452
S009,P0113,424
S009,P0114,326
S009,P0115,413
S009,P0116,456
S009,P0117,276
S009,P0118,396
S009,P0119,400
S009,P0120,60
S009,P0121,159
S009,P0122,228
S009,P0123,238
S009,P0124,466
S009,P0125,165
S009,P0126,267
S009,P0127,480
S009,P0128,107
S009,P0129,384
S009,P0130,107
S009,P0131,138
S009,P0132,461
S009,P0133,90
S009,P0134,200
S009,P0135,235
S009,P0136,394
S009,P0137,395
S009,P0138,257
S009,P0139,259
S009,P0140,286
S009,P0141,275
S009,P0142,433
S009,P0143,392
S009,P0144,380
S009,P0145,257
S009,P0146,73
S009,P0147,449
S009,P0148,72
S009,P0149,361
S009,P0150,178
S009,P0151,285
S009,P0152,291
S009,P0153,281
S009,P0154,148
S009,P0155,137
S009,P0156,496
S009,P0157,69
S009,P0158,305
S009,P0159,226
S009,P0160,267
S009,P0161,202
S009,P0162,189
S009,P0163,376
S009,P0164,406
S009,P0165,333
S009,P0166,387
S009,P0167,216
S009,P0168,402
S009,P0169,264
S009,P0170,499
S009,P0171,281
S009,P0172,442
S009,P0173,451
S009,P0174,358
S009,P0175,155
S009,P0176,210
S009,P0177,481
S009,P0178,407
S009,P0179,129
S009,P0180,282
S009,P0181,307
S009,P0182,281
S009,P0183,53
S009,P0184,169
S009,P0185,258
S009,P0186,265
S009,P0187,455
S009,P0188,242
S009,P0189,368
S009,P0190,461
S009,P0191,111
S009,P0192,484
S009,P0193,95
S009,P0194,356
S009,P0195,175
S009,P0196,467
S009,P0197,202
S009,P0198,421
S009,P0199,52
S009,P0200,263
S009,P0201,129
S009,P0202,368
S009,P0203,308
S009,P0204,275
S009,P0205,258
S009,P0206,498
S009,P0207,248
S009,P0208,89
S009,P0209,176
S009,P0210,80
S009,P0211,319
S009,P0212,258
S009,P0213,494
S009,P0214,100
S009,P0215,392
S009,P0216,126
S009,P0217,244
S009,P0218,261
S009,P0219,273
S009,P0220,388
S009,P0221,485
S009,P0222,449
S009,P0223,500
S009,P0224,478
S009,P0225,95
S009,P0226,145
S009,P0227,160
S009,P0228,475
S009,P0229,256
S009,P0230,245
S009,P0231,303
S009,P0232,440
S009,P0233,130
S009,P0234,293
S009,P0235,213
S009,P0236,340
S009,P0237,371
S009,P0238,141
S009,P0239,465
S009,P0240,275
S009,P0241,431
S009,P0242,357
S009,P0243,181
S009,P0244,189
S009,P0245,104
S009,P0246,202
S009,P0247,209
S009,P0248,474
S009,P0249,81
S009,P0250,159
S009,P0251,487
S009,P0252,337
S009,P0253,375
S009,P0254,434
S009,P0255,167
S009,P0256,222
S009,P0257,105
S009,P0258,396
S009,P0259,487
S009,P0260,103
S009,P0261,126
S009,P0262,479
S009,P0263,63
S009,P0264,244
S009,P0265,350
S009,P0266,126
S009,P0267,118
S009,P0268,364
S009,P0269,274
S009,P0270,144
S009,P0271,488
S009,P0272,459
S009,P0273,396
S009,P0274,396
S009,P0275,118
S009,P0276,249
S009,P0277,336
S009,P0278,337
S009,P0279,445
S009,P0280,352
S009,P0281,349
S009,P0282,325
S009,P0283,128
S009,P0284,473
S009,P0285,126
S009,P0286,247
S009,P0287,155
S009,P0288,71
S009,P0289,160
S009,P0290,341
S009,P0291,109
S009,P0292,345
S009,P0293,365
S009,P0294,307
S009,P0295,326
S009,P0296,158
S009,P0297,480
S009,P0298,252
S009,P0299,339
S009,P0300,443
S009,P0301,456
S009,P0302,497
S009,P0303,210
S009,P0304,486
S009,P0305,405
S009,P0306,390
S009,P0307,288
S009,P0308,412
S009,P0309,73
S009,P0310,203
S009,P0311,367
S009,P0312,235
S009,P0313,57
S009,P0314,181
S009,P0315,292
S009,P0316,460
S009,P0317,492
S009,P0318,93
S009,P0319,168
S009,P0320,91
S009,P0321,206
S009,P0322,343
S009,P0323,98
S009,P0324,299
S009,P0325,199
S009,P0326,256
S009,P0327,195
S009,P0328,272
S009,P0329,311
S009,P0330,152
S009,P0331,498
S009,P0332,324
S009,P0333,90
S009,P0334,499
S009,P0335,179
S009,P0336,161
S009,P0337,57
S009,P0338,476
S009,P0339,163
S009,P0340,339
S009,P0341,125
S009,P0342,352
S009,P0343,83
S009,P0344,460
S009,P0345,239
S009,P0346,126
S009,P0347,449
S009,P0348,159
S009,P0349,116
S009,P0350,244
S009,P0351,232
S009,P0352,406
S009,P0353,443
S009,P0354,77
S009,P0355,360
S009,P0356,465
S009,P0357,178
S009,P0358,199
S009,P0359,411
S009,P0360,235
S009,P0361,87
S009,P0362,69
S009,P0363,180
S009,P0364,304
S009,P0365,191
S009,P0366,345
S009,P0367,274
S009,P0368,292
S009,P0369,354
S009,P0370,339
S009,P0371,294
S009,P0372,146
S009,P0373,59
S009,P0374,163
S009,P0375,430
S009,P0376,294
S009,P0377,139
S009,P0378,181
S009,P0379,240
S009,P0380,461
S009,P0381,198
S009,P0382,254
S009,P0383,345
S009,P0384,210
S009,P0385,312
S009,P0386,204
S009,P0387,157
S009,P0388,110
S009,P0389,406
S009,P0390,457
S009,P0391,204
S009,P0392,88
S009,P0393,481
S009,P0394,161
S009,P0395,67
S009,P0396,420
S009,P0397,310
S009,P0398,244
S009,P0399,305
S009,P0400,276
S009,P0401,349
S009,P0402,403
S009,P0403,291
S009,P0404,429
S009,P0405,240
S009,P0406,121
S009,P0407,92
S009,P0408,432
S009,P0409,62
S009,P0410,239
S009,P0411,486
S009,P0412,325
S009,P0413,207
S009,P0414,147
S009,P0415,423
S009,P0416,409
S009,P0417,121
S009,P0418,423
S009,P0419,244
S009,P0420,483
S009,P0421,60
S009,P0422,391
S009,P0423,186
S009,P0424,140
S009,P0425,206
S009,P0426,303
S009,P0427,307
S009,P0428,75
S009,P0429,464
S009,P0430,247
S009,P0431,196
S009,P0432,280
S009,P0433,89
S009,P0434,198
S009,P0435,477
S009,P0436,191
S009,P0437,450
S009,P0438,194
S009,P0439,145
S009,P0440,302
S009,P0441,456
S009,P0442,464
S009,P0443,53
S009,P0444,176
S009,P0445,89
S009,P0446,284
S009,P0447,252
S009,P0448,372
S009,P0449,287
S009,P0450,202
S009,P0451,487
S009,P0452,115
S009,P0453,326
S009,P0454,285
S009,P0455,390
S009,P0456,80
S009,P0457,72
S009,P0458,224
S009,P0459,133
S009,P0460,227
S009,P0461,163
S009,P0462,430
S009,P0463,471
S009,P0464,466
S009,P0465,323
S009,P0466,355
S009,P0467,430
S009,P0468,91
S009,P0469,342
S009,P0470,365
S009,P0471,129
S009,P0472,447
S009,P0473,446
S009,P0474,453
S009,P0475,89
S009,P0476,463
S009,P0477,363
S009,P0478,473
S009,P0479,344
S009,P0480,72
S009,P0481,334
S009,P0482,139
S009,P0483,81
S009,P0484,243
S009,P0485,116
S009,P0486,185
S009,P0487,71
S009,P0488,88
S009,P0489,412
S009,P0490,208
S009,P0491,240
S009,P0492,374
S009,P0493,105
S009,P0494,209
S009,P0495,212
S009,P0496,377
S009,P0497,384
S009,P0498,372
S009,P0499,192
S009,P0500,368
S010,P0001,261
S010,P0002,418
S010,P0003,53
S010,P0004,91
S010,P0005,229
S010,P0006,479
S010,P0007,76
S010,P0008,269
S010,P0009,325
S010,P0010,359
S010,P0011,453
S010,P0012,256
S010,P0013,185
S010,P0014,360
S010,P0015,452
S010,P0016,356
S010,P0017,216
S010,P0018,492
S010,P0019,419
S010,P0020,70
S010,P0021,104
S010,P0022,422
S010,P0023,245
S010,P0024,312
S010,P0025,199
S010,P0026,60
S010,P0027,462
S010,P0028,494
S010,P0029,373
S010,P0030,246
S010,P0031,227
S010,P0032,199
S010,P0033,415
S010,P0034,330
S010,P0035,486
S010,P0036,175
S010,P0037,303
S010,P0038,129
S010,P0039,79
S010,P0040,422
S010,P0041,89
S010,P0042,170
S010,P0043,416
S010,P0044,222
S010,P0045,239
S010,P0046,85
S010,P0047,340
S010,P0048,134
S010,P0049,406
S010,P0050,153
S010,P0051,208
S010,P0052,189
S010,P0053,176
S010,P0054,487
S010,P0055,492
S010,P0056,193
S010,P0057,63
S010,P0058,56
S010,P0059,157
S010,P0060,457
S010,P0061,356
S010,P0062,406
S010,P0063,246
S010,P0064,375
S010,P0065,146
S010,P0066,161
S010,P0067,379
S010,P0068,138
S010,P0069,134
S010,P0070,347
S010,P0071,247
S010,P0072,373
S010,P0073,86
S010,P0074,385
S010,P0075,416
S010,P0076,337
S010,P0077,349
S010,P0078,361
S010,P0079,101
S010,P0080,219
S010,P0081,192
S010,P0082,460
S010,P0083,486
S010,P0084,201
S010,P0085,250
S010,P0086,294
S010,P0087,459
S010,P0088,156
S010,P0089,201
S010,P0090,361
S010,P0091,498
S010,P0092,276
S010,P0093,310
S010,P0094,383
S010,P0095,432
S010,P0096,67
S010,P0097,180
S010,P0098,256
S010,P0099,240
S010,P0100,385
S010,P0101,443
S010,P0102,461
S010,P0103,272
S010,P0104,289
S010,P0105,87
S010,P0106,212
S010,P0107,129
S010,P0108,337
S010,P0109,247
S010,P0110,376
S010,P0111,487
S010,P0112,99
S010,P0113,96
S010,P0114,439
S010,P0115,118
S010,P0116,95
S010,P0117,249
S010,P0118,416
S010,P0119,337
S010,P0120,287
S010,P0121,128
S010,P0122,302
S010,P0123,257
S010,P0124,381
S010,P0125,184
S010,P0126,156
S010,P0127,71
S010,P0128,364
S010,P0129,119
S010,P0130,102
S010,P0131,171
S010,P0132,98
S010,P0133,288
S010,P0134,467
S010,P0135,411
S010,P0136,431
S010,P0137,358
S010,P0138,342
S010,P0139,224
S010,P0140,353
S010,P0141,263
S010,P0142,230
S010,P0143,136
S010,P0144,112
S010,P0145,460
S010,P0146,234
S010,P0147,409
S010,P0148,369
S010,P0149,347
S010,P0150,312
S010,P0151,444
S010,P0152,250
S010,P0153,183
S010,P0154,109
S010,P0155,243
S010,P0156,444
S010,P0157,328
S010,P0158,240
S010,P0159,316
S010,P0160,340
S010,P0161,78
S010,P0162,74
S010,P0163,123
S010,P0164,381
S010,P0165,332
S010,P0166,467
S010,P0167,480
S010,P0168,150
S010,P0169,470
S010,P0170,326
S010,P0171,411
S010,P0172,320
S010,P0173,478
S010,P0174,72
S010,P0175,231
S010,P0176,205
S010,P0177,334
S010,P0178,221
S010,P0179,363
S010,P0180,152
S010,P0181,206
S010,P0182,63
S010,P0183,99
S010,P0184,470
S010,P0185,77
S010,P0186,241
S010,P0187,170
S010,P0188,310
S010,P0189,199
S010,P0190,109
S010,P0191,146
S010,P0192,94
S010,P0193,402
S010,P0194,263
S010,P0195,485
S010,P0196,186
S010,P0197,432
S010,P0198,499
S010,P0199,398
S010,P0200,458
S010,P0201,467
S010,P0202,210
S010,P0203,370
S010,P0204,357
S010,P0205,386
S010,P0206,120
S010,P0207,261
S010,P0208,307
S010,P0209,292
S010,P0210,120
S010,P0211,202
S010,P0212,259
S010,P0213,302
S010,P0214,77
S010,P0215,94
S010,P0216,469
S010,P0217,181
S010,P0218,335
S010,P0219,265
S010,P0220,146
S010,P0221,98
S010,P0222,301
S010,P0223,366
S010,P0224,484
S010,P0225,205
S010,P0226,464
S010,P0227,134
S010,P0228,123
S010,P0229,215
S010,P0230,220
S010,P0231,90
S010,P0232,168
S010,P0233,377
S010,P0234,282
S010,P0235,138
S010,P0236,213
S010,P0237,334
S010,P0238,409
S010,P0239,397
S010,P0240,445
S010,P0241,478
S010,P0242,137
S010,P0243,311
S010,P0244,362
S010,P0245,119
S010,P0246,266
S010,P0247,486
S010,P0248,133
S010,P0249,114
S010,P0250,182
S010,P0251,493
S010,P0252,415
S010,P0253,350
S010,P0254,340
S010,P0255,492
S010,P0256,140
S010,P0257,102
S010,P0258,403
S010,P0259,458
S010,P0260,425
S010,P0261,358
S010,P0262,357
S010,P0263,427
S010,P0264,458
S010,P0265,330
S010,P0266,357
S010,P0267,445
S010,P0268,60
S010,P0269,320
S010,P0270,498
S010,P0271,474
S010,P0272,115
S010,P0273,457
S010,P0274,466
S010,P0275,188
S010,P0276,157
S010,P0277,123
S010,P0278,272
S010,P0279,467
S010,P0280,340
S010,P0281,337
S010,P0282,239
S010,P0283,297
S010,P0284,380
S010,P0285,289
S010,P0286,118
S010,P0287,114
S010,P0288,429
S010,P0289,288
S010,P0290,65
S010,P0291,290
S010,P0292,459
S010,P0293,263
S010,P0294,455
S010,P0295,228
S010,P0296,78
S010,P0297,414
S010,P0298,251
S010,P0299,307
S010,P0300,56
S010,P0301,252
S010,P0302,462
S010,P0303,90
S010,P0304,444
S010,P0305,373
S010,P0306,383
S010,P0307,56
S010,P0308,341
S010,P0309,127
S010,P0310,114
S010,P0311,100
S010,P0312,456
S010,P0313,417
S010,P0314,496
S010,P0315,457
S010,P0316,409
S010,P0317,92
S010,P0318,396
S010,P0319,477
S010,P0320,58
S010,P0321,101
S010,P0322,91
S010,P0323,427
S010,P0324,199
S010,P0325,377
S010,P0326,286
S010,P0327,280
S010,P0328,207
S010,P0329,204
S010,P0330,473
S010,P0331,131
S010,P0332,462
S010,P0333,135
S010,P0334,74
S010,P0335,80
S010,P0336,323
S010,P0337,115
S010,P0338,52
S010,P0339,238
S010,P0340,320
S010,P0341,61
S010,P0342,218
S010,P0343,53
S010,P0344,164
S010,P0345,109
S010,P0346,54
S010,P0347,290
S010,P0348,437
S010,P0349,494
S010,P0350,208
S010,P0351,209
S010,P0352,161
S010,P0353,250
S010,P0354,54
S010,P0355,219
S010,P0356,397
S010,P0357,72
S010,P0358,358
S010,P0359,406
S010,P0360,373
S010,P0361,179
S010,P0362,431
S010,P0363,156
S010,P0364,80
S010,P0365,183
S010,P0366,293
S010,P0367,450
S010,P0368,364
S010,P0369,222
S010,P0370,306
S010,P0371,354
S010,P0372,498
S010,P0373,69
S010,P0374,469
S010,P0375,485
S010,P0376,449
S010,P0377,439
S010,P0378,166
S010,P0379,316
S010,P0380,183
S010,P0381,79
S010,P0382,77
S010,P0383,181
S010,P0384,52
S010,P0385,292
S010,P0386,68
S010,P0387,295
S010,P0388,102
S010,P0389,397
S010,P0390,371
S010,P0391,470
S010,P0392,170
S010,P0393,192
S010,P0394,56
S010,P0395,250
S010,P0396,245
S010,P0397,259
S010,P0398,238
S010,P0399,484
S010,P0400,308
S010,P0401,180
S010,P0402,56
S010,P0403,196
S010,P0404,192
S010,P0405,271
S010,P0406,351
S010,P0407,494
S010,P0408,230
S010,P0409,323
S010,P0410,101
S010,P0411,230
S010,P0412,154
S010,P0413,344
S010,P0414,300
S010,P0415,175
S010,P0416,474
S010,P0417,158
S010,P0418,275
S010,P0419,447
S010,P0420,497
S010,P0421,307
S010,P0422,306
S010,P0423,194
S010,P0424,299
S010,P0425,495
S010,P0426,199
S010,P0427,495
S010,P0428,196
S010,P0429,370
S010,P0430,307
S010,P0431,143
S010,P0432,430
S010,P0433,147
S010,P0434,378
S010,P0435,203
S010,P0436,368
S010,P0437,192
S010,P0438,286
S010,P0439,181
S010,P0440,375
S010,P0441,358
S010,P0442,110
S010,P0443,95
S010,P0444,252
S010,P0445,318
S010,P0446,209
S010,P0447,154
S010,P0448,110
S010,P0449,464
S010,P0450,236
S010,P0451,496
S010,P0452,423
S010,P0453,393
S010,P0454,466
S010,P0455,190
S010,P0456,361
S010,P0457,142
S010,P0458,388
S010,P0459,56
S010,P0460,488
S010,P0461,55
S010,P0462,314
S010,P0463,103
S010,P0464,414
S010,P0465,226
S010,P0466,389
S010,P0467,214
S010,P0468,177
S010,P0469,476
S010,P0470,360
S010,P0471,418
S010,P0472,478
S010,P0473,215
S010,P0474,99
S010,P0475,190
S010,P0476,251
S010,P0477,111
S010,P0478,492
S010,P0479,249
S010,P0480,204
S010,P0481,396
S010,P0482,320
S010,P0483,487
S010,P0484,227
S010,P0485,229
S010,P0486,293
S010,P0487,431
S010,P0488,338
S010,P0489,200
S010,P0490,344
S010,P0491,53
S010,P0492,414
S010,P0493,50
S010,P0494,338
S010,P0495,215
S010,P0496,497
S010,P0497,421
S010,P0498,271
S010,P0499,486
S010,P0500,498
S011,P0001,181
S011,P0002,70
S011,P0003,156
S011,P0004,299
S011,P0005,58
S011,P0006,115
S011,P0007,51
S011,P0008,148
S011,P0009,408
S011,P0010,238
S011,P0011,485
S011,P0012,343
S011,P0013,177
S011,P0014,162
S011,P0015,214
S011,P0016,67
S011,P0017,146
S011,P0018,152
S011,P0019,66
S011,P0020,336
S011,P0021,451
S011,P0022,69
S011,P0023,66
S011,P0024,324
S011,P0025,58
S011,P0026,232
S011,P0027,422
S011,P0028,446
S011,P0029,376
S011,P0030,158
S011,P0031,311
S011,P0032,99
S011,P0033,305
S011,P0034,475
S011,P0035,286
S011,P0036,233
S011,P0037,82
S011,P0038,274
S011,P0039,132
S011,P0040,340
S011,P0041,445
S011,P0042,337
S011,P0043,404
S011,P0044,102
S011,P0045,197
S011,P0046,193
S011,P0047,278
S011,P0048,57
S011,P0049,157
S011,P0050,340
S011,P0051,276
S011,P0052,182
S011,P0053,213
S011,P0054,154
S011,P0055,269
S011,P0056,474
S011,P0057,485
S011,P0058,146
S011,P0059,261
S011,P0060,181
S011,P0061,233
S011,P0062,95
S011,P0063,440
S011,P0064,108
S011,P0065,402
S011,P0066,476
S011,P0067,212
S011,P0068,444
S011,P0069,136
S011,P0070,195
S011,P0071,381
S011,P0072,367
S011,P0073,52
S011,P0074,377
S011,P0075,409
S011,P0076,153
S011,P0077,348
S011,P0078,409
S011,P0079,161
S011,P0080,332
S011,P0081,164
S011,P0082,152
S011,P0083,185
S011,P0084,261
S011,P0085,61
S011,P0086,92
S011,P0087,378
S011,P0088,185
S011,P0089,90
S011,P0090,145
S011,P0091,178
S011,P0092,60
S011,P0093,412
S011,P0094,318
S011,P0095,246
S011,P0096,427
S011,P0097,332
S011,P0098,245
S011,P0099,264
S011,P0100,433
S011,P0101,52
S011,P0102,129
S011,P0103,469
S011,P0104,336
S011,P0105,372
S011,P0106,293
S011,P0107,375
S011,P0108,440
S011,P0109,282
S011,P0110,236
S011,P0111,311
S011,P0112,457
S011,P0113,208
S011,P0114,186
S011,P0115,128
S011,P0116,99
S011,P0117,354
S011,P0118,479
S011,P0119,338
S011,P0120,435
S011,P0121,443
S011,P0122,356
S011,P0123,458
S011,P0124,399
S011,P0125,473
S011,P0126,77
S011,P0127,402
S011,P0128,433
S011,P0129,97
S011,P0130,132
S011,P0131,329
S011,P0132,335
S011,P0133,260
S011,P0134,406
S011,P0135,363
S011,P0136,89
S011,P0137,433
S011,P0138,304
S011,P0139,401
S011,P0140,176
S011,P0141,438
S011,P0142,87
S011,P0143,452
S011,P0144,132
S011,P0145,295
S011,P0146,66
S011,P0147,409
S011,P0148,346
S011,P0149,327
S011,P0150,99
S011,P0151,450
S011,P0152,285
S011,P0153,93
S011,P0154,120
S011,P0155,192
S011,P0156,143
S011,P0157,217
S011,P0158,125
S011,P0159,495
S011,P0160,482
S011,P0161,279
S011,P0162,349
S011,P0163,141
S011,P0164,296
S011,P0165,292
S011,P0166,190
S011,P0167,310
S011,P0168,491
S011,P0169,86
S011,P0170,286
S011,P0171,485
S011,P0172,59
S011,P0173,426
S011,P0174,303
S011,P0175,415
S011,P0176,487
S011,P0177,441
S011,P0178,461
S011,P0179,346
S011,P0180,362
S011,P0181,110
S011,P0182,431
S011,P0183,347
S011,P0184,265
S011,P0185,450
S011,P0186,233
S011,P0187,103
S011,P0188,188
S011,P0189,272
S011,P0190,303
S011,P0191,476
S011,P0192,172
S011,P0193,248
S011,P0194,73
S011,P0195,210
S011,P0196,103
S011,P0197,111
S011,P0198,455
S011,P0199,53
S011,P0200,96
S011,P0201,118
S011,P0202,415
S011,P0203,457
S011,P0204,333
S011,P0205,487
S011,P0206,72
S011,P0207,181
S011,P0208,360
S011,P0209,328
S011,P0210,427
S011,P0211,309
S011,P0212,459
S011,P0213,333
S011,P0214,180
S011,P0215,68
S011,P0216,141
S011,P0217,235
S011,P0218,180
S011,P0219,360
S011,P0220,400
S011,P0221,479
S011,P0222,53
S011,P0223,201
S011,P0224,358
S011,P0225,258
S011,P0226,428
S011,P0227,157
S011,P0228,131
S011,P0229,200
S011,P0230,240
S011,P0231,225
S011,P0232,189
S011,P0233,140
S011,P0234,90
S011,P0235,118
S011,P0236,469
S011,P0237,352
S011,P0238,349
S011,P0239,140
S011,P0240,105
S011,P0241,69
S011,P0242,64
S011,P0243,330
S011,P0244,309
S011,P0245,255
S011,P0246,474
S011,P0247,276
S011,P0248,137
S011,P0249,148
S011,P0250,137
S011,P0251,277
S011,P0252,334
S011,P0253,485
S011,P0254,390
S011,P0255,145
S011,P0256,440
S011,P0257,224
S011,P0258,297
S011,P0259,55
S011,P0260,456
S011,P0261,408
S011,P0262,176
S011,P0263,443
S011,P0264,266
S011,P0265,345
S011,P0266,138
S011,P0267,355
S011,P0268,195
S011,P0269,67
S011,P0270,382
S011,P0271,194
S011,P0272,53
S011,P0273,269
S011,P0274,81
S011,P0275,357
S011,P0276,418
S011,P0277,497
S011,P0278,57
S011,P0279,143
S011,P0280,401
S011,P0281,157
S011,P0282,219
S011,P0283,162
S011,P0284,105
S011,P0285,195
S011,P0286,233
S011,P0287,178
S011,P0288,310
S011,P0289,115
S011,P0290,471
S011,P0291,495
S011,P0292,314
S011,P0293,458
S011,P0294,61
S011,P0295,152
S011,P0296,346
S011,P0297,131
S011,P0298,132
S011,P0299,65
S011,P0300,461
S011,P0301,307
S011,P0302,377
S011,P0303,245
S011,P0304,467
S011,P0305,338
S011,P0306,450
S011,P0307,113
S011,P0308,411
S011,P0309,352
S011,P0310,228
S011,P0311,397
S011,P0312,244
S011,P0313,200
S011,P0314,470
S011,P0315,66
S011,P0316,320
S011,P0317,112
S011,P0318,187
S011,P0319,488
S011,P0320,82
S011,P0321,344
S011,P0322,278
S011,P0323,84
S011,P0324,448
S011,P0325,332
S011,P0326,145
S011,P0327,64
S011,P0328,312
S011,P0329,427
S011,P0330,60
S011,P0331,500
S011,P0332,338
S011,P0333,61
S011,P0334,340
S011,P0335,494
S011,P0336,374
S011,P0337,239
S011,P0338,403
S011,P0339,486
S011,P0340,292
S011,P0341,403
S011,P0342,200
S011,P0343,143
S011,P0344,484
S011,P0345,393
S011,P0346,476
S011,P0347,144
S011,P0348,433
S011,P0349,430
S011,P0350,234
S011,P0351,120
S011,P0352,388
S011,P0353,305
S011,P0354,225
S011,P0355,131
S011,P0356,260
S011,P0357,391
S011,P0358,443
S011,P0359,71
S011,P0360,228
S011,P0361,271
S011,P0362,64
S011,P0363,92
S011,P0364,354
S011,P0365,262
S011,P0366,55
S011,P0367,287
S011,P0368,413
S011,P0369,424
S011,P0370,230
S011,P0371,326
S011,P0372,76
S011,P0373,379
S011,P0374,261
S011,P0375,128
S011,P0376,189
S011,P0377,456
S011,P0378,105
S011,P0379,53
S011,P0380,203
S011,P0381,130
S011,P0382,325
S011,P0383,271
S011,P0384,453
S011,P0385,287
S011,P0386,195
S011,P0387,386
S011,P0388,250
S011,P0389,149
S011,P0390,168
S011,P0391,243
S011,P0392,305
S011,P0393,311
S011,P0394,268
S011,P0395,379
S011,P0396,252
S011,P0397,474
S011,P0398,184
S011,P0399,215
S011,P0400,437
S011,P0401,467
S011,P0402,193
S011,P0403,261
S011,P0404,341
S011,P0405,316
S011,P0406,126
S011,P0407,458
S011,P0408,244
S011,P0409,381
S011,P0410,363
S011,P0411,294
S011,P0412,483
S011,P0413,340
S011,P0414,284
S011,P0415,330
S011,P0416,208
S011,P0417,421
S011,P0418,113
S011,P0419,393
S011,P0420,248
S011,P0421,471
S011,P0422,88
S011,P0423,230
S011,P0424,246
S011,P0425,416
S011,P0426,419
S011,P0427,460
S011,P0428,359
S011,P0429,408
S011,P0430,184
S011,P0431,378
S011,P0432,341
S011,P0433,373
S011,P0434,408
S011,P0435,141
S011,P0436,200
S011,P0437,337
S011,P0438,461
S011,P0439,499
S011,P0440,183
S011,P0441,383
S011,P0442,432
S011,P0443,479
S011,P0444,88
S011,P0445,175
S011,P0446,122
S011,P0447,269
S011,P0448,476
S011,P0449,144
S011,P0450,330
S011,P0451,425
S011,P0452,221
S011,P0453,258
S011,P0454,349
S011,P0455,150
S011,P0456,206
S011,P0457,208
S011,P0458,76
S011,P0459,239
S011,P0460,200
S011,P0461,240
S011,P0462,352
S011,P0463,336
S011,P0464,487
S011,P0465,327
S011,P0466,59
S011,P0467,149
S011,P0468,191
S011,P0469,408
S011,P0470,167
S011,P0471,467
S011,P0472,51
S011,P0473,162
S011,P0474,482
S011,P0475,333
S011,P0476,216
S011,P0477,410
S011,P0478,244
S011,P0479,63
S011,P0480,414
S011,P0481,68
S011,P0482,398
S011,P0483,126
S011,P0484,207
S011,P0485,72
S011,P0486,54
S011,P0487,370
S011,P0488,443
S011,P0489,176
S011,P0490,323
S011,P0491,299
S011,P0492,112
S011,P0493,444
S011,P0494,300
S011,P0495,238
S011,P0496,473
S011,P0497,202
S011,P0498,416
S011,P0499,199
S011,P0500,164
S012,P0001,266
S012,P0002,107
S012,P0003,144
S012,P0004,129
S012,P0005,491
S012,P0006,469
S012,P0007,402
S012,P0008,269
S012,P0009,64
S012,P0010,482
S012,P0011,422
S012,P0012,64
S012,P0013,92
S012,P0014,103
S012,P0015,180
S012,P0016,350
S012,P0017,426
S012,P0018,82
S012,P0019,193
S012,P0020,139
S012,P0021,414
S012,P0022,337
S012,P0023,306
S012,P0024,466
S012,P0025,122
S012,P0026,313
S012,P0027,187
S012,P0028,222
S012,P0029,176
S012,P0030,160
S012,P0031,493
S012,P0032,308
S012,P0033,214
S012,P0034,164
S012,P0035,89
S012,P0036,298
S012,P0037,241
S012,P0038,158
S012,P0039,77
S012,P0040,330
S012,P0041,408
S012,P0042,244
S012,P0043,59
S012,P0044,419
S012,P0045,128
S012,P0046,459
S012,P0047,85
S012,P0048,334
S012,P0049,448
S012,P0050,252
S012,P0051,169
S012,P0052,473
S012,P0053,232
S012,P0054,125
S012,P0055,268
S012,P0056,392
S012,P0057,153
S012,P0058,395
S012,P0059,399
S012,P0060,498
S012,P0061,453
S012,P0062,258
S012,P0063,70
S012,P0064,197
S012,P0065,434
S012,P0066,297
S012,P0067,255
S012,P0068,146
S012,P0069,196
S012,P0070,263
S012,P0071,134
S012,P0072,385
S012,P0073,377
S012,P0074,53
S012,P0075,194
S012,P0076,468
S012,P0077,209
S012,P0078,397
S012,P0079,235
S012,P0080,385
S012,P0081,109
S012,P0082,233
S012,P0083,121
S012,P0084,453
S012,P0085,372
S012,P0086,173
S012,P0087,128
S012,P0088,97
S012,P0089,207
S012,P0090,417
S012,P0091,96
S012,P0092,156
S012,P0093,259
S012,P0094,429
S012,P0095,270
S012,P0096,213
S012,P0097,143
S012,P0098,100
S012,P0099,107
S012,P0100,336
S012,P0101,50
S012,P0102,400
S012,P0103,500
S012,P0104,450
S012,P0105,226
S012,P0106,316
S012,P0107,165
S012,P0108,128
S012,P0109,386
S012,P0110,92
S012,P0111,177
S012,P0112,370
S012,P0113,277
S012,P0114,85
S012,P0115,192
S012,P0116,456
S012,P0117,135
S012,P0118,95
S012,P0119,438
S012,P0120,445
S012,P0121,90
S012,P0122,355
S012,P0123,436
S012,P0124,469
S012,P0125,223
S012,P0126,264
S012,P0127,191
S012,P0128,225
S012,P0129,435
S012,P0130,491
S012,P0131,472
S012,P0132,337
S012,P0133,329
S012,P0134,438
S012,P0135,284
S012,P0136,224
S012,P0137,171
S012,P0138,350
S012,P0139,368
S012,P0140,302
S012,P0141,147
S012,P0142,497
S012,P0143,99
S012,P0144,211
S012,P0145,317
S012,P0146,450
S012,P0147,393
S012,P0148,313
S012,P0149,315
S012,P0150,173
S012,P0151,268
S012,P0152,56
S012,P0153,331
S012,P0154,228
S012,P0155,228
S012,P0156,121
S012,P0157,145
S012,P0158,476
S012,P0159,432
S012,P0160,81
S012,P0161,255
S012,P0162,90
S012,P0163,97
S012,P0164,423
S012,P0165,150
S012,P0166,440
S012,P0167,256
S012,P0168,371
S012,P0169,282
S012,P0170,289
S012,P0171,142
S012,P0172,448
S012,P0173,139
S012,P0174,133
S012,P0175,238
S012,P0176,51
S012,P0177,119
S012,P0178,190
S012,P0179,263
S012,P0180,146
S012,P0181,419
S012,P0182,72
S012,P0183,71
S012,P0184,458
S012,P0185,190
S012,P0186,473
S012,P0187,376
S012,P0188,251
S012,P0189,443
S012,P0190,301
S012,P0191,441
S012,P0192,443
S012,P0193,118
S012,P0194,356
S012,P0195,249
S012,P0196,138
S012,P0197,475
S012,P0198,340
S012,P0199,452
S012,P0200,102
S012,P0201,128
S012,P0202,333
S012,P0203,450
S012,P0204,167
S012,P0205,101
S012,P0206,190
S012,P0207,101
S012,P0208,86
S012,P0209,401
S012,P0210,219
S012,P0211,246
S012,P0212,200
S012,P0213,177
S012,P0214,354
S012,P0215,267
S012,P0216,491
S012,P0217,311
S012,P0218,133
S012,P0219,272
S012,P0220,200
S012,P0221,354
S012,P0222,489
S012,P0223,259
S012,P0224,407
S012,P0225,277
S012,P0226,156
S012,P0227,130
S012,P0228,367
S012,P0229,52
S012,P0230,185
S012,P0231,488
S012,P0232,365
S012,P0233,474
S012,P0234,223
S012,P0235,451
S012,P0236,63
S012,P0237,223
S012,P0238,396
S012,P0239,221
S012,P0240,117
S012,P0241,444
S012,P0242,158
S012,P0243,52
S012,P0244,168
S012,P0245,260
S012,P0246,299
S012,P0247,83
S012,P0248,351
S012,P0249,218
S012,P0250,404
S012,P0251,222
S012,P0252,382
S012,P0253,346
S012,P0254,70
S012,P0255,297
S012,P0256,303
S012,P0257,135
S012,P0258,414
S012,P0259,218
S012,P0260,392
S012,P0261,239
S012,P0262,107
S012,P0263,497
S012,P0264,403
S012,P0265,427
S012,P0266,260
S012,P0267,493
S012,P0268,234
S012,P0269,198
S012,P0270,399
S012,P0271,498
S012,P0272,142
S012,P0273,97
S012,P0274,82
S012,P0275,68
S012,P0276,161
S012,P0277,401
S012,P0278,244
S012,P0279,159
S012,P0280,211
S012,P0281,160
S012,P0282,243
S012,P0283,190
S012,P0284,84
S012,P0285,130
S012,P0286,327
S012,P0287,473
S012,P0288,374
S012,P0289,164
S012,P0290,394
S012,P0291,283
S012,P0292,113
S012,P0293,443
S012,P0294,414
S012,P0295,491
S012,P0296,110
S012,P0297,358
S012,P0298,362
S012,P0299,339
S012,P0300,427
S012,P0301,480
S012,P0302,397
S012,P0303,131
S012,P0304,133
S012,P0305,131
S012,P0306,88
S012,P0307,388
S012,P0308,258
S012,P0309,250
S012,P0310,274
S012,P0311,434
S012,P0312,466
S012,P0313,69
S012,P0314,380
S012,P0315,101
S012,P0316,251
S012,P0317,477
S012,P0318,341
S012,P0319,440
S012,P0320,185
S012,P0321,426
S012,P0322,487
S012,P0323,108
S012,P0324,438
S012,P0325,476
S012,P0326,132
S012,P0327,192
S012,P0328,170
S012,P0329,245
S012,P0330,212
S012,P0331,417
S012,P0332,411
S012,P0333,466
S012,P0334,186
S012,P0335,123
S012,P0336,403
S012,P0337,453
S012,P0338,198
S012,P0339,50
S012,P0340,285
S012,P0341,66
S012,P0342,409
S012,P0343,441
S012,P0344,345
S012,P0345,238
S012,P0346,430
S012,P0347,391
S012,P0348,351
S012,P0349,392
S012,P0350,80
S012,P0351,441
S012,P0352,401
S012,P0353,317
S012,P0354,353
S012,P0355,92
S012,P0356,443
S012,P0357,149
S012,P0358,99
S012,P0359,331
S012,P0360,500
S012,P0361,384
S012,P0362,305
S012,P0363,469
S012,P0364,168
S012,P0365,125
S012,P0366,210
S012,P0367,354
S012,P0368,500
S012,P0369,405
S012,P0370,128
S012,P0371,234
S012,P0372,225
S012,P0373,418
S012,P0374,329
S012,P0375,253
S012,P0376,207
S012,P0377,345
S012,P0378,212
S012,P0379,440
S012,P0380,282
S012,P0381,424
S012,P0382,398
S012,P0383,454
S012,P0384,287
S012,P0385,211
S012,P0386,355
S012,P0387,452
S012,P0388,299
S012,P0389,496
S012,P0390,98
S012,P0391,424
S012,P0392,261
S012,P0393,313
S012,P0394,94
S012,P0395,342
S012,P0396,237
S012,P0397,352
S012,P0398,130
S012,P0399,438
S012,P0400,128
S012,P0401,311
S012,P0402,57
S012,P0403,222
S012,P0404,106
S012,P0405,320
S012,P0406,491
S012,P0407,171
S012,P0408,486
S012,P0409,388
S012,P0410,317
S012,P0411,178
S012,P0412,98
S012,P0413,108
S012,P0414,278
S012,P0415,168
S012,P0416,63
S012,P0417,338
S012,P0418,302
S012,P0419,455
S012,P0420,170
S012,P0421,129
S012,P0422,486
S012,P0423,334
S012,P0424,500
S012,P0425,265
S012,P0426,484
S012,P0427,422
S012,P0428,242
S012,P0429,177
S012,P0430,116
S012,P0431,458
S012,P0432,318
S012,P0433,274
S012,P0434,474
S012,P0435,454
S012,P0436,65
S012,P0437,209
S012,P0438,277
S012,P0439,434
S012,P0440,57
S012,P0441,430
S012,P0442,99
S012,P0443,234
S012,P0444,361
S012,P0445,371
S012,P0446,297
S012,P0447,347
S012,P0448,284
S012,P0449,481
S012,P0450,469
S012,P0451,196
S012,P0452,128
S012,P0453,479
S012,P0454,259
S012,P0455,158
S012,P0456,321
S012,P0457,297
S012,P0458,239
S012,P0459,142
S012,P0460,353
S012,P0461,400
S012,P0462,172
S012,P0463,431
S012,P0464,230
S012,P0465,438
S012,P0466,316
S012,P0467,340
S012,P0468,479
S012,P0469,433
S012,P0470,159
S012,P0471,464
S012,P0472,273
S012,P0473,289
S012,P0474,83
S012,P0475,404
S012,P0476,58
S012,P0477,285
S012,P0478,394
S012,P0479,243
S012,P0480,282
S012,P0481,194
S012,P0482,131
S012,P0483,449
S012,P0484,333
S012,P0485,338
S012,P0486,328
S012,P0487,381
S012,P0488,186
S012,P0489,50
S012,P0490,197
S012,P0491,266
S012,P0492,356
S012,P0493,496
S012,P0494,145
S012,P0495,382
S012,P0496,54
S012,P0497,159
S012,P0498,199
S012,P0499,450
S012,P0500,396
S013,P0001,128
S013,P0002,379
S013,P0003,173
S013,P0004,149
S013,P0005,491
S013,P0006,191
S013,P0007,468
S013,P0008,369
S013,P0009,443
S013,P0010,431
S013,P0011,411
S013,P0012,208
S013,P0013,333
S013,P0014,127
S013,P0015,341
S013,P0016,265
S013,P0017,131
S013,P0018,441
S013,P0019,228
S013,P0020,149
S013,P0021,327
S013,P0022,414
S013,P0023,279
S013,P0024,302
S013,P0025,484
S013,P0026,382
S013,P0027,265
S013,P0028,438
S013,P0029,349
S013,P0030,278
S013,P0031,454
S013,P0032,379
S013,P0033,174
S013,P0034,293
S013,P0035,325
S013,P0036,82
S013,P0037,225
S013,P0038,411
S013,P0039,299
S013,P0040,165
S013,P0041,77
S013,P0042,91
S013,P0043,437
S013,P0044,75
S013,P0045,409
S013,P0046,271
S013,P0047,473
S013,P0048,346
S013,P0049,437
S013,P0050,495
S013,P0051,313
S013,P0052,127
S013,P0053,129
S013,P0054,68
S013,P0055,385
S013,P0056,83
S013,P0057,184
S013,P0058,94
S013,P0059,101
S013,P0060,440
S013,P0061,462
S013,P0062,173
S013,P0063,58
S013,P0064,354
S013,P0065,370
S013,P0066,75
S013,P0067,215
S013,P0068,144
S013,P0069,89
S013,P0070,73
S013,P0071,372
S013,P0072,271
S013,P0073,80
S013,P0074,264
S013,P0075,479
S013,P0076,318
S013,P0077,296
S013,P0078,261
S013,P0079,65
S013,P0080,330
S013,P0081,145
S013,P0082,371
S013,P0083,330
S013,P0084,97
S013,P0085,287
S013,P0086,98
S013,P0087,179
S013,P0088,418
S013,P0089,203
S013,P0090,472
S013,P0091,259
S013,P0092,235
S013,P0093,211
S013,P0094,76
S013,P0095,308
S013,P0096,492
S013,P0097,355
S013,P0098,359
S013,P0099,156
S013,P0100,465
S013,P0101,146
S013,P0102,475
S013,P0103,205
S013,P0104,127
S013,P0105,490
S013,P0106,365
S013,P0107,478
S013,P0108,297
S013,P0109,355
S013,P0110,356
S013,P0111,217
S013,P0112,266
S013,P0113,300
S013,P0114,82
S013,P0115,433
S013,P0116,260
S013,P0117,368
S013,P0118,122
S013,P0119,226
S013,P0120,365
S013,P0121,464
S013,P0122,81
S013,P0123,189
S013,P0124,109
S013,P0125,325
S013,P0126,378
S013,P0127,96
S013,P0128,60
S013,P0129,154
S013,P0130,451
S013,P0131,243
S013,P0132,456
S013,P0133,409
S013,P0134,459
S013,P0135,394
S013,P0136,275
S013,P0137,366
S013,P0138,464
S013,P0139,413
S013,P0140,385
S013,P0141,109
S013,P0142,290
S013,P0143,342
S013,P0144,320
S013,P0145,191
S013,P0146,132
S013,P0147,465
S013,P0148,122
S013,P0149,408
S013,P0150,410
S013,P0151,121
S013,P0152,216
S013,P0153,426
S013,P0154,293
S013,P0155,410
S013,P0156,119
S013,P0157,260
S013,P0158,372
S013,P0159,447
S013,P0160,156
S013,P0161,330
S013,P0162,462
S013,P0163,469
S013,P0164,107
S013,P0165,323
S013,P0166,62
S013,P0167,339
S013,P0168,266
S013,P0169,282
S013,P0170,383
S013,P0171,219
S013,P0172,493
S013,P0173,159
S013,P0174,485
S013,P0175,370
S013,P0176,440
S013,P0177,205
S013,P0178,149
S013,P0179,341
S013,P0180,194
S013,P0181,362
S013,P0182,93
S013,P0183,278
S013,P0184,289
S013,P0185,237
S013,P0186,273
S013,P0187,75
S013,P0188,286
S013,P0189,346
S013,P0190,171
S013,P0191,242
S013,P0192,109
S013,P0193,223
S013,P0194,360
S013,P0195,166
S013,P0196,250
S013,P0197,192
S013,P0198,366
S013,P0199,70
S013,P0200,65
S013,P0201,394
S013,P0202,356
S013,P0203,133
S013,P0204,482
S013,P0205,233
S013,P0206,308
S013,P0207,79
S013,P0208,102
S013,P0209,303
S013,P0210,485
S013,P0211,390
S013,P0212,68
S013,P0213,482
S013,P0214,498
S013,P0215,486
S013,P0216,397
S013,P0217,402
S013,P0218,66
S013,P0219,301
S013,P0220,380
S013,P0221,349
S013,P0222,144
S013,P0223,183
S013,P0224,186
S013,P0225,249
S013,P0226,419
S013,P0227,315
S013,P0228,187
S013,P0229,284
S013,P0230,395
S013,P0231,440
S013,P0232,349
S013,P0233,113
S013,P0234,168
S013,P0235,113
S013,P0236,66
S013,P0237,381
S013,P0238,285
S013,P0239,99
S013,P0240,53
S013,P0241,198
S013,P0242,267
S013,P0243,111
S013,P0244,67
S013,P0245,399
S013,P0246,147
S013,P0247,194
S013,P0248,284
S013,P0249,472
S013,P0250,328
S013,P0251,231
S013,P0252,209
S013,P0253,202
S013,P0254,117
S013,P0255,88
S013,P0256,178
S013,P0257,203
S013,P0258,91
S013,P0259,438
S013,P0260,304
S013,P0261,53
S013,P0262,124
S013,P0263,180
S013,P0264,116
S013,P0265,341
S013,P0266,168
S013,P0267,230
S013,P0268,438
S013,P0269,88
S013,P0270,442
S013,P0271,228
S013,P0272,442
S013,P0273,194
S013,P0274,345
S013,P0275,53
S013,P0276,283
S013,P0277,415
S013,P0278,109
S013,P0279,110
S013,P0280,211
S013,P0281,194
S013,P0282,313
S013,P0283,465
S013,P0284,251
S013,P0285,317
S013,P0286,357
S013,P0287,490
S013,P0288,353
S013,P0289,57
S013,P0290,227
S013,P0291,186
S013,P0292,255
S013,P0293,107
S013,P0294,85
S013,P0295,425
S013,P0296,351
S013,P0297,332
S013,P0298,119
S013,P0299,436
S013,P0300,323
S013,P0301,464
S013,P0302,414
S013,P0303,150
S013,P0304,165
S013,P0305,326
S013,P0306,418
S013,P0307,177
S013,P0308,363
S013,P0309,438
S013,P0310,316
S013,P0311,401
S013,P0312,238
S013,P0313,116
S013,P0314,357
S013,P0315,469
S013,P0316,121
S013,P0317,490
S013,P0318,259
S013,P0319,416
S013,P0320,248
S013,P0321,352
S013,P0322,412
S013,P0323,68
S013,P0324,307
S013,P0325,160
S013,P0326,478
S013,P0327,77
S013,P0328,477
S013,P0329,56
S013,P0330,330
S013,P0331,266
S013,P0332,102
S013,P0333,179
S013,P0334,345
S013,P0335,350
S013,P0336,228
S013,P0337,371
S013,P0338,485
S013,P0339,218
S013,P0340,412
S013,P0341,59
S013,P0342,280
S013,P0343,140
S013,P0344,370
S013,P0345,80
S013,P0346,127
S013,P0347,355
S013,P0348,91
S013,P0349,398
S013,P0350,355
S013,P0351,231
S013,P0352,96
S013,P0353,361
S013,P0354,323
S013,P0355,245
S013,P0356,82
S013,P0357,346
S013,P0358,401
S013,P0359,491
S013,P0360,177
S013,P0361,90
S013,P0362,397
S013,P0363,354
S013,P0364,120
S013,P0365,338
S013,P0366,99
S013,P0367,480
S013,P0368,431
S013,P0369,444
S013,P0370,456
S013,P0371,302
S013,P0372,319
S013,P0373,108
S013,P0374,297
S013,P0375,413
S013,P0376,122
S013,P0377,76
S013,P0378,233
S013,P0379,248
S013,P0380,129
S013,P0381,276
S013,P0382,216
S013,P0383,117
S013,P0384,179
S013,P0385,166
S013,P0386,276
S013,P0387,409
S013,P0388,266
S013,P0389,152
S013,P0390,102
S013,P0391,252
S013,P0392,121
S013,P0393,133
S013,P0394,76
S013,P0395,319
S013,P0396,199
S013,P0397,111
S013,P0398,369
S013,P0399,402
S013,P0400,298
S013,P0401,263
S013,P0402,225
S013,P0403,270
S013,P0404,240
S013,P0405,254
S013,P0406,198
S013,P0407,323
S013,P0408,276
S013,P0409,170
S013,P0410,80
S013,P0411,188
S013,P0412,263
S013,P0413,385
S013,P0414,347
S013,P0415,363
S013,P0416,359
S013,P0417,487
S013,P0418,363
S013,P0419,464
S013,P0420,228
S013,P0421,57
S013,P0422,243
S013,P0423,408
S013,P0424,331
S013,P0425,481
S013,P0426,324
S013,P0427,238
S013,P0428,96
S013,P0429,286
S013,P0430,225
S013,P0431,358
S013,P0432,93
S013,P0433,56
S013,P0434,183
S013,P0435,277
S013,P0436,102
S013,P0437,285
S013,P0438,342
S013,P0439,463
S013,P0440,167
S013,P0441,441
S013,P0442,276
S013,P0443,488
S013,P0444,313
S013,P0445,172
S013,P0446,281
S013,P0447,61
S013,P0448,243
S013,P0449,385
S013,P0450,166
S013,P0451,175
S013,P0452,86
S013,P0453,248
S013,P0454,288
S013,P0455,333
S013,P0456,91
S013,P0457,255
S013,P0458,480
S013,P0459,435
S013,P0460,236
S013,P0461,434
S013,P0462,83
S013,P0463,282
S013,P0464,80
S013,P0465,293
S013,P0466,454
S013,P0467,189
S013,P0468,98
S013,P0469,364
S013,P0470,166
S013,P0471,194
S013,P0472,149
S013,P0473,434
S013,P0474,493
S013,P0475,472
S013,P0476,376
S013,P0477,192
S013,P0478,154
S013,P0479,407
S013,P0480,334
S013,P0481,132
S013,P0482,179
S013,P0483,428
S013,P0484,324
S013,P0485,289
S013,P0486,274
S013,P0487,249
S013,P0488,185
S013,P0489,458
S013,P0490,175
S013,P0491,418
S013,P0492,438
S013,P0493,238
S013,P0494,416
S013,P0495,326
S013,P0496,156
S013,P0497,102
S013,P0498,428
S013,P0499,391
S013,P0500,212
S014,P0001,420
S014,P0002,130
S014,P0003,400
S014,P0004,335
S014,P0005,74
S014,P0006,420
S014,P0007,329
S014,P0008,197
S014,P0009,401
S014,P0010,449
S014,P0011,279
S014,P0012,315
S014,P0013,471
S014,P0014,405
S014,P0015,431
S014,P0016,391
S014,P0017,183
S014,P0018,164
S014,P0019,65
S014,P0020,96
S014,P0021,379
S014,P0022,317
S014,P0023,493
S014,P0024,66
S014,P0025,190
S014,P0026,381
S014,P0027,426
S014,P0028,204
S014,P0029,447
S014,P0030,82
S014,P0031,200
S014,P0032,149
S014,P0033,61
S014,P0034,204
S014,P0035,220
S014,P0036,261
S014,P0037,81
S014,P0038,498
S014,P0039,199
S014,P0040,419
S014,P0041,348
S014,P0042,157
S014,P0043,446
S014,P0044,356
S014,P0045,468
S014,P0046,418
S014,P0047,125
S014,P0048,194
S014,P0049,454
S014,P0050,127
S014,P0051,285
S014,P0052,213
S014,P0053,479
S014,P0054,365
S014,P0055,491
S014,P0056,161
S014,P0057,331
S014,P0058,425
S014,P0059,257
S014,P0060,433
S014,P0061,63
S014,P0062,205
S014,P0063,230
S014,P0064,72
S014,P0065,126
S014,P0066,477
S014,P0067,432
S014,P0068,120
S014,P0069,445
S014,P0070,116
S014,P0071,61
S014,P0072,320
S014,P0073,460
S014,P0074,324
S014,P0075,450
S014,P0076,131
S014,P0077,368
S014,P0078,280
S014,P0079,196
S014,P0080,56
S014,P0081,229
S014,P0082,333
S014,P0083,342
S014,P0084,217
S014,P0085,71
S014,P0086,416
S014,P0087,405
S014,P0088,311
S014,P0089,259
S014,P0090,344
S014,P0091,108
S014,P0092,141
S014,P0093,130
S014,P0094,325
S014,P0095,385
S014,P0096,270
S014,P0097,159
S014,P0098,315
S014,P0099,75
S014,P0100,123
S014,P0101,292
S014,P0102,253
S014,P0103,225
S014,P0104,399
S014,P0105,174
S014,P0106,449
S014,P0107,247
S014,P0108,391
S014,P0109,484
S014,P0110,264
S014,P0111,125
S014,P0112,450
S014,P0113,95
S014,P0114,301
S014,P0115,266
S014,P0116,491
S014,P0117,410
S014,P0118,307
S014,P0119,178
S014,P0120,435
S014,P0121,120
S014,P0122,413
S014,P0123,405
S014,P0124,298
S014,P0125,190
S014,P0126,327
S014,P0127,98
S014,P0128,228
S014,P0129,471
S014,P0130,322
S014,P0131,487
S014,P0132,130
S014,P0133,478
S014,P0134,477
S014,P0135,358
S014,P0136,316
S014,P0137,104
S014,P0138,472
S014,P0139,383
S014,P0140,434
S014,P0141,128
S014,P0142,248
S014,P0143,392
S014,P0144,228
S014,P0145,365
S014,P0146,332
S014,P0147,250
S014,P0148,295
S014,P0149,137
S014,P0150,434
S014,P0151,311
S014,P0152,450
S014,P0153,306
S014,P0154,67
S014,P0155,207
S014,P0156,222
S014,P0157,222
S014,P0158,190
S014,P0159,199
S014,P0160,133
S014,P0161,304
S014,P0162,366
S014,P0163,187
S014,P0164,421
S014,P0165,224
S014,P0166,467
S014,P0167,473
S014,P0168,308
S014,P0169,143
S014,P0170,304
S014,P0171,458
S014,P0172,271
S014,P0173,442
S014,P0174,420
S014,P0175,241
S014,P0176,281
S014,P0177,457
S014,P0178,454
S014,P0179,308
S014,P0180,351
S014,P0181,191
S014,P0182,181
S014,P0183,204
S014,P0184,191
S014,P0185,118
S014,P0186,189
S014,P0187,405
S014,P0188,119
S014,P0189,61
S014,P0190,235
S014,P0191,383
S014,P0192,321
S014,P0193,474
S014,P0194,409
S014,P0195,297
S014,P0196,326
S014,P0197,168
S014,P0198,303
S014,P0199,71
S014,P0200,339
S014,P0201,185
S014,P0202,471
S014,P0203,400
S014,P0204,195
S014,P0205,355
S014,P0206,249
S014,P0207,272
S014,P0208,430
S014,P0209,457
S014,P0210,244
S014,P0211,183
S014,P0212,291
S014,P0213,97
S014,P0214,277
S014,P0215,436
S014,P0216,467
S014,P0217,241
S014,P0218,499
S014,P0219,429
S014,P0220,480
S014,P0221,403
S014,P0222,115
S014,P0223,254
S014,P0224,249
S014,P0225,338
S014,P0226,466
S014,P0227,383
S014,P0228,207
S014,P0229,145
S014,P0230,61
S014,P0231,148
S014,P0232,378
S014,P0233,214
S014,P0234,436
S014,P0235,328
S014,P0236,498
S014,P0237,101
S014,P0238,277
S014,P0239,64
S014,P0240,95
S014,P0241,448
S014,P0242,194
S014,P0243,226
S014,P0244,53
S014,P0245,338
S014,P0246,124
S014,P0247,83
S014,P0248,86
S014,P0249,159
S014,P0250,254
S014,P0251,216
S014,P0252,137
S014,P0253,349
S014,P0254,195
S014,P0255,247
S014,P0256,59
S014,P0257,64
S014,P0258,400
S014,P0259,376
S014,P0260,206
S014,P0261,353
S014,P0262,180
S014,P0263,458
S014,P0264,173
S014,P0265,388
S014,P0266,126
S014,P0267,303
S014,P0268,63
S014,P0269,482
S014,P0270,379
S014,P0271,439
S014,P0272,245
S014,P0273,402
S014,P0274,491
S014,P0275,390
S014,P0276,97
S014,P0277,466
S014,P0278,200
S014,P0279,157
S014,P0280,329
S014,P0281,212
S014,P0282,256
S014,P0283,482
S014,P0284,54
S014,P0285,401
S014,P0286,435
S014,P0287,233
S014,P0288,295
S014,P0289,489
S014,P0290,381
S014,P0291,193
S014,P0292,216
S014,P0293,419
S014,P0294,384
S014,P0295,453
S014,P0296,86
S014,P0297,191
S014,P0298,127
S014,P0299,350
S014,P0300,336
S014,P0301,474
S014,P0302,488
S014,P0303,309
S014,P0304,170
S014,P0305,460
S014,P0306,362
S014,P0307,447
S014,P0308,295
S014,P0309,484
S014,P0310,338
S014,P0311,56
S014,P0312,481
S014,P0313,285
S014,P0314,116
S014,P0315,371
S014,P0316,373
S014,P0317,110
S014,P0318,345
S014,P0319,417
S014,P0320,400
S014,P0321,102
S014,P0322,405
S014,P0323,130
S014,P0324,365
S014,P0325,413
S014,P0326,398
S014,P0327,489
S014,P0328,353
S014,P0329,339
S014,P0330,127
S014,P0331,237
S014,P0332,370
S014,P0333,345
S014,P0334,219
S014,P0335,87
S014,P0336,175
S014,P0337,174
S014,P0338,101
S014,P0339,248
S014,P0340,376
S014,P0341,152
S014,P0342,234
S014,P0343,459
S014,P0344,61
S014,P0345,312
S014,P0346,465
S014,P0347,294
S014,P0348,109
S014,P0349,119
S014,P0350,64
S014,P0351,386
S014,P0352,490
S014,P0353,289
S014,P0354,73
S014,P0355,88
S014,P0356,454
S014,P0357,476
S014,P0358,368
S014,P0359,436
S014,P0360,204
S014,P0361,409
S014,P0362,275
S014,P0363,328
S014,P0364,425
S014,P0365,375
S014,P0366,54
S014,P0367,457
S014,P0368,438
S014,P0369,452
S014,P0370,377
S014,P0371,175
S014,P0372,191
S014,P0373,158
S014,P0374,336
S014,P0375,207
S014,P0376,168
S014,P0377,453
S014,P0378,171
S014,P0379,425
S014,P0380,324
S014,P0381,449
S014,P0382,84
S014,P0383,264
S014,P0384,348
S014,P0385,112
S014,P0386,396
S014,P0387,343
S014,P0388,460
S014,P0389,172
S014,P0390,496
S014,P0391,347
S014,P0392,474
S014,P0393,293
S014,P0394,171
S014,P0395,64
S014,P0396,128
S014,P0397,394
S014,P0398,95
S014,P0399,471
S014,P0400,177
S014,P0401,109
S014,P0402,147
S014,P0403,113
S014,P0404,267
S014,P0405,194
S014,P0406,129
S014,P0407,366
S014,P0408,478
S014,P0409,215
S014,P0410,404
S014,P0411,206
S014,P0412,106
S014,P0413,123
S014,P0414,66
S014,P0415,77
S014,P0416,269
S014,P0417,361
S014,P0418,144
S014,P0419,165
S014,P0420,424
S014,P0421,157
S014,P0422,305
S014,P0423,259
S014,P0424,158
S014,P0425,407
S014,P0426,418
S014,P0427,142
S014,P0428,472
S014,P0429,91
S014,P0430,414
S014,P0431,479
S014,P0432,353
S014,P0433,58
S014,P0434,487
S014,P0435,468
S014,P0436,292
S014,P0437,84
S014,P0438,126
S014,P0439,72
S014,P0440,97
S014,P0441,376
S014,P0442,166
S014,P0443,384
S014,P0444,316
S014,P0445,194
S014,P0446,276
S014,P0447,161
S014,P0448,192
S014,P0449,329
S014,P0450,63
S014,P0451,322
S014,P0452,254
S014,P0453,420
S014,P0454,179
S014,P0455,381
S014,P0456,397
S014,P0457,186
S014,P0458,493
S014,P0459,465
S014,P0460,488
S014,P0461,293
S014,P0462,304
S014,P0463,85
S014,P0464,309
S014,P0465,315
S014,P0466,52
S014,P0467,238
S014,P0468,158
S014,P0469,196
S014,P0470,59
S014,P0471,270
S014,P0472,436
S014,P0473,217
S014,P0474,68
S014,P0475,167
S014,P0476,336
S014,P0477,295
S014,P0478,385
S014,P0479,455
S014,P0480,192
S014,P0481,441
S014,P0482,446
S014,P0483,125
S014,P0484,69
S014,P0485,95
S014,P0486,364
S014,P0487,368
S014,P0488,175
S014,P0489,499
S014,P0490,110
S014,P0491,189
S014,P0492,431
S014,P0493,263
S014,P0494,106
S014,P0495,134
S014,P0496,440
S014,P0497,116
S014,P0498,177
S014,P0499,493
S014,P0500,458
S015,P0001,231
S015,P0002,455
S015,P0003,247
S015,P0004,125
S015,P0005,71
S015,P0006,475
S015,P0007,114
S015,P0008,403
S015,P0009,477
S015,P0010,117
S015,P0011,467
S015,P0012,277
S015,P0013,272
S015,P0014,460
S015,P0015,149
S015,P0016,304
S015,P0017,438
S015,P0018,169
S015,P0019,253
S015,P0020,216
S015,P0021,353
S015,P0022,357
S015,P0023,146
S015,P0024,468
S015,P0025,380
S015,P0026,485
S015,P0027,341
S015,P0028,435
S015,P0029,158
S015,P0030,265
S015,P0031,86
S015,P0032,246
S015,P0033,237
S015,P0034,265
S015,P0035,473
S015,P0036,247
S015,P0037,349
S015,P0038,361
S015,P0039,131
S015,P0040,169
S015,P0041,286
S015,P0042,352
S015,P0043,97
S015,P0044,144
S015,P0045,115
S015,P0046,116
S015,P0047,97
S015,P0048,102
S015,P0049,260
S015,P0050,396
S015,P0051,200
S015,P0052,493
S015,P0053,255
S015,P0054,147
S015,P0055,494
S015,P0056,176
S015,P0057,440
S015,P0058,72
S015,P0059,345
S015,P0060,99
S015,P0061,458
S015,P0062,132
S015,P0063,425
S015,P0064,208
S015,P0065,216
S015,P0066,157
S015,P0067,152
S015,P0068,66
S015,P0069,136
S015,P0070,269
S015,P0071,404
S015,P0072,82
S015,P0073,449
S015,P0074,141
S015,P0075,382
S015,P0076,76
S015,P0077,215
S015,P0078,390
S015,P0079,383
S015,P0080,419
S015,P0081,135
S015,P0082,418
S015,P0083,385
S015,P0084,301
S015,P0085,333
S015,P0086,367
S015,P0087,471
S015,P0088,83
S015,P0089,238
S015,P0090,62
S015,P0091,271
S015,P0092,333
S015,P0093,419
S015,P0094,182
S015,P0095,104
S015,P0096,251
S015,P0097,116
S015,P0098,60
S015,P0099,496
S015,P0100,301
S015,P0101,355
S015,P0102,75
S015,P0103,338
S015,P0104,140
S015,P0105,296
S015,P0106,466
S015,P0107,60
S015,P0108,338
S015,P0109,210
S015,P0110,295
S015,P0111,407
S015,P0112,294
S015,P0113,124
S015,P0114,128
S015,P0115,362
S015,P0116,195
S015,P0117,373
S015,P0118,50
S015,P0119,163
S015,P0120,114
S015,P0121,437
S015,P0122,237
S015,P0123,200
S015,P0124,270
S015,P0125,97
S015,P0126,213
S015,P0127,70
S015,P0128,459
S015,P0129,444
S015,P0130,386
S015,P0131,127
S015,P0132,128
S015,P0133,352
S015,P0134,278
S015,P0135,150
S015,P0136,96
S015,P0137,498
S015,P0138,351
S015,P0139,451
S015,P0140,246
S015,P0141,315
S015,P0142,350
S015,P0143,256
S015,P0144,215
S015,P0145,356
S015,P0146,133
S015,P0147,467
S015,P0148,212
S015,P0149,351
S015,P0150,229
S015,P0151,250
S015,P0152,58
S015,P0153,337
S015,P0154,397
S015,P0155,333
S015,P0156,360
S015,P0157,290
S015,P0158,185
S015,P0159,370
S015,P0160,90
S015,P0161,468
S015,P0162,357
S015,P0163,209
S015,P0164,115
S015,P0165,209
S015,P0166,218
S015,P0167,281
S015,P0168,58
S015,P0169,205
S015,P0170,239
S015,P0171,272
S015,P0172,306
S015,P0173,323
S015,P0174,123
S015,P0175,280
S015,P0176,293
S015,P0177,418
S015,P0178,468
S015,P0179,222
S015,P0180,392
S015,P0181,335
S015,P0182,115
S015,P0183,211
S015,P0184,118
S015,P0185,181
S015,P0186,200
S015,P0187,400
S015,P0188,229
S015,P0189,116
S015,P0190,490
S015,P0191,336
S015,P0192,141
S015,P0193,241
S015,P0194,99
S015,P0195,271
S015,P0196,146
S015,P0197,76
S015,P0198,194
S015,P0199,499
S015,P0200,80
S015,P0201,156
S015,P0202,262
S015,P0203,57
S015,P0204,226
S015,P0205,401
S015,P0206,461
S015,P0207,120
S015,P0208,279
S015,P0209,207
S015,P0210,356
S015,P0211,167
S015,P0212,258
S015,P0213,56
S015,P0214,63
S015,P0215,208
S015,P0216,479
S015,P0217,140
S015,P0218,280
S015,P0219,372
S015,P0220,368
S015,P0221,273
S015,P0222,313
S015,P0223,93
S015,P0224,230
S015,P0225,189
S015,P0226,181
S015,P0227,251
S015,P0228,440
S015,P0229,310
S015,P0230,333
S015,P0231,201
S015,P0232,369
S015,P0233,489
S015,P0234,475
S015,P0235,275
S015,P0236,339
S015,P0237,494
S015,P0238,302
S015,P0239,458
S015,P0240,334
S015,P0241,228
S015,P0242,473
S015,P0243,53
S015,P0244,96
S015,P0245,290
S015,P0246,383
S015,P0247,485
S015,P0248,389
S015,P0249,483
S015,P0250,157
S015,P0251,466
S015,P0252,366
S015,P0253,171
S015,P0254,59
S015,P0255,200
S015,P0256,101
S015,P0257,307
S015,P0258,123
S015,P0259,121
S015,P0260,492
S015,P0261,286
S015,P0262,429
S015,P0263,131
S015,P0264,217
S015,P0265,60
S015,P0266,123
S015,P0267,275
S015,P0268,311
S015,P0269,448
S015,P0270,197
S015,P0271,154
S015,P0272,242
S015,P0273,427
S015,P0274,451
S015,P0275,478
S015,P0276,299
S015,P0277,364
S015,P0278,433
S015,P0279,431
S015,P0280,68
S015,P0281,130
S015,P0282,204
S015,P0283,307
S015,P0284,303
S015,P0285,371
S015,P0286,378
S015,P0287,226
S015,P0288,474
S015,P0289,411
S015,P0290,272
S015,P0291,434
S015,P0292,115
S015,P0293,490
S015,P0294,277
S015,P0295,112
S015,P0296,115
S015,P0297,245
S015,P0298,116
S015,P0299,298
S015,P0300,117
S015,P0301,407
S015,P0302,488
S015,P0303,104
S015,P0304,140
S015,P0305,355
S015,P0306,116
S015,P0307,243
S015,P0308,398
S015,P0309,162
S015,P0310,404
S015,P0311,213
S015,P0312,276
S015,P0313,360
S015,P0314,98
S015,P0315,181
S015,P0316,364
S015,P0317,432
S015,P0318,357
S015,P0319,451
S015,P0320,286
S015,P0321,199
S015,P0322,397
S015,P0323,446
S015,P0324,424
S015,P0325,428
S015,P0326,132
S015,P0327,441
S015,P0328,499
S015,P0329,346
S015,P0330,413
S015,P0331,262
S015,P0332,95
S015,P0333,280
S015,P0334,172
S015,P0335,498
S015,P0336,137
S015,P0337,313
S015,P0338,202
S015,P0339,456
S015,P0340,72
S015,P0341,266
S015,P0342,435
S015,P0343,154
S015,P0344,188
S015,P0345,449
S015,P0346,454
S015,P0347,176
S015,P0348,63
S015,P0349,387
S015,P0350,79
S015,P0351,130
S015,P0352,96
S015,P0353,478
S015,P0354,206
S015,P0355,210
S015,P0356,406
S015,P0357,198
S015,P0358,388
S015,P0359,472
S015,P0360,265
S015,P0361,182
S015,P0362,135
S015,P0363,79
S015,P0364,74
S015,P0365,428
S015,P0366,114
S015,P0367,366
S015,P0368,221
S015,P0369,251
S015,P0370,84
S015,P0371,164
S015,P0372,168
S015,P0373,382
S015,P0374,287
S015,P0375,321
S015,P0376,105
S015,P0377,392
S015,P0378,403
S015,P0379,94
S015,P0380,412
S015,P0381,124
S015,P0382,442
S015,P0383,342
S015,P0384,243
S015,P0385,356
S015,P0386,253
S015,P0387,107
S015,P0388,154
S015,P0389,382
S015,P0390,305
S015,P0391,331
S015,P0392,299
S015,P0393,436
S015,P0394,176
S015,P0395,435
S015,P0396,90
S015,P0397,394
S015,P0398,129
S015,P0399,83
S015,P0400,472
S015,P0401,129
S015,P0402,68
S015,P0403,86
S015,P0404,297
S015,P0405,378
S015,P0406,112
S015,P0407,399
S015,P0408,349
S015,P0409,294
S015,P0410,490
S015,P0411,499
S015,P0412,394
S015,P0413,150
S015,P0414,429
S015,P0415,193
S015,P0416,221
S015,P0417,456
S015,P0418,267
S015,P0419,265
S015,P0420,195
S015,P0421,416
S015,P0422,227
S015,P0423,292
S015,P0424,375
S015,P0425,355
S015,P0426,235
S015,P0427,276
S015,P0428,474
S015,P0429,342
S015,P0430,100
S015,P0431,442
S015,P0432,54
S015,P0433,410
S015,P0434,311
S015,P0435,109
S015,P0436,256
S015,P0437,280
S015,P0438,110
S015,P0439,385
S015,P0440,397
S015,P0441,82
S015,P0442,193
S015,P0443,152
S015,P0444,91
S015,P0445,164
S015,P0446,294
S015,P0447,494
S015,P0448,394
S015,P0449,172
S015,P0450,250
S015,P0451,434
S015,P0452,278
S015,P0453,191
S015,P0454,195
S015,P0455,363
S015,P0456,441
S015,P0457,210
S015,P0458,332
S015,P0459,92
S015,P0460,438
S015,P0461,264
S015,P0462,377
S015,P0463,190
S015,P0464,399
S015,P0465,338
S015,P0466,292
S015,P0467,303
S015,P0468,242
S015,P0469,393
S015,P0470,238
S015,P0471,312
S015,P0472,277
S015,P0473,328
S015,P0474,455
S015,P0475,228
S015,P0476,176
S015,P0477,168
S015,P0478,97
S015,P0479,462
S015,P0480,204
S015,P0481,190
S015,P0482,386
S015,P0483,431
S015,P0484,493
S015,P0485,323
S015,P0486,86
S015,P0487,381
S015,P0488,312
S015,P0489,139
S015,P0490,165
S015,P0491,184
S015,P0492,227
S015,P0493,190
S015,P0494,129
S015,P0495,174
S015,P0496,317
S015,P0497,267
S015,P0498,417
S015,P0499,430
S015,P0500,437
S016,P0001,51
S016,P0002,177
S016,P0003,294
S016,P0004,158
S016,P0005,103
S016,P0006,439
S016,P0007,448
S016,P0008,246
S016,P0009,286
S016,P0010,386
S016,P0011,253
S016,P0012,443
S016,P0013,345
S016,P0014,216
S016,P0015,331
S016,P0016,160
S016,P0017,393
S016,P0018,359
S016,P0019,437
S016,P0020,225
S016,P0021,355
S016,P0022,144
S016,P0023,438
S016,P0024,247
S016,P0025,192
S016,P0026,271
S016,P0027,415
S016,P0028,198
S016,P0029,375
S016,P0030,412
S016,P0031,262
S016,P0032,451
S016,P0033,105
S016,P0034,438
S016,P0035,127
S016,P0036,62
S016,P0037,204
S016,P0038,488
S016,P0039,329
S016,P0040,469
S016,P0041,383
S016,P0042,418
S016,P0043,54
S016,P0044,133
S016,P0045,412
S016,P0046,158
S016,P0047,453
S016,P0048,496
S016,P0049,224
S016,P0050,116
S016,P0051,249
S016,P0052,223
S016,P0053,286
S016,P0054,147
S016,P0055,220
S016,P0056,60
S016,P0057,68
S016,P0058,246
S016,P0059,376
S016,P0060,214
S016,P0061,401
S016,P0062,135
S016,P0063,69
S016,P0064,151
S016,P0065,77
S016,P0066,299
S016,P0067,368
S016,P0068,118
S016,P0069,64
S016,P0070,135
S016,P0071,92
S016,P0072,216
S016,P0073,185
S016,P0074,96
S016,P0075,104
S016,P0076,177
S016,P0077,253
S016,P0078,263
S016,P0079,378
S016,P0080,104
S016,P0081,491
S016,P0082,61
S016,P0083,307
S016,P0084,465
S016,P0085,369
S016,P0086,248
S016,P0087,217
S016,P0088,481
S016,P0089,383
S016,P0090,285
S016,P0091,91
S016,P0092,306
S016,P0093,107
S016,P0094,226
S016,P0095,80
S016,P0096,75
S016,P0097,289
S016,P0098,310
S016,P0099,138
S016,P0100,245
S016,P0101,471
S016,P0102,105
S016,P0103,449
S016,P0104,57
S016,P0105,258
S016,P0106,211
S016,P0107,59
S016,P0108,254
S016,P0109,274
S016,P0110,90
S016,P0111,396
S016,P0112,147
S016,P0113,389
S016,P0114,198
S016,P0115,173
S016,P0116,489
S016,P0117,98
S016,P0118,197
S016,P0119,219
S016,P0120,299
S016,P0121,112
S016,P0122,403
S016,P0123,162
S016,P0124,368
S016,P0125,136
S016,P0126,177
S016,P0127,463
S016,P0128,395
S016,P0129,268
S016,P0130,428
S016,P0131,131
S016,P0132,268
S016,P0133,366
S016,P0134,250
S016,P0135,270
S016,P0136,55
S016,P0137,148
S016,P0138,261
S016,P0139,71
S016,P0140,99
S016,P0141,389
S016,P0142,466
S016,P0143,161
S016,P0144,199
S016,P0145,268
S016,P0146,252
S016,P0147,376
S016,P0148,484
S016,P0149,331
S016,P0150,147
S016,P0151,163
S016,P0152,234
S016,P0153,340
S016,P0154,450
S016,P0155,447
S016,P0156,321
S016,P0157,111
S016,P0158,298
S016,P0159,232
S016,P0160,262
S016,P0161,55
S016,P0162,90
S016,P0163,485
S016,P0164,435
S016,P0165,91
S016,P0166,352
S016,P0167,154
S016,P0168,216
S016,P0169,288
S016,P0170,317
S016,P0171,175
S016,P0172,175
S016,P0173,99
S016,P0174,175
S016,P0175,160
S016,P0176,331
S016,P0177,88
S016,P0178,58
S016,P0179,420
S016,P0180,135
S016,P0181,483
S016,P0182,58
S016,P0183,422
S016,P0184,425
S016,P0185,299
S016,P0186,433
S016,P0187,221
S016,P0188,382
S016,P0189,369
S016,P0190,75
S016,P0191,52
S016,P0192,341
S016,P0193,144
S016,P0194,353
S016,P0195,329
S016,P0196,391
S016,P0197,322
S016,P0198,214
S016,P0199,368
S016,P0200,176
S016,P0201,404
S016,P0202,302
S016,P0203,333
S016,P0204,448
S016,P0205,173
S016,P0206,71
S016,P0207,398
S016,P0208,351
S016,P0209,362
S016,P0210,55
S016,P0211,77
S016,P0212,149
S016,P0213,464
S016,P0214,387
S016,P0215,398
S016,P0216,389
S016,P0217,229
S016,P0218,314
S016,P0219,399
S016,P0220,344
S016,P0221,328
S016,P0222,498
S016,P0223,343
S016,P0224,285
S016,P0225,165
S016,P0226,64
S016,P0227,186
S016,P0228,265
S016,P0229,470
S016,P0230,208
S016,P0231,462
S016,P0232,293
S016,P0233,465
S016,P0234,77
S016,P0235,111
S016,P0236,60
S016,P0237,336
S016,P0238,115
S016,P0239,203
S016,P0240,71
S016,P0241,478
S016,P0242,495
S016,P0243,338
S016,P0244,201
S016,P0245,417
S016,P0246,401
S016,P0247,134
S016,P0248,282
S016,P0249,303
S016,P0250,154
S016,P0251,459
S016,P0252,109
S016,P0253,372
S016,P0254,418
S016,P0255,99
S016,P0256,415
S016,P0257,436
S016,P0258,146
S016,P0259,196
S016,P0260,486
S016,P0261,87
S016,P0262,449
S016,P0263,70
S016,P0264,499
S016,P0265,406
S016,P0266,122
S016,P0267,184
S016,P0268,189
S016,P0269,65
S016,P0270,436
S016,P0271,115
S016,P0272,469
S016,P0273,153
S016,P0274,390
S016,P0275,354
S016,P0276,73
S016,P0277,229
S016,P0278,194
S016,P0279,250
S016,P0280,72
S016,P0281,76
S016,P0282,190
S016,P0283,413
S016,P0284,448
S016,P0285,395
S016,P0286,114
S016,P0287,139
S016,P0288,98
S016,P0289,96
S016,P0290,305
S016,P0291,311
S016,P0292,406
S016,P0293,162
S016,P0294,344
S016,P0295,206
S016,P0296,383
S016,P0297,440
S016,P0298,73
S016,P0299,144
S016,P0300,149
S016,P0301,281
S016,P0302,147
S016,P0303,156
S016,P0304,74
S016,P0305,393
S016,P0306,176
S016,P0307,458
S016,P0308,362
S016,P0309,340
S016,P0310,71
S016,P0311,389
S016,P0312,86
S016,P0313,74
S016,P0314,316
S016,P0315,465
S016,P0316,110
S016,P0317,154
S016,P0318,229
S016,P0319,86
S016,P0320,456
S016,P0321,177
S016,P0322,385
S016,P0323,341
S016,P0324,236
S016,P0325,72
S016,P0326,356
S016,P0327,399
S016,P0328,312
S016,P0329,320
S016,P0330,222
S016,P0331,312
S016,P0332,87
S016,P0333,303
S016,P0334,494
S016,P0335,154
S016,P0336,176
S016,P0337,175
S016,P0338,453
S016,P0339,477
S016,P0340,93
S016,P0341,173
S016,P0342,428
S016,P0343,92
S016,P0344,164
S016,P0345,436
S016,P0346,450
S016,P0347,146
S016,P0348,317
S016,P0349,76
S016,P0350,339
S016,P0351,63
S016,P0352,94
S016,P0353,435
S016,P0354,314
S016,P0355,184
S016,P0356,89
S016,P0357,108
S016,P0358,298
S016,P0359,480
S016,P0360,61
S016,P0361,311
S016,P0362,400
S016,P0363,309
S016,P0364,221
S016,P0365,358
S016,P0366,168
S016,P0367,435
S016,P0368,207
S016,P0369,93
S016,P0370,494
S016,P0371,77
S016,P0372,458
S016,P0373,201
S016,P0374,320
S016,P0375,325
S016,P0376,113
S016,P0377,271
S016,P0378,312
S016,P0379,213
S016,P0380,488
S016,P0381,375
S016,P0382,394
S016,P0383,391
S016,P0384,112
S016,P0385,58
S016,P0386,341
S016,P0387,91
S016,P0388,466
S016,P0389,438
S016,P0390,369
S016,P0391,329
S016,P0392,386
S016,P0393,356
S016,P0394,339
S016,P0395,473
S016,P0396,50
S016,P0397,407
S016,P0398,132
S016,P0399,215
S016,P0400,129
S016,P0401,172
S016,P0402,382
S016,P0403,401
S016,P0404,289
S016,P0405,164
S016,P0406,132
S016,P0407,112
S016,P0408,266
S016,P0409,494
S016,P0410,204
S016,P0411,190
S016,P0412,403
S016,P0413,334
S016,P0414,233
S016,P0415,308
S016,P0416,477
S016,P0417,290
S016,P0418,350
S016,P0419,70
S016,P0420,500
S016,P0421,253
S016,P0422,216
S016,P0423,142
S016,P0424,472
S016,P0425,175
S016,P0426,425
S016,P0427,63
S016,P0428,434
S016,P0429,417
S016,P0430,341
S016,P0431,272
S016,P0432,78
S016,P0433,430
S016,P0434,393
S016,P0435,363
S016,P0436,186
S016,P0437,272
S016,P0438,192
S016,P0439,158
S016,P0440,287
S016,P0441,338
S016,P0442,176
S016,P0443,212
S016,P0444,91
S016,P0445,286
S016,P0446,201
S016,P0447,347
S016,P0448,386
S016,P0449,198
S016,P0450,491
S016,P0451,242
S016,P0452,193
S016,P0453,490
S016,P0454,478
S016,P0455,474
S016,P0456,172
S016,P0457,457
S016,P0458,350
S016,P0459,230
S016,P0460,443
S016,P0461,253
S016,P0462,66
S016,P0463,382
S016,P0464,277
S016,P0465,439
S016,P0466,375
S016,P0467,339
S016,P0468,266
S016,P0469,58
S016,P0470,122
S016,P0471,178
S016,P0472,345
S016,P0473,210
S016,P0474,146
S016,P0475,322
S016,P0476,261
S016,P0477,360
S016,P0478,482
S016,P0479,340
S016,P0480,83
S016,P0481,346
S016,P0482,230
S016,P0483,330
S016,P0484,355
S016,P0485,87
S016,P0486,235
S016,P0487,486
S016,P0488,239
S016,P0489,452
S016,P0490,373
S016,P0491,393
S016,P0492,90
S016,P0493,427
S016,P0494,244
S016,P0495,91
S016,P0496,317
S016,P0497,465
S016,P0498,319
S016,P0499,118
S016,P0500,296
S017,P0001,457
S017,P0002,285
S017,P0003,345
S017,P0004,438
S017,P0005,185
S017,P0006,287
S017,P0007,300
S017,P0008,246
S017,P0009,436
S017,P0010,455
S017,P0011,175
S017,P0012,245
S017,P0013,54
S017,P0014,362
S017,P0015,340
S017,P0016,76
S017,P0017,301
S017,P0018,397
S017,P0019,344
S017,P0020,431
S017,P0021,350
S017,P0022,430
S017,P0023,279
S017,P0024,202
S017,P0025,259
S017,P0026,495
S017,P0027,389
S017,P0028,349
S017,P0029,473
S017,P0030,339
S017,P0031,177
S017,P0032,100
S017,P0033,214
S017,P0034,344
S017,P0035,130
S017,P0036,481
S017,P0037,482
S017,P0038,276
S017,P0039,234
S017,P0040,73
S017,P0041,469
S017,P0042,115
S017,P0043,171
S017,P0044,295
S017,P0045,138
S017,P0046,395
S017,P0047,404
S017,P0048,383
S017,P0049,68
S017,P0050,392
S017,P0051,406
S017,P0052,319
S017,P0053,96
S017,P0054,304
S017,P0055,291
S017,P0056,321
S017,P0057,374
S017,P0058,167
S017,P0059,347
S017,P0060,390
S017,P0061,311
S017,P0062,223
S017,P0063,380
S017,P0064,243
S017,P0065,301
S017,P0066,122
S017,P0067,231
S017,P0068,402
S017,P0069,329
S017,P0070,287
S017,P0071,222
S017,P0072,359
S017,P0073,122
S017,P0074,144
S017,P0075,460
S017,P0076,214
S017,P0077,413
S017,P0078,68
S017,P0079,495
S017,P0080,398
S017,P0081,456
S017,P0082,472
S017,P0083,298
S017,P0084,130
S017,P0085,91
S017,P0086,267
S017,P0087,433
S017,P0088,229
S017,P0089,260
S017,P0090,458
S017,P0091,200
S017,P0092,229
S017,P0093,428
S017,P0094,180
S017,P0095,418
S017,P0096,122
S017,P0097,116
S017,P0098,399
S017,P0099,62
S017,P0100,322
S017,P0101,199
S017,P0102,110
S017,P0103,360
S017,P0104,415
S017,P0105,135
S017,P0106,358
S017,P0107,225
S017,P0108,161
S017,P0109,430
S017,P0110,196
S017,P0111,336
S017,P0112,216
S017,P0113,274
S017,P0114,468
S017,P0115,366
S017,P0116,382
S017,P0117,356
S017,P0118,394
S017,P0119,245
S017,P0120,233
S017,P0121,250
S017,P0122,475
S017,P0123,59
S017,P0124,408
S017,P0125,328
S017,P0126,480
S017,P0127,233
S017,P0128,367
S017,P0129,344
S017,P0130,379
S017,P0131,103
S017,P0132,208
S017,P0133,140
S017,P0134,170
S017,P0135,435
S017,P0136,201
S017,P0137,173
S017,P0138,393
S017,P0139,452
S017,P0140,68
S017,P0141,263
S017,P0142,192
S017,P0143,378
S017,P0144,233
S017,P0145,120
S017,P0146,66
S017,P0147,485
S017,P0148,254
S017,P0149,340
S017,P0150,213
S017,P0151,196
S017,P0152,287
S017,P0153,143
S017,P0154,436
S017,P0155,273
S017,P0156,216
S017,P0157,488
S017,P0158,371
S017,P0159,51
S017,P0160,275
S017,P0161,304
S017,P0162,461
S017,P0163,94
S017,P0164,71
S017,P0165,498
S017,P0166,479
S017,P0167,185
S017,P0168,259
S017,P0169,260
S017,P0170,477
S017,P0171,486
S017,P0172,292
S017,P0173,403
S017,P0174,84
S017,P0175,268
S017,P0176,334
S017,P0177,136
S017,P0178,51
S017,P0179,238
S017,P0180,454
S017,P0181,422
S017,P0182,279
S017,P0183,469
S017,P0184,124
S017,P0185,150
S017,P0186,292
S017,P0187,331
S017,P0188,332
S017,P0189,316
S017,P0190,230
S017,P0191,222
S017,P0192,196
S017,P0193,99
S017,P0194,108
S017,P0195,209
S017,P0196,356
S017,P0197,214
S017,P0198,442
S017,P0199,157
S017,P0200,334
S017,P0201,274
S017,P0202,452
S017,P0203,404
S017,P0204,137
S017,P0205,216
S017,P0206,391
S017,P0207,121
S017,P0208,190
S017,P0209,217
S017,P0210,403
S017,P0211,220
S017,P0212,462
S017,P0213,318
S017,P0214,471
S017,P0215,467
S017,P0216,192
S017,P0217,450
S017,P0218,393
S017,P0219,126
S017,P0220,424
S017,P0221,160
S017,P0222,142
S017,P0223,69
S017,P0224,214
S017,P0225,235
S017,P0226,394
S017,P0227,101
S017,P0228,313
S017,P0229,380
S017,P0230,366
S017,P0231,154
S017,P0232,394
S017,P0233,246
S017,P0234,244
S017,P0235,331
S017,P0236,277
S017,P0237,69
S017,P0238,500
S017,P0239,400
S017,P0240,264
S017,P0241,253
S017,P0242,283
S017,P0243,420
S017,P0244,65
S017,P0245,379
S017,P0246,95
S017,P0247,241
S017,P0248,96
S017,P0249,270
S017,P0250,315
S017,P0251,412
S017,P0252,453
S017,P0253,414
S017,P0254,64
S017,P0255,218
S017,P0256,477
S017,P0257,491
S017,P0258,208
S017,P0259,73
S017,P0260,345
S017,P0261,381
S017,P0262,114
S017,P0263,380
S017,P0264,168
S017,P0265,448
S017,P0266,242
S017,P0267,378
S017,P0268,114
S017,P0269,409
S017,P0270,147
S017,P0271,163
S017,P0272,499
S017,P0273,204
S017,P0274,200
S017,P0275,440
S017,P0276,438
S017,P0277,395
S017,P0278,133
S017,P0279,189
S017,P0280,186
S017,P0281,321
S017,P0282,316
S017,P0283,200
S017,P0284,163
S017,P0285,113
S017,P0286,278
S017,P0287,52
S017,P0288,146
S017,P0289,316
S017,P0290,202
S017,P0291,431
S017,P0292,116
S017,P0293,257
S017,P0294,391
S017,P0295,60
S017,P0296,372
S017,P0297,411
S017,P0298,233
S017,P0299,165
S017,P0300,288
S017,P0301,357
S017,P0302,60
S017,P0303,212
S017,P0304,332
S017,P0305,365
S017,P0306,461
S017,P0307,325
S017,P0308,473
S017,P0309,85
S017,P0310,456
S017,P0311,486
S017,P0312,123
S017,P0313,223
S017,P0314,93
S017,P0315,86
S017,P0316,439
S017,P0317,243
S017,P0318,450
S017,P0319,127
S017,P0320,61
S017,P0321,97
S017,P0322,395
S017,P0323,161
S017,P0324,247
S017,P0325,435
S017,P0326,123
S017,P0327,67
S017,P0328,85
S017,P0329,143
S017,P0330,175
S017,P0331,285
S017,P0332,207
S017,P0333,336
S017,P0334,419
S017,P0335,248
S017,P0336,442
S017,P0337,329
S017,P0338,341
S017,P0339,76
S017,P0340,259
S017,P0341,430
S017,P0342,330
S017,P0343,347
S017,P0344,92
S017,P0345,480
S017,P0346,470
S017,P0347,240
S017,P0348,82
S017,P0349,447
S017,P0350,294
S017,P0351,275
S017,P0352,126
S017,P0353,423
S017,P0354,459
S017,P0355,100
S017,P0356,373
S017,P0357,486
S017,P0358,429
S017,P0359,154
S017,P0360,454
S017,P0361,317
S017,P0362,366
S017,P0363,431
S017,P0364,206
S017,P0365,387
S017,P0366,306
S017,P0367,408
S017,P0368,185
S017,P0369,256
S017,P0370,226
S017,P0371,382
S017,P0372,92
S017,P0373,443
S017,P0374,104
S017,P0375,486
S017,P0376,253
S017,P0377,420
S017,P0378,66
S017,P0379,146
S017,P0380,285
S017,P0381,416
S017,P0382,118
S017,P0383,307
S017,P0384,152
S017,P0385,445
S017,P0386,225
S017,P0387,152
S017,P0388,345
S017,P0389,71
S017,P0390,406
S017,P0391,474
S017,P0392,203
S017,P0393,386
S017,P0394,452
S017,P0395,70
S017,P0396,230
S017,P0397,408
S017,P0398,53
S017,P0399,374
S017,P0400,181
S017,P0401,376
S017,P0402,263
S017,P0403,331
S017,P0404,449
S017,P0405,80
S017,P0406,243
S017,P0407,458
S017,P0408,288
S017,P0409,196
S017,P0410,405
S017,P0411,251
S017,P0412,83
S017,P0413,241
S017,P0414,469
S017,P0415,242
S017,P0416,102
S017,P0417,161
S017,P0418,153
S017,P0419,120
S017,P0420,497
S017,P0421,295
S017,P0422,282
S017,P0423,385
S017,P0424,334
S017,P0425,121
S017,P0426,141
S017,P0427,318
S017,P0428,330
S017,P0429,380
S017,P0430,300
S017,P0431,265
S017,P0432,226
S017,P0433,123
S017,P0434,94
S017,P0435,469
S017,P0436,379
S017,P0437,387
S017,P0438,462
S017,P0439,111
S017,P0440,144
S017,P0441,274
S017,P0442,372
S017,P0443,209
S017,P0444,215
S017,P0445,326
S017,P0446,193
S017,P0447,120
S017,P0448,294
S017,P0449,279
S017,P0450,149
S017,P0451,455
S017,P0452,78
S017,P0453,246
S017,P0454,382
S017,P0455,357
S017,P0456,281
S017,P0457,161
S017,P0458,190
S017,P0459,220
S017,P0460,283
S017,P0461,448
S017,P0462,117
S017,P0463,167
S017,P0464,412
S017,P0465,95
S017,P0466,168
S017,P0467,85
S017,P0468,212
S017,P0469,200
S017,P0470,490
S017,P0471,474
S017,P0472,167
S017,P0473,247
S017,P0474,221
S017,P0475,343
S017,P0476,143
S017,P0477,264
S017,P0478,345
S017,P0479,351
S017,P0480,74
S017,P0481,139
S017,P0482,122
S017,P0483,192
S017,P0484,406
S017,P0485,346
S017,P0486,333
S017,P0487,303
S017,P0488,209
S017,P0489,496
S017,P0490,284
S017,P0491,299
S017,P0492,224
S017,P0493,153
S017,P0494,472
S017,P0495,304
S017,P0496,460
S017,P0497,334
S017,P0498,269
S017,P0499,427
S017,P0500,405
S018,P0001,344
S018,P0002,105
S018,P0003,487
S018,P0004,92
S018,P0005,298
S018,P0006,395
S018,P0007,473
S018,P0008,242
S018,P0009,455
S018,P0010,321
S018,P0011,60
S018,P0012,306
S018,P0013,194
S018,P0014,419
S018,P0015,55
S018,P0016,126
S018,P0017,235
S018,P0018,172
S018,P0019,364
S018,P0020,268
S018,P0021,338
S018,P0022,385
S018,P0023,372
S018,P0024,204
S018,P0025,87
S018,P0026,351
S018,P0027,372
S018,P0028,429
S018,P0029,280
S018,P0030,86
S018,P0031,460
S018,P0032,498
S018,P0033,135
S018,P0034,130
S018,P0035,191
S018,P0036,162
S018,P0037,148
S018,P0038,307
S018,P0039,500
S018,P0040,242
S018,P0041,138
S018,P0042,83
S018,P0043,280
S018,P0044,223
S018,P0045,215
S018,P0046,434
S018,P0047,238
S018,P0048,121
S018,P0049,427
S018,P0050,207
S018,P0051,110
S018,P0052,171
S018,P0053,480
S018,P0054,191
S018,P0055,465
S018,P0056,112
S018,P0057,240
S018,P0058,186
S018,P0059,390
S018,P0060,165
S018,P0061,363
S018,P0062,150
S018,P0063,447
S018,P0064,86
S018,P0065,268
S018,P0066,259
S018,P0067,294
S018,P0068,286
S018,P0069,265
S018,P0070,219
S018,P0071,459
S018,P0072,283
S018,P0073,311
S018,P0074,258
S018,P0075,171
S018,P0076,88
S018,P0077,392
S018,P0078,160
S018,P0079,218
S018,P0080,441
S018,P0081,65
S018,P0082,371
S018,P0083,79
S018,P0084,366
S018,P0085,441
S018,P0086,322
S018,P0087,271
S018,P0088,271
S018,P0089,275
S018,P0090,493
S018,P0091,471
S018,P0092,247
S018,P0093,339
S018,P0094,448
S018,P0095,152
S018,P0096,283
S018,P0097,199
S018,P0098,184
S018,P0099,149
S018,P0100,117
S018,P0101,135
S018,P0102,227
S018,P0103,200
S018,P0104,258
S018,P0105,203
S018,P0106,180
S018,P0107,141
S018,P0108,261
S018,P0109,328
S018,P0110,416
S018,P0111,353
S018,P0112,191
S018,P0113,336
S018,P0114,357
S018,P0115,363
S018,P0116,294
S018,P0117,356
S018,P0118,444
S018,P0119,88
S018,P0120,469
S018,P0121,366
S018,P0122,130
S018,P0123,187
S018,P0124,237
S018,P0125,345
S018,P0126,432
S018,P0127,348
S018,P0128,393
S018,P0129,307
S018,P0130,306
S018,P0131,244
S018,P0132,129
S018,P0133,73
S018,P0134,459
S018,P0135,271
S018,P0136,367
S018,P0137,191
S018,P0138,489
S018,P0139,436
S018,P0140,438
S018,P0141,75
S018,P0142,471
S018,P0143,136
S018,P0144,195
S018,P0145,366
S018,P0146,415
S018,P0147,334
S018,P0148,289
S018,P0149,158
S018,P0150,150
S018,P0151,284
S018,P0152,451
S018,P0153,229
S018,P0154,82
S018,P0155,71
S018,P0156,114
S018,P0157,343
S018,P0158,496
S018,P0159,339
S018,P0160,326
S018,P0161,304
S018,P0162,175
S018,P0163,274
S018,P0164,434
S018,P0165,174
S018,P0166,304
S018,P0167,200
S018,P0168,141
S018,P0169,300
S018,P0170,167
S018,P0171,138
S018,P0172,289
S018,P0173,161
S018,P0174,189
S018,P0175,376
S018,P0176,313
S018,P0177,333
S018,P0178,221
S018,P0179,305
S018,P0180,403
S018,P0181,321
S018,P0182,121
S018,P0183,376
S018,P0184,450
S018,P0185,104
S018,P0186,143
S018,P0187,433
S018,P0188,230
S018,P0189,299
S018,P0190,109
S018,P0191,340
S018,P0192,434
S018,P0193,235
S018,P0194,383
S018,P0195,234
S018,P0196,335
S018,P0197,463
S018,P0198,365
S018,P0199,125
S018,P0200,493
S018,P0201,326
S018,P0202,240
S018,P0203,91
S018,P0204,390
S018,P0205,312
S018,P0206,409
S018,P0207,370
S018,P0208,265
S018,P0209,250
S018,P0210,419
S018,P0211,144
S018,P0212,119
S018,P0213,277
S018,P0214,108
S018,P0215,288
S018,P0216,362
S018,P0217,203
S018,P0218,210
S018,P0219,296
S018,P0220,66
S018,P0221,98
S018,P0222,322
S018,P0223,421
S018,P0224,223
S018,P0225,284
S018,P0226,314
S018,P0227,143
S018,P0228,279
S018,P0229,396
S018,P0230,490
S018,P0231,77
S018,P0232,209
S018,P0233,285
S018,P0234,249
S018,P0235,270
S018,P0236,464
S018,P0237,350
S018,P0238,307
S018,P0239,279
S018,P0240,174
S018,P0241,478
S018,P0242,403
S018,P0243,318
S018,P0244,426
S018,P0245,463
S018,P0246,233
S018,P0247,377
S018,P0248,212
S018,P0249,77
S018,P0250,474
S018,P0251,71
S018,P0252,161
S018,P0253,398
S018,P0254,381
S018,P0255,366
S018,P0256,408
S018,P0257,97
S018,P0258,373
S018,P0259,245
S018,P0260,355
S018,P0261,289
S018,P0262,150
S018,P0263,219
S018,P0264,326
S018,P0265,141
S018,P0266,399
S018,P0267,220
S018,P0268,342
S018,P0269,325
S018,P0270,415
S018,P0271,149
S018,P0272,81
S018,P0273,231
S018,P0274,159
S018,P0275,416
S018,P0276,95
S018,P0277,350
S018,P0278,177
S018,P0279,209
S018,P0280,418
S018,P0281,453
S018,P0282,166
S018,P0283,314
S018,P0284,323
S018,P0285,204
S018,P0286,164
S018,P0287,202
S018,P0288,467
S018,P0289,172
S018,P0290,175
S018,P0291,470
S018,P0292,408
S018,P0293,185
S018,P0294,246
S018,P0295,187
S018,P0296,478
S018,P0297,346
S018,P0298,477
S018,P0299,329
S018,P0300,419
S018,P0301,363
S018,P0302,314
S018,P0303,276
S018,P0304,105
S018,P0305,106
S018,P0306,339
S018,P0307,460
S018,P0308,457
S018,P0309,347
S018,P0310,246
S018,P0311,476
S018,P0312,192
S018,P0313,272
S018,P0314,414
S018,P0315,285
S018,P0316,118
S018,P0317,257
S018,P0318,348
S018,P0319,194
S018,P0320,65
S018,P0321,110
S018,P0322,82
S018,P0323,232
S018,P0324,299
S018,P0325,320
S018,P0326,360
S018,P0327,462
S018,P0328,111
S018,P0329,485
S018,P0330,207
S018,P0331,225
S018,P0332,297
S018,P0333,458
S018,P0334,173
S018,P0335,441
S018,P0336,272
S018,P0337,155
S018,P0338,57
S018,P0339,399
S018,P0340,98
S018,P0341,477
S018,P0342,307
S018,P0343,102
S018,P0344,94
S018,P0345,136
S018,P0346,249
S018,P0347,196
S018,P0348,55
S018,P0349,174
S018,P0350,178
S018,P0351,485
S018,P0352,451
S018,P0353,199
S018,P0354,102
S018,P0355,366
S018,P0356,451
S018,P0357,366
S018,P0358,222
S018,P0359,157
S018,P0360,69
S018,P0361,388
S018,P0362,261
S018,P0363,487
S018,P0364,204
S018,P0365,409
S018,P0366,485
S018,P0367,348
S018,P0368,496
S018,P0369,314
S018,P0370,171
S018,P0371,357
S018,P0372,104
S018,P0373,217
S018,P0374,321
S018,P0375,345
S018,P0376,204
S018,P0377,496
S018,P0378,168
S018,P0379,379
S018,P0380,296
S018,P0381,239
S018,P0382,415
S018,P0383,89
S018,P0384,200
S018,P0385,412
S018,P0386,154
S018,P0387,323
S018,P0388,174
S018,P0389,324
S018,P0390,375
S018,P0391,391
S018,P0392,431
S018,P0393,474
S018,P0394,483
S018,P0395,142
S018,P0396,323
S018,P0397,490
S018,P0398,324
S018,P0399,313
S018,P0400,437
S018,P0401,295
S018,P0402,403
S018,P0403,404
S018,P0404,298
S018,P0405,387
S018,P0406,249
S018,P0407,205
S018,P0408,451
S018,P0409,106
S018,P0410,250
S018,P0411,350
S018,P0412,429
S018,P0413,166
S018,P0414,76
S018,P0415,495
S018,P0416,483
S018,P0417,306
S018,P0418,73
S018,P0419,330
S018,P0420,479
S018,P0421,472
S018,P0422,460
S018,P0423,111
S018,P0424,283
S018,P0425,484
S018,P0426,186
S018,P0427,123
S018,P0428,205
S018,P0429,421
S018,P0430,193
S018,P0431,113
S018,P0432,468
S018,P0433,284
S018,P0434,391
S018,P0435,475
S018,P0436,161
S018,P0437,82
S018,P0438,357
S018,P0439,218
S018,P0440,485
S018,P0441,248
S018,P0442,204
S018,P0443,336
S018,P0444,309
S018,P0445,155
S018,P0446,53
S018,P0447,447
S018,P0448,376
S018,P0449,416
S018,P0450,426
S018,P0451,73
S018,P0452,400
S018,P0453,194
S018,P0454,336
S018,P0455,396
S018,P0456,227
S018,P0457,236
S018,P0458,410
S018,P0459,289
S018,P0460,372
S018,P0461,235
S018,P0462,343
S018,P0463,428
S018,P0464,357
S018,P0465,242
S018,P0466,448
S018,P0467,499
S018,P0468,119
S018,P0469,382
S018,P0470,218
S018,P0471,183
S018,P0472,361
S018,P0473,191
S018,P0474,72
S018,P0475,320
S018,P0476,303
S018,P0477,279
S018,P0478,144
S018,P0479,475
S018,P0480,161
S018,P0481,447
S018,P0482,202
S018,P0483,309
S018,P0484,437
S018,P0485,227
S018,P0486,342
S018,P0487,66
S018,P0488,404
S018,P0489,140
S018,P0490,129
S018,P0491,389
S018,P0492,264
S018,P0493,475
S018,P0494,279
S018,P0495,216
S018,P0496,460
S018,P0497,165
S018,P0498,254
S018,P0499,107
S018,P0500,386
S019,P0001,441
S019,P0002,497
S019,P0003,196
S019,P0004,195
S019,P0005,401
S019,P0006,414
S019,P0007,487
S019,P0008,484
S019,P0009,406
S019,P0010,363
S019,P0011,404
S019,P0012,307
S019,P0013,199
S019,P0014,157
S019,P0015,76
S019,P0016,423
S019,P0017,160
S019,P0018,497
S019,P0019,446
S019,P0020,471
S019,P0021,163
S019,P0022,127
S019,P0023,309
S019,P0024,388
S019,P0025,207
S019,P0026,141
S019,P0027,336
S019,P0028,369
S019,P0029,480
S019,P0030,344
S019,P0031,444
S019,P0032,482
S019,P0033,473
S019,P0034,237
S019,P0035,497
S019,P0036,94
S019,P0037,349
S019,P0038,315
S019,P0039,227
S019,P0040,215
S019,P0041,303
S019,P0042,422
S019,P0043,364
S019,P0044,481
S019,P0045,355
S019,P0046,316
S019,P0047,317
S019,P0048,277
S019,P0049,211
S019,P0050,447
S019,P0051,401
S019,P0052,307
S019,P0053,296
S019,P0054,384
S019,P0055,235
S019,P0056,194
S019,P0057,454
S019,P0058,97
S019,P0059,103
S019,P0060,249
S019,P0061,367
S019,P0062,154
S019,P0063,109
S019,P0064,404
S019,P0065,291
S019,P0066,298
S019,P0067,456
S019,P0068,111
S019,P0069,110
S019,P0070,432
S019,P0071,77
S019,P0072,228
S019,P0073,255
S019,P0074,95
S019,P0075,320
S019,P0076,179
S019,P0077,209
S019,P0078,233
S019,P0079,474
S019,P0080,440
S019,P0081,145
S019,P0082,380
S019,P0083,467
S019,P0084,475
S019,P0085,459
S019,P0086,325
S019,P0087,332
S019,P0088,375
S019,P0089,318
S019,P0090,158
S019,P0091,69
S019,P0092,364
S019,P0093,280
S019,P0094,268
S019,P0095,459
S019,P0096,195
S019,P0097,261
S019,P0098,260
S019,P0099,229
S019,P0100,106
S019,P0101,225
S019,P0102,471
S019,P0103,228
S019,P0104,200
S019,P0105,432
S019,P0106,435
S019,P0107,455
S019,P0108,201
S019,P0109,458
S019,P0110,500
S019,P0111,293
S019,P0112,207
S019,P0113,205
S019,P0114,399
S019,P0115,325
S019,P0116,348
S019,P0117,418
S019,P0118,358
S019,P0119,196
S019,P0120,380
S019,P0121,324
S019,P0122,130
S019,P0123,354
S019,P0124,489
S019,P0125,217
S019,P0126,86
S019,P0127,53
S019,P0128,425
S019,P0129,220
S019,P0130,403
S019,P0131,172
S019,P0132,228
S019,P0133,131
S019,P0134,353
S019,P0135,411
S019,P0136,366
S019,P0137,238
S019,P0138,488
S019,P0139,231
S019,P0140,173
S019,P0141,327
S019,P0142,148
S019,P0143,270
S019,P0144,486
S019,P0145,105
S019,P0146,144
S019,P0147,198
S019,P0148,125
S019,P0149,83
S019,P0150,474
S019,P0151,200
S019,P0152,278
S019,P0153,203
S019,P0154,360
S019,P0155,318
S019,P0156,487
S019,P0157,63
S019,P0158,326
S019,P0159,448
S019,P0160,91
S019,P0161,297
S019,P0162,259
S019,P0163,402
S019,P0164,382
S019,P0165,335
S019,P0166,234
S019,P0167,305
S019,P0168,375
S019,P0169,444
S019,P0170,406
S019,P0171,444
S019,P0172,231
S019,P0173,112
S019,P0174,391
S019,P0175,293
S019,P0176,400
S019,P0177,256
S019,P0178,350
S019,P0179,113
S019,P0180,294
S019,P0181,406
S019,P0182,337
S019,P0183,120
S019,P0184,435
S019,P0185,184
S019,P0186,442
S019,P0187,145
S019,P0188,106
S019,P0189,165
S019,P0190,177
S019,P0191,417
S019,P0192,82
S019,P0193,147
S019,P0194,427
S019,P0195,216
S019,P0196,81
S019,P0197,463
S019,P0198,277
S019,P0199,354
S019,P0200,424
S019,P0201,50
S019,P0202,398
S019,P0203,451
S019,P0204,429
S019,P0205,296
S019,P0206,125
S019,P0207,302
S019,P0208,489
S019,P0209,373
S019,P0210,438
S019,P0211,333
S019,P0212,224
S019,P0213,247
S019,P0214,304
S019,P0215,92
S019,P0216,141
S019,P0217,183
S019,P0218,418
S019,P0219,343
S019,P0220,436
S019,P0221,423
S019,P0222,328
S019,P0223,81
S019,P0224,119
S019,P0225,428
S019,P0226,480
S019,P0227,148
S019,P0228,404
S019,P0229,424
S019,P0230,172
S019,P0231,248
S019,P0232,266
S019,P0233,56
S019,P0234,286
S019,P0235,181
S019,P0236,159
S019,P0237,238
S019,P0238,454
S019,P0239,352
S019,P0240,287
S019,P0241,175
S019,P0242,247
S019,P0243,430
S019,P0244,268
S019,P0245,154
S019,P0246,482
S019,P0247,132
S019,P0248,362
S019,P0249,333
S019,P0250,431
S019,P0251,455
S019,P0252,96
S019,P0253,488
S019,P0254,187
S019,P0255,132
S019,P0256,188
S019,P0257,488
S019,P0258,377
S019,P0259,187
S019,P0260,367
S019,P0261,217
S019,P0262,375
S019,P0263,255
S019,P0264,53
S019,P0265,323
S019,P0266,480
S019,P0267,475
S019,P0268,109
S019,P0269,187
S019,P0270,296
S019,P0271,223
S019,P0272,98
S019,P0273,72
S019,P0274,132
S019,P0275,391
S019,P0276,299
S019,P0277,122
S019,P0278,193
S019,P0279,407
S019,P0280,479
S019,P0281,66
S019,P0282,50
S019,P0283,270
S019,P0284,449
S019,P0285,393
S019,P0286,233
S019,P0287,404
S019,P0288,190
S019,P0289,321
S019,P0290,428
S019,P0291,116
S019,P0292,237
S019,P0293,287
S019,P0294,481
S019,P0295,444
S019,P0296,103
S019,P0297,76
S019,P0298,299
S019,P0299,92
S019,P0300,422
S019,P0301,253
S019,P0302,394
S019,P0303,337
S019,P0304,385
S019,P0305,372
S019,P0306,265
S019,P0307,56
S019,P0308,479
S019,P0309,95
S019,P0310,361
S019,P0311,434
S019,P0312,193
S019,P0313,59
S019,P0314,66
S019,P0315,271
S019,P0316,68
S019,P0317,384
S019,P0318,379
S019,P0319,491
S019,P0320,96
S019,P0321,442
S019,P0322,385
S019,P0323,167
S019,P0324,202
S019,P0325,153
S019,P0326,377
S019,P0327,157
S019,P0328,448
S019,P0329,73
S019,P0330,132
S019,P0331,295
S019,P0332,317
S019,P0333,345
S019,P0334,86
S019,P0335,439
S019,P0336,75
S019,P0337,392
S019,P0338,443
S019,P0339,458
S019,P0340,210
S019,P0341,56
S019,P0342,375
S019,P0343,469
S019,P0344,114
S019,P0345,443
S019,P0346,94
S019,P0347,477
S019,P0348,388
S019,P0349,432
S019,P0350,347
S019,P0351,297
S019,P0352,289
S019,P0353,460
S019,P0354,212
S019,P0355,374
S019,P0356,217
S019,P0357,401
S019,P0358,202
S019,P0359,141
S019,P0360,428
S019,P0361,466
S019,P0362,297
S019,P0363,147
S019,P0364,496
S019,P0365,320
S019,P0366,293
S019,P0367,130
S019,P0368,480
S019,P0369,390
S019,P0370,311
S019,P0371,466
S019,P0372,395
S019,P0373,379
S019,P0374,73
S019,P0375,372
S019,P0376,298
S019,P0377,264
S019,P0378,145
S019,P0379,82
S019,P0380,240
S019,P0381,351
S019,P0382,220
S019,P0383,395
S019,P0384,334
S019,P0385,357
S019,P0386,51
S019,P0387,389
S019,P0388,490
S019,P0389,381
S019,P0390,475
S019,P0391,171
S019,P0392,476
S019,P0393,436
S019,P0394,60
S019,P0395,398
S019,P0396,287
S019,P0397,135
S019,P0398,283
S019,P0399,388
S019,P0400,384
S019,P0401,133
S019,P0402,162
S019,P0403,449
S019,P0404,236
S019,P0405,400
S019,P0406,404
S019,P0407,249
S019,P0408,225
S019,P0409,273
S019,P0410,487
S019,P0411,268
S019,P0412,54
S019,P0413,229
S019,P0414,332
S019,P0415,277
S019,P0416,211
S019,P0417,428
S019,P0418,361
S019,P0419,77
S019,P0420,309
S019,P0421,249
S019,P0422,120
S019,P0423,203
S019,P0424,106
S019,P0425,224
S019,P0426,260
S019,P0427,116
S019,P0428,362
S019,P0429,319
S019,P0430,324
S019,P0431,458
S019,P0432,139
S019,P0433,408
S019,P0434,81
S019,P0435,68
S019,P0436,464
S019,P0437,288
S019,P0438,189
S019,P0439,158
S019,P0440,334
S019,P0441,315
S019,P0442,69
S019,P0443,121
S019,P0444,78
S019,P0445,344
S019,P0446,362
S019,P0447,385
S019,P0448,171
S019,P0449,129
S019,P0450,412
S019,P0451,304
S019,P0452,353
S019,P0453,62
S019,P0454,385
S019,P0455,182
S019,P0456,236
S019,P0457,331
S019,P0458,75
S019,P0459,259
S019,P0460,419
S019,P0461,458
S019,P0462,488
S019,P0463,466
S019,P0464,211
S019,P0465,63
S019,P0466,473
S019,P0467,246
S019,P0468,156
S019,P0469,259
S019,P0470,495
S019,P0471,154
S019,P0472,264
S019,P0473,382
S019,P0474,188
S019,P0475,101
S019,P0476,441
S019,P0477,98
S019,P0478,401
S019,P0479,414
S019,P0480,387
S019,P0481,311
S019,P0482,158
S019,P0483,227
S019,P0484,106
S019,P0485,366
S019,P0486,245
S019,P0487,412
S019,P0488,302
S019,P0489,173
S019,P0490,233
S019,P0491,430
S019,P0492,444
S019,P0493,139
S019,P0494,147
S019,P0495,313
S019,P0496,64
S019,P0497,199
S019,P0498,451
S019,P0499,333
S019,P0500,109
S020,P0001,213
S020,P0002,492
S020,P0003,249
S020,P0004,277
S020,P0005,241
S020,P0006,139
S020,P0007,341
S020,P0008,269
S020,P0009,225
S020,P0010,283
S020,P0011,405
S020,P0012,396
S020,P0013,441
S020,P0014,128
S020,P0015,209
S020,P0016,325
S020,P0017,180
S020,P0018,234
S020,P0019,487
S020,P0020,116
S020,P0021,121
S020,P0022,407
S020,P0023,67
S020,P0024,383
S020,P0025,308
S020,P0026,426
S020,P0027,113
S020,P0028,169
S020,P0029,339
S020,P0030,385
S020,P0031,379
S020,P0032,490
S020,P0033,217
S020,P0034,394
S020,P0035,160
S020,P0036,138
S020,P0037,360
S020,P0038,113
S020,P0039,134
S020,P0040,193
S020,P0041,238
S020,P0042,166
S020,P0043,250
S020,P0044,217
S020,P0045,456
S020,P0046,203
S020,P0047,324
S020,P0048,69
S020,P0049,60
S020,P0050,455
S020,P0051,135
S020,P0052,96
S020,P0053,145
S020,P0054,475
S020,P0055,105
S020,P0056,289
S020,P0057,209
S020,P0058,150
S020,P0059,401
S020,P0060,307
S020,P0061,391
S020,P0062,267
S020,P0063,265
S020,P0064,248
S020,P0065,234
S020,P0066,348
S020,P0067,275
S020,P0068,462
S020,P0069,289
S020,P0070,424
S020,P0071,489
S020,P0072,244
S020,P0073,435
S020,P0074,119
S020,P0075,474
S020,P0076,319
S020,P0077,387
S020,P0078,321
S020,P0079,78
S020,P0080,326
S020,P0081,352
S020,P0082,260
S020,P0083,169
S020,P0084,481
S020,P0085,58
S020,P0086,309
S020,P0087,369
S020,P0088,249
S020,P0089,441
S020,P0090,280
S020,P0091,337
S020,P0092,194
S020,P0093,188
S020,P0094,355
S020,P0095,73
S020,P0096,447
S020,P0097,445
S020,P0098,306
S020,P0099,431
S020,P0100,90
S020,P0101,494
S020,P0102,328
S020,P0103,460
S020,P0104,453
S020,P0105,281
S020,P0106,493
S020,P0107,213
S020,P0108,270
S020,P0109,439
S020,P0110,207
S020,P0111,66
S020,P0112,430
S020,P0113,221
S020,P0114,100
S020,P0115,208
S020,P0116,390
S020,P0117,327
S020,P0118,212
S020,P0119,396
S020,P0120,80
S020,P0121,169
S020,P0122,189
S020,P0123,82
S020,P0124,274
S020,P0125,313
S020,P0126,200
S020,P0127,448
S020,P0128,109
S020,P0129,184
S020,P0130,312
S020,P0131,414
S020,P0132,291
S020,P0133,205
S020,P0134,472
S020,P0135,222
S020,P0136,343
S020,P0137,454
S020,P0138,417
S020,P0139,290
S020,P0140,180
S020,P0141,173
S020,P0142,102
S020,P0143,101
S020,P0144,137
S020,P0145,320
S020,P0146,145
S020,P0147,354
S020,P0148,352
S020,P0149,91
S020,P0150,201
S020,P0151,171
S020,P0152,441
S020,P0153,417
S020,P0154,203
S020,P0155,358
S020,P0156,374
S020,P0157,366
S020,P0158,451
S020,P0159,55
S020,P0160,198
S020,P0161,355
S020,P0162,120
S020,P0163,464
S020,P0164,89
S020,P0165,138
S020,P0166,248
S020,P0167,192
S020,P0168,151
S020,P0169,54
S020,P0170,484
S020,P0171,421
S020,P0172,221
S020,P0173,490
S020,P0174,427
S020,P0175,486
S020,P0176,113
S020,P0177,476
S020,P0178,458
S020,P0179,92
S020,P0180,152
S020,P0181,93
S020,P0182,339
S020,P0183,245
S020,P0184,473
S020,P0185,300
S020,P0186,269
S020,P0187,408
S020,P0188,473
S020,P0189,315
S020,P0190,62
S020,P0191,307
S020,P0192,305
S020,P0193,178
S020,P0194,134
S020,P0195,386
S020,P0196,204
S020,P0197,377
S020,P0198,338
S020,P0199,454
S020,P0200,101
S020,P0201,390
S020,P0202,473
S020,P0203,148
S020,P0204,385
S020,P0205,191
S020,P0206,212
S020,P0207,425
S020,P0208,301
S020,P0209,384
S020,P0210,111
S020,P0211,116
S020,P0212,122
S020,P0213,465
S020,P0214,477
S020,P0215,148
S020,P0216,397
S020,P0217,226
S020,P0218,345
S020,P0219,82
S020,P0220,414
S020,P0221,181
S020,P0222,438
S020,P0223,420
S020,P0224,385
S020,P0225,454
S020,P0226,408
S020,P0227,338
S020,P0228,475
S020,P0229,307
S020,P0230,343
S020,P0231,305
S020,P0232,228
S020,P0233,436
S020,P0234,73
S020,P0235,484
S020,P0236,333
S020,P0237,148
S020,P0238,499
S020,P0239,246
S020,P0240,432
S020,P0241,393
S020,P0242,357
S020,P0243,290
S020,P0244,68
S020,P0245,143
S020,P0246,405
S020,P0247,192
S020,P0248,89
S020,P0249,168
S020,P0250,87
S020,P0251,362
S020,P0252,61
S020,P0253,353
S020,P0254,460
S020,P0255,367
S020,P0256,77
S020,P0257,245
S020,P0258,81
S020,P0259,453
S020,P0260,452
S020,P0261,411
S020,P0262,130
S020,P0263,131
S020,P0264,415
S020,P0265,338
S020,P0266,143
S020,P0267,500
S020,P0268,452
S020,P0269,261
S020,P0270,262
S020,P0271,297
S020,P0272,273
S020,P0273,442
S020,P0274,485
S020,P0275,311
S020,P0276,457
S020,P0277,100
S020,P0278,482
S020,P0279,199
S020,P0280,255
S020,P0281,64
S020,P0282,124
S020,P0283,270
S020,P0284,219
S020,P0285,165
S020,P0286,459
S020,P0287,309
S020,P0288,303
S020,P0289,220
S020,P0290,411
S020,P0291,229
S020,P0292,156
S020,P0293,468
S020,P0294,116
S020,P0295,350
S020,P0296,416
S020,P0297,177
S020,P0298,268
S020,P0299,390
S020,P0300,480
S020,P0301,89
S020,P0302,99
S020,P0303,150
S020,P0304,456
S020,P0305,203
S020,P0306,96
S020,P0307,322
S020,P0308,293
S020,P0309,317
S020,P0310,242
S020,P0311,149
S020,P0312,357
S020,P0313,261
S020,P0314,79
S020,P0315,84
S020,P0316,339
S020,P0317,59
S020,P0318,115
S020,P0319,483
S020,P0320,434
S020,P0321,373
S020,P0322,118
S020,P0323,331
S020,P0324,279
S020,P0325,226
S020,P0326,374
S020,P0327,400
S020,P0328,313
S020,P0329,276
S020,P0330,292
S020,P0331,275
S020,P0332,174
S020,P0333,219
S020,P0334,491
S020,P0335,366
S020,P0336,495
S020,P0337,350
S020,P0338,386
S020,P0339,170
S020,P0340,129
S020,P0341,219
S020,P0342,228
S020,P0343,259
S020,P0344,472
S020,P0345,310
S020,P0346,319
S020,P0347,416
S020,P0348,145
S020,P0349,404
S020,P0350,364
S020,P0351,56
S020,P0352,420
S020,P0353,500
S020,P0354,153
S020,P0355,443
S020,P0356,426
S020,P0357,208
S020,P0358,120
S020,P0359,214
S020,P0360,350
S020,P0361,166
S020,P0362,196
S020,P0363,369
S020,P0364,98
S020,P0365,221
S020,P0366,400
S020,P0367,491
S020,P0368,308
S020,P0369,327
S020,P0370,150
S020,P0371,366
S020,P0372,459
S020,P0373,103
S020,P0374,75
S020,P0375,402
S020,P0376,104
S020,P0377,80
S020,P0378,102
S020,P0379,155
S020,P0380,380
S020,P0381,385
S020,P0382,63
S020,P0383,133
S020,P0384,370
S020,P0385,470
S020,P0386,437
S020,P0387,495
S020,P0388,388
S020,P0389,251
S020,P0390,136
S020,P0391,107
S020,P0392,393
S020,P0393,139
S020,P0394,170
S020,P0395,140
S020,P0396,77
S020,P0397,76
S020,P0398,340
S020,P0399,183
S020,P0400,366
S020,P0401,131
S020,P0402,286
S020,P0403,135
S020,P0404,453
S020,P0405,449
S020,P0406,65
S020,P0407,418
S020,P0408,111
S020,P0409,174
S020,P0410,420
S020,P0411,226
S020,P0412,163
S020,P0413,176
S020,P0414,210
S020,P0415,467
S020,P0416,430
S020,P0417,176
S020,P0418,499
S020,P0419,225
S020,P0420,321
S020,P0421,388
S020,P0422,133
S020,P0423,439
S020,P0424,222
S020,P0425,54
S020,P0426,358
S020,P0427,470
S020,P0428,193
S020,P0429,176
S020,P0430,288
S020,P0431,124
S020,P0432,475
S020,P0433,270
S020,P0434,351
S020,P0435,430
S020,P0436,51
S020,P0437,94
S020,P0438,268
S020,P0439,455
S020,P0440,415
S020,P0441,200
S020,P0442,444
S020,P0443,97
S020,P0444,470
S020,P0445,381
S020,P0446,139
S020,P0447,162
S020,P0448,70
S020,P0449,440
S020,P0450,447
S020,P0451,156
S020,P0452,259
S020,P0453,429
S020,P0454,59
S020,P0455,68
S020,P0456,448
S020,P0457,56
S020,P0458,431
S020,P0459,404
S020,P0460,243
S020,P0461,171
S020,P0462,216
S020,P0463,274
S020,P0464,136
S020,P0465,89
S020,P0466,91
S020,P0467,432
S020,P0468,395
S020,P0469,220
S020,P0470,445
S020,P0471,136
S020,P0472,413
S020,P0473,424
S020,P0474,130
S020,P0475,206
S020,P0476,141
S020,P0477,373
S020,P0478,492
S020,P0479,50
S020,P0480,276
S020,P0481,216
S020,P0482,62
S020,P0483,257
S020,P0484,368
S020,P0485,471
S020,P0486,297
S020,P0487,123
S020,P0488,110
S020,P0489,212
S020,P0490,274
S020,P0491,183
S020,P0492,91
S020,P0493,303
S020,P0494,215
S020,P0495,460
S020,P0496,315
S020,P0497,412
S020,P0498,308
S020,P0499,84
S020,P0500,404
